This is XeTeX, Version 3.141592653-2.6-0.999994 (TeX Live 2022) (preloaded format=xelatex 2023.3.12)  15 AUG 2025 14:44
entering extended mode
 restricted \write18 enabled.
 %&-line parsing enabled.
**bookdown.tex
(./bookdown.tex
LaTeX2e <2021-11-15> patch level 1
L3 programming layer <2022-02-24> (./krantz.cls
Document Class: krantz 2005/09/16 v1.4f Standard LaTeX document class
(/usr/local/texlive/2022/texmf-dist/tex/latex/base/bk10.clo
File: bk10.clo 2021/10/04 v1.4n Standard LaTeX file (size option)
)
\trimheight=\dimen138
\trimwidth=\dimen139
\normaltextheight=\dimen140
\tempa=\dimen141
\tempdimen=\dimen142
\htrim=\dimen143
\vtrimtop=\dimen144
\vtrimbot=\dimen145
\ul@box=\box50
\ur@box=\box51
\ll@box=\box52
\lr@box=\box53
\@cipboxa=\box54
\@cipboxb=\box55
\@ciprulewidth=\dimen146
\c@part=\count181
\c@chapter=\count182
\c@section=\count183
\c@subsection=\count184
\c@subsubsection=\count185
\c@paragraph=\count186
\c@subparagraph=\count187
\secwd=\dimen147
\subsecwd=\dimen148
\subsubsecwd=\dimen149
\c@figure=\count188
\c@table=\count189
\abovecaptionskip=\skip47
\belowcaptionskip=\skip48
\c@numauthors=\count190
\section@toc@skip=\skip49
\SectionTOCWidth=\skip50
\subsection@toc@skip=\skip51
\SubSectionTOCWidth=\skip52
\subsubsection@toc@skip=\skip53
\SubSubSectionTOCWidth=\skip54
\paragraph@toc@skip=\skip55
\ParagraphTOCWidth=\skip56
\subparagraph@toc@skip=\skip57
\@AUonebox=\box56
\@AUtwobox=\box57
\@AUthreebox=\box58
\@AUfourbox=\box59
\@AUaffonebox=\box60
\@AUafftwobox=\box61
\@AUaffthreebox=\box62
\@AUafffourbox=\box63
\@finalAUboxfromone=\box64
\@finalAUboxfromtwo=\box65
\@finalAUboxfromthree=\box66
\@finalAUboxfromfour=\box67
\c@chaptocdepth=\count191
\bibindent=\dimen150
\tempbox=\box68
\nomenwidth=\dimen151
\@tablebox=\box69
\@tabletitlebox=\box70
\@tablewidth=\dimen152
\@tabletitlewidth=\dimen153
\max@tablewidth=\dimen154
\tempbox=\box71
\tempdimen=\dimen155
\tempbox=\box72
\notewidth=\dimen156
\wherebox=\box73
\wherewidth=\dimen157
\listtextleftmargin=\skip58
\listtextleftmarginii=\skip59
\listtextleftmarginiii=\skip60
\listtextrightmargin=\skip61
\listlabelleftskip=\skip62
\listlabelleftskipii=\skip63
\listlabelleftskipiii=\skip64
\abovelistskipi=\skip65
\belowlistskipi=\skip66
\abovelistskipii=\skip67
\belowlistskipii=\skip68
\abovelistskipiii=\skip69
\belowlistskipiii=\skip70
\labelsepi=\skip71
\labelsepii=\skip72
\labelsepiii=\skip73
\itemsepi=\skip74
\itemsepii=\skip75
\itemsepiii=\skip76
\enumdimwd=\dimen158
\enumdim=\dimen159
\concolwidth=\dimen160
\stempbox=\box74
) (/usr/local/texlive/2022/texmf-dist/tex/latex/amsmath/amsmath.sty
Package: amsmath 2021/10/15 v2.17l AMS math features
\@mathmargin=\skip77
For additional information on amsmath, use the `?' option.
(/usr/local/texlive/2022/texmf-dist/tex/latex/amsmath/amstext.sty
Package: amstext 2021/08/26 v2.01 AMS text
(/usr/local/texlive/2022/texmf-dist/tex/latex/amsmath/amsgen.sty
File: amsgen.sty 1999/11/30 v2.0 generic functions
\@emptytoks=\toks16
\ex@=\dimen161
)) (/usr/local/texlive/2022/texmf-dist/tex/latex/amsmath/amsbsy.sty
Package: amsbsy 1999/11/29 v1.2d Bold Symbols
\pmbraise@=\dimen162
) (/usr/local/texlive/2022/texmf-dist/tex/latex/amsmath/amsopn.sty
Package: amsopn 2021/08/26 v2.02 operator names
)
\inf@bad=\count192
LaTeX Info: Redefining \frac on input line 234.
\uproot@=\count193
\leftroot@=\count194
LaTeX Info: Redefining \overline on input line 399.
\classnum@=\count195
\DOTSCASE@=\count196
LaTeX Info: Redefining \ldots on input line 496.
LaTeX Info: Redefining \dots on input line 499.
LaTeX Info: Redefining \cdots on input line 620.
\Mathstrutbox@=\box75
\strutbox@=\box76
\big@size=\dimen163
LaTeX Font Info:    Redeclaring font encoding OML on input line 743.
LaTeX Font Info:    Redeclaring font encoding OMS on input line 744.
\macc@depth=\count197
\c@MaxMatrixCols=\count198
\dotsspace@=\muskip16
\c@parentequation=\count199
\dspbrk@lvl=\count266
\tag@help=\toks17
\row@=\count267
\column@=\count268
\maxfields@=\count269
\andhelp@=\toks18
\eqnshift@=\dimen164
\alignsep@=\dimen165
\tagshift@=\dimen166
\tagwidth@=\dimen167
\totwidth@=\dimen168
\lineht@=\dimen169
\@envbody=\toks19
\multlinegap=\skip78
\multlinetaggap=\skip79
\mathdisplay@stack=\toks20
LaTeX Info: Redefining \[ on input line 2938.
LaTeX Info: Redefining \] on input line 2939.
) (/usr/local/texlive/2022/texmf-dist/tex/latex/amsfonts/amssymb.sty
Package: amssymb 2013/01/14 v3.01 AMS font symbols
(/usr/local/texlive/2022/texmf-dist/tex/latex/amsfonts/amsfonts.sty
Package: amsfonts 2013/01/14 v3.01 Basic AMSFonts support
\symAMSa=\mathgroup4
\symAMSb=\mathgroup5
LaTeX Font Info:    Redeclaring math symbol \hbar on input line 98.
LaTeX Font Info:    Overwriting math alphabet `\mathfrak' in version `bold'
(Font)                  U/euf/m/n --> U/euf/b/n on input line 106.
)) (/usr/local/texlive/2022/texmf-dist/tex/generic/iftex/iftex.sty
Package: iftex 2022/02/03 v1.0f TeX engine tests
) (/usr/local/texlive/2022/texmf-dist/tex/latex/unicode-math/unicode-math.sty (
/usr/local/texlive/2022/texmf-dist/tex/latex/l3kernel/expl3.sty
Package: expl3 2022-02-24 L3 programming layer (loader) 
(/usr/local/texlive/2022/texmf-dist/tex/latex/l3backend/l3backend-xetex.def
File: l3backend-xetex.def 2022-02-07 L3 backend support: XeTeX
(|extractbb --version)
\c__kernel_sys_dvipdfmx_version_int=\count270
\l__color_backend_stack_int=\count271
\g__color_backend_stack_int=\count272
\g__graphics_track_int=\count273
\l__pdf_internal_box=\box77
\g__pdf_backend_object_int=\count274
\g__pdf_backend_annotation_int=\count275
\g__pdf_backend_link_int=\count276
))
Package: unicode-math 2020/01/31 v0.8q Unicode maths in XeLaTeX and LuaLaTeX

(/usr/local/texlive/2022/texmf-dist/tex/latex/unicode-math/unicode-math-xetex.s
ty
Package: unicode-math-xetex 2020/01/31 v0.8q Unicode maths in XeLaTeX and LuaLa
TeX
(/usr/local/texlive/2022/texmf-dist/tex/latex/l3packages/xparse/xparse.sty
Package: xparse 2022-01-12 L3 Experimental document command parser
) (/usr/local/texlive/2022/texmf-dist/tex/latex/l3packages/l3keys2e/l3keys2e.st
y
Package: l3keys2e 2022-01-12 LaTeX2e option processing using LaTeX3 keys
) (/usr/local/texlive/2022/texmf-dist/tex/latex/fontspec/fontspec.sty
Package: fontspec 2022/01/15 v2.8a Font selection for XeLaTeX and LuaLaTeX
(/usr/local/texlive/2022/texmf-dist/tex/latex/fontspec/fontspec-xetex.sty
Package: fontspec-xetex 2022/01/15 v2.8a Font selection for XeLaTeX and LuaLaTe
X
\l__fontspec_script_int=\count277
\l__fontspec_language_int=\count278
\l__fontspec_strnum_int=\count279
\l__fontspec_tmp_int=\count280
\l__fontspec_tmpa_int=\count281
\l__fontspec_tmpb_int=\count282
\l__fontspec_tmpc_int=\count283
\l__fontspec_em_int=\count284
\l__fontspec_emdef_int=\count285
\l__fontspec_strong_int=\count286
\l__fontspec_strongdef_int=\count287
\l__fontspec_tmpa_dim=\dimen170
\l__fontspec_tmpb_dim=\dimen171
\l__fontspec_tmpc_dim=\dimen172
(/usr/local/texlive/2022/texmf-dist/tex/latex/base/fontenc.sty
Package: fontenc 2021/04/29 v2.0v Standard LaTeX package
) (/usr/local/texlive/2022/texmf-dist/tex/latex/fontspec/fontspec.cfg))) (/usr/
local/texlive/2022/texmf-dist/tex/latex/base/fix-cm.sty
Package: fix-cm 2020/11/24 v1.1t fixes to LaTeX
(/usr/local/texlive/2022/texmf-dist/tex/latex/base/ts1enc.def
File: ts1enc.def 2001/06/05 v3.0e (jk/car/fm) Standard LaTeX file
LaTeX Font Info:    Redeclaring font encoding TS1 on input line 47.
))
\g__um_fam_int=\count288
\g__um_fonts_used_int=\count289
\l__um_primecount_int=\count290
\g__um_primekern_muskip=\muskip17

(/usr/local/texlive/2022/texmf-dist/tex/latex/unicode-math/unicode-math-table.t
ex))) (/usr/local/texlive/2022/texmf-dist/tex/latex/lm/lmodern.sty
Package: lmodern 2015/05/01 v1.6.1 Latin Modern Fonts
LaTeX Font Info:    Overwriting symbol font `operators' in version `normal'
(Font)                  OT1/cmr/m/n --> OT1/lmr/m/n on input line 22.
LaTeX Font Info:    Overwriting symbol font `letters' in version `normal'
(Font)                  OML/cmm/m/it --> OML/lmm/m/it on input line 23.
LaTeX Font Info:    Overwriting symbol font `symbols' in version `normal'
(Font)                  OMS/cmsy/m/n --> OMS/lmsy/m/n on input line 24.
LaTeX Font Info:    Overwriting symbol font `largesymbols' in version `normal'
(Font)                  OMX/cmex/m/n --> OMX/lmex/m/n on input line 25.
LaTeX Font Info:    Overwriting symbol font `operators' in version `bold'
(Font)                  OT1/cmr/bx/n --> OT1/lmr/bx/n on input line 26.
LaTeX Font Info:    Overwriting symbol font `letters' in version `bold'
(Font)                  OML/cmm/b/it --> OML/lmm/b/it on input line 27.
LaTeX Font Info:    Overwriting symbol font `symbols' in version `bold'
(Font)                  OMS/cmsy/b/n --> OMS/lmsy/b/n on input line 28.
LaTeX Font Info:    Overwriting symbol font `largesymbols' in version `bold'
(Font)                  OMX/cmex/m/n --> OMX/lmex/m/n on input line 29.
LaTeX Font Info:    Overwriting math alphabet `\mathbf' in version `normal'
(Font)                  OT1/cmr/bx/n --> OT1/lmr/bx/n on input line 31.
LaTeX Font Info:    Overwriting math alphabet `\mathsf' in version `normal'
(Font)                  OT1/cmss/m/n --> OT1/lmss/m/n on input line 32.
LaTeX Font Info:    Overwriting math alphabet `\mathit' in version `normal'
(Font)                  OT1/cmr/m/it --> OT1/lmr/m/it on input line 33.
LaTeX Font Info:    Overwriting math alphabet `\mathtt' in version `normal'
(Font)                  OT1/cmtt/m/n --> OT1/lmtt/m/n on input line 34.
LaTeX Font Info:    Overwriting math alphabet `\mathbf' in version `bold'
(Font)                  OT1/cmr/bx/n --> OT1/lmr/bx/n on input line 35.
LaTeX Font Info:    Overwriting math alphabet `\mathsf' in version `bold'
(Font)                  OT1/cmss/bx/n --> OT1/lmss/bx/n on input line 36.
LaTeX Font Info:    Overwriting math alphabet `\mathit' in version `bold'
(Font)                  OT1/cmr/bx/it --> OT1/lmr/bx/it on input line 37.
LaTeX Font Info:    Overwriting math alphabet `\mathtt' in version `bold'
(Font)                  OT1/cmtt/m/n --> OT1/lmtt/m/n on input line 38.
) (/usr/local/texlive/2022/texmf-dist/tex/latex/upquote/upquote.sty
Package: upquote 2012/04/19 v1.3 upright-quote and grave-accent glyphs in verba
tim
(/usr/local/texlive/2022/texmf-dist/tex/latex/base/textcomp.sty
Package: textcomp 2020/02/02 v2.0n Standard LaTeX package
)) (/usr/local/texlive/2022/texmf-dist/tex/latex/microtype/microtype.sty
Package: microtype 2022/03/14 v3.0d Micro-typographical refinements (RS)
(/usr/local/texlive/2022/texmf-dist/tex/latex/graphics/keyval.sty
Package: keyval 2014/10/28 v1.15 key=value parser (DPC)
\KV@toks@=\toks21
) (/usr/local/texlive/2022/texmf-dist/tex/latex/etoolbox/etoolbox.sty
Package: etoolbox 2020/10/05 v2.5k e-TeX tools for LaTeX (JAW)
\etb@tempcnta=\count291
)
\MT@toks=\toks22
\MT@tempbox=\box78
\MT@count=\count292
LaTeX Info: Redefining \noprotrusionifhmode on input line 1027.
LaTeX Info: Redefining \leftprotrusion on input line 1028.
LaTeX Info: Redefining \rightprotrusion on input line 1036.
LaTeX Info: Redefining \textls on input line 1195.
\MT@outer@kern=\dimen173
LaTeX Info: Redefining \textmicrotypecontext on input line 1781.
\MT@listname@count=\count293
(/usr/local/texlive/2022/texmf-dist/tex/latex/microtype/microtype-xetex.def
File: microtype-xetex.def 2022/03/14 v3.0d Definitions specific to xetex (RS)
LaTeX Info: Redefining \lsstyle on input line 236.
)
Package microtype Info: Loading configuration file microtype.cfg.
(/usr/local/texlive/2022/texmf-dist/tex/latex/microtype/microtype.cfg
File: microtype.cfg 2022/03/14 v3.0d microtype main configuration file (RS)
)) (/usr/local/texlive/2022/texmf-dist/tex/latex/parskip/parskip.sty
Package: parskip 2021-03-14 v2.0h non-zero parskip adjustments
(/usr/local/texlive/2022/texmf-dist/tex/latex/kvoptions/kvoptions.sty
Package: kvoptions 2020-10-07 v3.14 Key value format for package options (HO)
(/usr/local/texlive/2022/texmf-dist/tex/generic/ltxcmds/ltxcmds.sty
Package: ltxcmds 2020-05-10 v1.25 LaTeX kernel commands for general use (HO)
) (/usr/local/texlive/2022/texmf-dist/tex/generic/kvsetkeys/kvsetkeys.sty
Package: kvsetkeys 2019/12/15 v1.18 Key value parser (HO)
))) (/usr/local/texlive/2022/texmf-dist/tex/latex/xcolor/xcolor.sty
Package: xcolor 2021/10/31 v2.13 LaTeX color extensions (UK)
(/usr/local/texlive/2022/texmf-dist/tex/latex/graphics-cfg/color.cfg
File: color.cfg 2016/01/02 v1.6 sample color configuration
)
Package xcolor Info: Driver file: xetex.def on input line 227.
(/usr/local/texlive/2022/texmf-dist/tex/latex/graphics-def/xetex.def
File: xetex.def 2021/03/18 v5.0k Graphics/color driver for xetex
)
Package xcolor Info: Model `cmy' substituted by `cmy0' on input line 1352.
Package xcolor Info: Model `RGB' extended on input line 1368.
Package xcolor Info: Model `HTML' substituted by `rgb' on input line 1370.
Package xcolor Info: Model `Hsb' substituted by `hsb' on input line 1371.
Package xcolor Info: Model `tHsb' substituted by `hsb' on input line 1372.
Package xcolor Info: Model `HSB' substituted by `hsb' on input line 1373.
Package xcolor Info: Model `Gray' substituted by `gray' on input line 1374.
Package xcolor Info: Model `wave' substituted by `hsb' on input line 1375.
(/usr/local/texlive/2022/texmf-dist/tex/latex/graphics/dvipsnam.def
File: dvipsnam.def 2016/06/17 v3.0m Driver-dependent file (DPC,SPQR)
) (/usr/local/texlive/2022/texmf-dist/tex/latex/xcolor/svgnam.def
File: svgnam.def 2021/10/31 v2.13 Predefined colors according to SVG 1.1 (UK)
) (/usr/local/texlive/2022/texmf-dist/tex/latex/xcolor/x11nam.def
File: x11nam.def 2021/10/31 v2.13 Predefined colors according to Unix/X11 (UK)
)) (/usr/local/texlive/2022/texmf-dist/tex/latex/fancyvrb/fancyvrb.sty
Package: fancyvrb 2021/12/21 4.1b verbatim text (tvz,hv)
\FV@CodeLineNo=\count294
\FV@InFile=\read2
\FV@TabBox=\box79
\c@FancyVerbLine=\count295
\FV@StepNumber=\count296
\FV@OutFile=\write3
) (/usr/local/texlive/2022/texmf-dist/tex/latex/framed/framed.sty
Package: framed 2011/10/22 v 0.96: framed or shaded text with page breaks
\OuterFrameSep=\skip80
\fb@frw=\dimen174
\fb@frh=\dimen175
\FrameRule=\dimen176
\FrameSep=\dimen177
) (/usr/local/texlive/2022/texmf-dist/tex/latex/tools/longtable.sty
Package: longtable 2021-09-01 v4.17 Multi-page Table package (DPC)
\LTleft=\skip81
\LTright=\skip82
\LTpre=\skip83
\LTpost=\skip84
\LTchunksize=\count297
\LTcapwidth=\dimen178
\LT@head=\box80
\LT@firsthead=\box81
\LT@foot=\box82
\LT@lastfoot=\box83
\LT@gbox=\box84
\LT@cols=\count298
\LT@rows=\count299
\c@LT@tables=\count300
\c@LT@chunks=\count301
\LT@p@ftn=\toks23
) (/usr/local/texlive/2022/texmf-dist/tex/latex/booktabs/booktabs.sty
Package: booktabs 2020/01/12 v1.61803398 Publication quality tables
\heavyrulewidth=\dimen179
\lightrulewidth=\dimen180
\cmidrulewidth=\dimen181
\belowrulesep=\dimen182
\belowbottomsep=\dimen183
\aboverulesep=\dimen184
\abovetopsep=\dimen185
\cmidrulesep=\dimen186
\cmidrulekern=\dimen187
\defaultaddspace=\dimen188
\@cmidla=\count302
\@cmidlb=\count303
\@aboverulesep=\dimen189
\@belowrulesep=\dimen190
\@thisruleclass=\count304
\@lastruleclass=\count305
\@thisrulewidth=\dimen191
) (/usr/local/texlive/2022/texmf-dist/tex/latex/tools/array.sty
Package: array 2021/10/04 v2.5f Tabular extension package (FMi)
\col@sep=\dimen192
\ar@mcellbox=\box85
\extrarowheight=\dimen193
\NC@list=\toks24
\extratabsurround=\skip85
\backup@length=\skip86
\ar@cellbox=\box86
) (/usr/local/texlive/2022/texmf-dist/tex/latex/tools/calc.sty
Package: calc 2017/05/25 v4.3 Infix arithmetic (KKT,FJ)
\calc@Acount=\count306
\calc@Bcount=\count307
\calc@Adimen=\dimen194
\calc@Bdimen=\dimen195
\calc@Askip=\skip87
\calc@Bskip=\skip88
LaTeX Info: Redefining \setlength on input line 80.
LaTeX Info: Redefining \addtolength on input line 81.
\calc@Ccount=\count308
\calc@Cskip=\skip89
) (/usr/local/texlive/2022/texmf-dist/tex/latex/footnotehyper/footnotehyper.sty
Package: footnotehyper 2021/08/13 v1.1e hyperref aware footnote.sty (JFB)
\FNH@notes=\box87
\FNH@width=\dimen196
\FNH@toks=\toks25
) (/usr/local/texlive/2022/texmf-dist/tex/latex/graphics/graphicx.sty
Package: graphicx 2021/09/16 v1.2d Enhanced LaTeX Graphics (DPC,SPQR)
(/usr/local/texlive/2022/texmf-dist/tex/latex/graphics/graphics.sty
Package: graphics 2021/03/04 v1.4d Standard LaTeX Graphics (DPC,SPQR)
(/usr/local/texlive/2022/texmf-dist/tex/latex/graphics/trig.sty
Package: trig 2021/08/11 v1.11 sin cos tan (DPC)
) (/usr/local/texlive/2022/texmf-dist/tex/latex/graphics-cfg/graphics.cfg
File: graphics.cfg 2016/06/04 v1.11 sample graphics configuration
)
Package graphics Info: Driver file: xetex.def on input line 107.
)
\Gin@req@height=\dimen197
\Gin@req@width=\dimen198
) (/usr/local/texlive/2022/texmf-dist/tex/latex/caption/caption.sty
Package: caption 2022/03/01 v3.6b Customizing captions (AR)
(/usr/local/texlive/2022/texmf-dist/tex/latex/caption/caption3.sty
Package: caption3 2022/03/17 v2.3b caption3 kernel (AR)
\caption@tempdima=\dimen199
\captionmargin=\dimen256
\caption@leftmargin=\dimen257
\caption@rightmargin=\dimen258
\caption@width=\dimen259
\caption@indent=\dimen260
\caption@parindent=\dimen261
\caption@hangindent=\dimen262
Package caption Info: Unknown document class (or package),
(caption)             standard defaults will be used.
Package caption Info: \@makecaption = \long macro:#1#2->\vskip \abovecaptionski
p \sbox \@tempboxa {#1: #2}\ifdim \wd \@tempboxa >\hsize {\FigCapFont #1} #2\pa
r \else \global \@minipagefalse {\FigCapFont #1} #2\par \fi \vskip \belowcaptio
nskip  on input line 1176.
)

Package caption Warning: Unknown document class (or package),
(caption)                standard defaults will be used.
See the caption package documentation for explanation.

\c@caption@flags=\count309
\c@continuedfloat=\count310
Package caption Info: longtable package is loaded.
(/usr/local/texlive/2022/texmf-dist/tex/latex/caption/ltcaption.sty
Package: ltcaption 2021/01/08 v1.4c longtable captions (AR)
)) (/usr/local/texlive/2022/texmf-dist/tex/latex/sourcecodepro/sourcecodepro.st
y
Package: sourcecodepro 2018/01/13 v2.7 Adobe's Source Code Pro typeface
(/usr/local/texlive/2022/texmf-dist/tex/generic/iftex/ifxetex.sty
Package: ifxetex 2019/10/25 v0.7 ifxetex legacy package. Use iftex instead.
) (/usr/local/texlive/2022/texmf-dist/tex/generic/iftex/ifluatex.sty
Package: ifluatex 2019/10/25 v1.5 ifluatex legacy package. Use iftex instead.
) (/usr/local/texlive/2022/texmf-dist/tex/latex/xkeyval/xkeyval.sty
Package: xkeyval 2020/11/20 v2.8 package option processing (HA)
(/usr/local/texlive/2022/texmf-dist/tex/generic/xkeyval/xkeyval.tex (/usr/local
/texlive/2022/texmf-dist/tex/generic/xkeyval/xkvutils.tex
\XKV@toks=\toks26
\XKV@tempa@toks=\toks27
)
\XKV@depth=\count311
File: xkeyval.tex 2014/12/03 v2.7a key=value parser (HA)
))

Package fontspec Info: Font family 'SourceCodePro(0)' created for font
(fontspec)             'SourceCodePro' with options [Ligatures =,Numbers
(fontspec)             =,Scale = .8,Extension =
(fontspec)             .otf,WordSpace={1,0,0},HyphenChar=None,PunctuationSpace=
WordSpace,UprightFont
(fontspec)             = *-Regular,ItalicFont = *-RegularIt,BoldFont =
(fontspec)             *-Bold,BoldItalicFont = *-BoldIt].
(fontspec)              
(fontspec)              This font family consists of the following NFSS
(fontspec)             series/shapes:
(fontspec)              
(fontspec)             - 'normal' (m/n) with NFSS spec.:
(fontspec)             <->s*[.8]"[SourceCodePro-Regular.otf]/OT:script=latn;lan
guage=dflt;"
(fontspec)             - 'small caps'  (m/sc) with NFSS spec.: 
(fontspec)             and font adjustment code:
(fontspec)             \fontdimen 2\font =1\fontdimen 2\font \fontdimen 3\font
(fontspec)             =0\fontdimen 3\font \fontdimen 4\font =0\fontdimen
(fontspec)             4\font \fontdimen 7\font =0\fontdimen 2\font
(fontspec)             \tex_hyphenchar:D \font =-1\scan_stop: 
(fontspec)             - 'bold' (b/n) with NFSS spec.:
(fontspec)             <->s*[.8]"[SourceCodePro-Bold.otf]/OT:script=latn;langua
ge=dflt;"
(fontspec)             - 'bold small caps'  (b/sc) with NFSS spec.: 
(fontspec)             and font adjustment code:
(fontspec)             \fontdimen 2\font =1\fontdimen 2\font \fontdimen 3\font
(fontspec)             =0\fontdimen 3\font \fontdimen 4\font =0\fontdimen
(fontspec)             4\font \fontdimen 7\font =0\fontdimen 2\font
(fontspec)             \tex_hyphenchar:D \font =-1\scan_stop: 
(fontspec)             - 'italic' (m/it) with NFSS spec.:
(fontspec)             <->s*[.8]"[SourceCodePro-RegularIt.otf]/OT:script=latn;l
anguage=dflt;"
(fontspec)             - 'italic small caps'  (m/scit) with NFSS spec.: 
(fontspec)             and font adjustment code:
(fontspec)             \fontdimen 2\font =1\fontdimen 2\font \fontdimen 3\font
(fontspec)             =0\fontdimen 3\font \fontdimen 4\font =0\fontdimen
(fontspec)             4\font \fontdimen 7\font =0\fontdimen 2\font
(fontspec)             \tex_hyphenchar:D \font =-1\scan_stop: 
(fontspec)             - 'bold italic' (b/it) with NFSS spec.:
(fontspec)             <->s*[.8]"[SourceCodePro-BoldIt.otf]/OT:script=latn;lang
uage=dflt;"
(fontspec)             - 'bold italic small caps'  (b/scit) with NFSS spec.: 
(fontspec)             and font adjustment code:
(fontspec)             \fontdimen 2\font =1\fontdimen 2\font \fontdimen 3\font
(fontspec)             =0\fontdimen 3\font \fontdimen 4\font =0\fontdimen
(fontspec)             4\font \fontdimen 7\font =0\fontdimen 2\font
(fontspec)             \tex_hyphenchar:D \font =-1\scan_stop: 


Package fontspec Info: Font family 'SourceCodePro(1)' created for font
(fontspec)             'SourceCodePro' with options [Ligatures =,Numbers
(fontspec)             =,Scale = .8,Extension = .otf,UprightFont =
(fontspec)             *-Regular,ItalicFont = *-RegularIt,BoldFont =
(fontspec)             *-Bold,BoldItalicFont = *-BoldIt].
(fontspec)              
(fontspec)              This font family consists of the following NFSS
(fontspec)             series/shapes:
(fontspec)              
(fontspec)             - 'normal' (m/n) with NFSS spec.:
(fontspec)             <->s*[.8]"[SourceCodePro-Regular.otf]/OT:script=latn;lan
guage=dflt;"
(fontspec)             - 'small caps'  (m/sc) with NFSS spec.: 
(fontspec)             - 'bold' (b/n) with NFSS spec.:
(fontspec)             <->s*[.8]"[SourceCodePro-Bold.otf]/OT:script=latn;langua
ge=dflt;"
(fontspec)             - 'bold small caps'  (b/sc) with NFSS spec.: 
(fontspec)             - 'italic' (m/it) with NFSS spec.:
(fontspec)             <->s*[.8]"[SourceCodePro-RegularIt.otf]/OT:script=latn;l
anguage=dflt;"
(fontspec)             - 'italic small caps'  (m/scit) with NFSS spec.: 
(fontspec)             - 'bold italic' (b/it) with NFSS spec.:
(fontspec)             <->s*[.8]"[SourceCodePro-BoldIt.otf]/OT:script=latn;lang
uage=dflt;"
(fontspec)             - 'bold italic small caps'  (b/scit) with NFSS spec.: 

LaTeX Font Info:    Overwriting math alphabet `\mathtt' in version `normal'
(Font)                  OT1/lmtt/m/n --> TU/SourceCodePro(1)/m/n on input line 
121.
LaTeX Font Info:    Overwriting math alphabet `\mathtt' in version `bold'
(Font)                  OT1/lmtt/m/n --> TU/SourceCodePro(1)/bx/n on input line
 121.

Package fontspec Info: Font family 'SourceCodePro(2)' created for font
(fontspec)             'SourceCodePro' with options [Ligatures =,Numbers
(fontspec)             =,Scale = .8,Extension = .otf,UprightFont =
(fontspec)             *-Medium,ItalicFont = *-MediumIt,BoldFont =
(fontspec)             *-Bold,BoldItalicFont = *-BoldIt].
(fontspec)              
(fontspec)              This font family consists of the following NFSS
(fontspec)             series/shapes:
(fontspec)              
(fontspec)             - 'normal' (m/n) with NFSS spec.:
(fontspec)             <->s*[.8]"[SourceCodePro-Medium.otf]/OT:script=latn;lang
uage=dflt;"
(fontspec)             - 'small caps'  (m/sc) with NFSS spec.: 
(fontspec)             - 'bold' (b/n) with NFSS spec.:
(fontspec)             <->s*[.8]"[SourceCodePro-Bold.otf]/OT:script=latn;langua
ge=dflt;"
(fontspec)             - 'bold small caps'  (b/sc) with NFSS spec.: 
(fontspec)             - 'italic' (m/it) with NFSS spec.:
(fontspec)             <->s*[.8]"[SourceCodePro-MediumIt.otf]/OT:script=latn;la
nguage=dflt;"
(fontspec)             - 'italic small caps'  (m/scit) with NFSS spec.: 
(fontspec)             - 'bold italic' (b/it) with NFSS spec.:
(fontspec)             <->s*[.8]"[SourceCodePro-BoldIt.otf]/OT:script=latn;lang
uage=dflt;"
(fontspec)             - 'bold italic small caps'  (b/scit) with NFSS spec.: 


Package fontspec Info: Font family 'SourceCodePro(3)' created for font
(fontspec)             'SourceCodePro' with options [Ligatures =,Numbers
(fontspec)             =,Scale = .8,Extension = .otf,UprightFont =
(fontspec)             *-Light,ItalicFont = *-LightIt,BoldFont =
(fontspec)             *-Semibold,BoldItalicFont = *-SemiboldIt].
(fontspec)              
(fontspec)              This font family consists of the following NFSS
(fontspec)             series/shapes:
(fontspec)              
(fontspec)             - 'normal' (m/n) with NFSS spec.:
(fontspec)             <->s*[.8]"[SourceCodePro-Light.otf]/OT:script=latn;langu
age=dflt;"
(fontspec)             - 'small caps'  (m/sc) with NFSS spec.: 
(fontspec)             - 'bold' (b/n) with NFSS spec.:
(fontspec)             <->s*[.8]"[SourceCodePro-Semibold.otf]/OT:script=latn;la
nguage=dflt;"
(fontspec)             - 'bold small caps'  (b/sc) with NFSS spec.: 
(fontspec)             - 'italic' (m/it) with NFSS spec.:
(fontspec)             <->s*[.8]"[SourceCodePro-LightIt.otf]/OT:script=latn;lan
guage=dflt;"
(fontspec)             - 'italic small caps'  (m/scit) with NFSS spec.: 
(fontspec)             - 'bold italic' (b/it) with NFSS spec.:
(fontspec)             <->s*[.8]"[SourceCodePro-SemiboldIt.otf]/OT:script=latn;
language=dflt;"
(fontspec)             - 'bold italic small caps'  (b/scit) with NFSS spec.: 


Package fontspec Info: Font family 'SourceCodePro(4)' created for font
(fontspec)             'SourceCodePro' with options [Ligatures =,Numbers
(fontspec)             =,Scale = .8,Extension = .otf,UprightFont =
(fontspec)             *-ExtraLight,ItalicFont = *-ExtraLightIt,BoldFont =
(fontspec)             *-Black,BoldItalicFont = *-BlackIt].
(fontspec)              
(fontspec)              This font family consists of the following NFSS
(fontspec)             series/shapes:
(fontspec)              
(fontspec)             - 'normal' (m/n) with NFSS spec.:
(fontspec)             <->s*[.8]"[SourceCodePro-ExtraLight.otf]/OT:script=latn;
language=dflt;"
(fontspec)             - 'small caps'  (m/sc) with NFSS spec.: 
(fontspec)             - 'bold' (b/n) with NFSS spec.:
(fontspec)             <->s*[.8]"[SourceCodePro-Black.otf]/OT:script=latn;langu
age=dflt;"
(fontspec)             - 'bold small caps'  (b/sc) with NFSS spec.: 
(fontspec)             - 'italic' (m/it) with NFSS spec.:
(fontspec)             <->s*[.8]"[SourceCodePro-ExtraLightIt.otf]/OT:script=lat
n;language=dflt;"
(fontspec)             - 'italic small caps'  (m/scit) with NFSS spec.: 
(fontspec)             - 'bold italic' (b/it) with NFSS spec.:
(fontspec)             <->s*[.8]"[SourceCodePro-BlackIt.otf]/OT:script=latn;lan
guage=dflt;"
(fontspec)             - 'bold italic small caps'  (b/scit) with NFSS spec.: 


Package fontspec Info: Font family 'SourceCodePro(5)' created for font
(fontspec)             'SourceCodePro' with options [Ligatures =,Numbers
(fontspec)             =,Scale = .8,Extension = .otf,Numbers =,UprightFont =
(fontspec)             *-Regular,ItalicFont = *-RegularIt,BoldFont =
(fontspec)             *-Bold,BoldItalicFont = *-BoldIt].
(fontspec)              
(fontspec)              This font family consists of the following NFSS
(fontspec)             series/shapes:
(fontspec)              
(fontspec)             - 'normal' (m/n) with NFSS spec.:
(fontspec)             <->s*[.8]"[SourceCodePro-Regular.otf]/OT:script=latn;lan
guage=dflt;"
(fontspec)             - 'small caps'  (m/sc) with NFSS spec.: 
(fontspec)             - 'bold' (b/n) with NFSS spec.:
(fontspec)             <->s*[.8]"[SourceCodePro-Bold.otf]/OT:script=latn;langua
ge=dflt;"
(fontspec)             - 'bold small caps'  (b/sc) with NFSS spec.: 
(fontspec)             - 'italic' (m/it) with NFSS spec.:
(fontspec)             <->s*[.8]"[SourceCodePro-RegularIt.otf]/OT:script=latn;l
anguage=dflt;"
(fontspec)             - 'italic small caps'  (m/scit) with NFSS spec.: 
(fontspec)             - 'bold italic' (b/it) with NFSS spec.:
(fontspec)             <->s*[.8]"[SourceCodePro-BoldIt.otf]/OT:script=latn;lang
uage=dflt;"
(fontspec)             - 'bold italic small caps'  (b/scit) with NFSS spec.: 

) (/usr/local/texlive/2022/texmf-dist/tex/latex/hyperref/hyperref.sty
Package: hyperref 2022-02-21 v7.00n Hypertext links for LaTeX
(/usr/local/texlive/2022/texmf-dist/tex/generic/pdftexcmds/pdftexcmds.sty
Package: pdftexcmds 2020-06-27 v0.33 Utility functions of pdfTeX for LuaTeX (HO
)
(/usr/local/texlive/2022/texmf-dist/tex/generic/infwarerr/infwarerr.sty
Package: infwarerr 2019/12/03 v1.5 Providing info/warning/error messages (HO)
)
Package pdftexcmds Info: \pdf@primitive is available.
Package pdftexcmds Info: \pdf@ifprimitive is available.
Package pdftexcmds Info: \pdfdraftmode not found.
) (/usr/local/texlive/2022/texmf-dist/tex/generic/kvdefinekeys/kvdefinekeys.sty
Package: kvdefinekeys 2019-12-19 v1.6 Define keys (HO)
) (/usr/local/texlive/2022/texmf-dist/tex/generic/pdfescape/pdfescape.sty
Package: pdfescape 2019/12/09 v1.15 Implements pdfTeX's escape features (HO)
) (/usr/local/texlive/2022/texmf-dist/tex/latex/hycolor/hycolor.sty
Package: hycolor 2020-01-27 v1.10 Color options for hyperref/bookmark (HO)
) (/usr/local/texlive/2022/texmf-dist/tex/latex/letltxmacro/letltxmacro.sty
Package: letltxmacro 2019/12/03 v1.6 Let assignment for LaTeX macros (HO)
) (/usr/local/texlive/2022/texmf-dist/tex/latex/auxhook/auxhook.sty
Package: auxhook 2019-12-17 v1.6 Hooks for auxiliary files (HO)
)
\@linkdim=\dimen263
\Hy@linkcounter=\count312
\Hy@pagecounter=\count313
(/usr/local/texlive/2022/texmf-dist/tex/latex/hyperref/pd1enc.def
File: pd1enc.def 2022-02-21 v7.00n Hyperref: PDFDocEncoding definition (HO)
) (/usr/local/texlive/2022/texmf-dist/tex/generic/intcalc/intcalc.sty
Package: intcalc 2019/12/15 v1.3 Expandable calculations with integers (HO)
) (/usr/local/texlive/2022/texmf-dist/tex/generic/etexcmds/etexcmds.sty
Package: etexcmds 2019/12/15 v1.7 Avoid name clashes with e-TeX commands (HO)
)
\Hy@SavedSpaceFactor=\count314
(/usr/local/texlive/2022/texmf-dist/tex/latex/hyperref/puenc.def
File: puenc.def 2022-02-21 v7.00n Hyperref: PDF Unicode definition (HO)
)
Package hyperref Info: Option `unicode' set `true' on input line 4018.
Package hyperref Info: Hyper figures OFF on input line 4137.
Package hyperref Info: Link nesting OFF on input line 4142.
Package hyperref Info: Hyper index ON on input line 4145.
Package hyperref Info: Plain pages OFF on input line 4152.
Package hyperref Info: Backreferencing OFF on input line 4157.
Package hyperref Info: Implicit mode ON; LaTeX internals redefined.
Package hyperref Info: Bookmarks ON on input line 4390.
\c@Hy@tempcnt=\count315
(/usr/local/texlive/2022/texmf-dist/tex/latex/url/url.sty
\Urlmuskip=\muskip18
Package: url 2013/09/16  ver 3.4  Verb mode for urls, etc.
)
LaTeX Info: Redefining \url on input line 4749.
\XeTeXLinkMargin=\dimen264
(/usr/local/texlive/2022/texmf-dist/tex/generic/bitset/bitset.sty
Package: bitset 2019/12/09 v1.3 Handle bit-vector datatype (HO)
(/usr/local/texlive/2022/texmf-dist/tex/generic/bigintcalc/bigintcalc.sty
Package: bigintcalc 2019/12/15 v1.5 Expandable calculations on big integers (HO
)
))
\Fld@menulength=\count316
\Field@Width=\dimen265
\Fld@charsize=\dimen266
Package hyperref Info: Hyper figures OFF on input line 6027.
Package hyperref Info: Link nesting OFF on input line 6032.
Package hyperref Info: Hyper index ON on input line 6035.
Package hyperref Info: backreferencing OFF on input line 6042.
Package hyperref Info: Link coloring OFF on input line 6047.
Package hyperref Info: Link coloring with OCG OFF on input line 6052.
Package hyperref Info: PDF/A mode OFF on input line 6057.
LaTeX Info: Redefining \ref on input line 6097.
LaTeX Info: Redefining \pageref on input line 6101.
(/usr/local/texlive/2022/texmf-dist/tex/latex/base/atbegshi-ltx.sty
Package: atbegshi-ltx 2021/01/10 v1.0c Emulation of the original atbegshi
package with kernel methods
)
\Hy@abspage=\count317
\c@Item=\count318
\c@Hfootnote=\count319
)
Package hyperref Info: Driver (autodetected): hxetex.
(/usr/local/texlive/2022/texmf-dist/tex/latex/hyperref/hxetex.def
File: hxetex.def 2022-02-21 v7.00n Hyperref driver for XeTeX
(/usr/local/texlive/2022/texmf-dist/tex/generic/stringenc/stringenc.sty
Package: stringenc 2019/11/29 v1.12 Convert strings between diff. encodings (HO
)
)
\pdfm@box=\box88
\c@Hy@AnnotLevel=\count320
\HyField@AnnotCount=\count321
\Fld@listcount=\count322
\c@bookmark@seq@number=\count323

(/usr/local/texlive/2022/texmf-dist/tex/latex/rerunfilecheck/rerunfilecheck.sty
Package: rerunfilecheck 2019/12/05 v1.9 Rerun checks for auxiliary files (HO)
(/usr/local/texlive/2022/texmf-dist/tex/latex/base/atveryend-ltx.sty
Package: atveryend-ltx 2020/08/19 v1.0a Emulation of the original atveryend pac
kage
with kernel methods
)
(/usr/local/texlive/2022/texmf-dist/tex/generic/uniquecounter/uniquecounter.sty
Package: uniquecounter 2019/12/15 v1.4 Provide unlimited unique counter (HO)
)
Package uniquecounter Info: New unique counter `rerunfilecheck' on input line 2
86.
)
\Hy@SectionHShift=\skip90
) (/usr/local/texlive/2022/texmf-dist/tex/latex/base/makeidx.sty
Package: makeidx 2021/10/04 v1.0m Standard LaTeX package
)
\@indexfile=\write4
\openout4 = `bookdown.idx'.

Writing index file bookdown.idx
(/usr/local/texlive/2022/texmf-dist/tex/latex/amscls/amsthm.sty
Package: amsthm 2020/05/29 v2.20.6
\thm@style=\toks28
\thm@bodyfont=\toks29
\thm@headfont=\toks30
\thm@notefont=\toks31
\thm@headpunct=\toks32
\thm@preskip=\skip91
\thm@postskip=\skip92
\thm@headsep=\skip93
\dth@everypar=\toks33
) (/usr/local/texlive/2022/texmf-dist/tex/latex/multirow/multirow.sty
Package: multirow 2021/03/15 v2.8 Span multiple rows of a table
\multirow@colwidth=\skip94
\multirow@cntb=\count324
\multirow@dima=\skip95
\bigstrutjot=\dimen267
) (/usr/local/texlive/2022/texmf-dist/tex/latex/wrapfig/wrapfig.sty
\wrapoverhang=\dimen268
\WF@size=\dimen269
\c@WF@wrappedlines=\count325
\WF@box=\box89
\WF@everypar=\toks34
Package: wrapfig 2003/01/31  v 3.6
) (/usr/local/texlive/2022/texmf-dist/tex/latex/float/float.sty
Package: float 2001/11/08 v1.3d Float enhancements (AL)
\c@float@type=\count326
\float@exts=\toks35
\float@box=\box90
\@float@everytoks=\toks36
\@floatcapt=\box91
) (/usr/local/texlive/2022/texmf-dist/tex/latex/colortbl/colortbl.sty
Package: colortbl 2020/01/04 v1.0e Color table columns (DPC)
\everycr=\toks37
\minrowclearance=\skip96
) (/usr/local/texlive/2022/texmf-dist/tex/latex/pdflscape/pdflscape.sty
Package: pdflscape 2019/12/05 v0.12 Display of landscape pages in PDF (HO)
(/usr/local/texlive/2022/texmf-dist/tex/latex/graphics/lscape.sty
Package: lscape 2020/05/28 v3.02 Landscape Pages (DPC)
)
Package pdflscape Info: Auto-detected driver: dvipdfm (xetex) on input line 98.

) (/usr/local/texlive/2022/texmf-dist/tex/latex/tabu/tabu.sty
Package: tabu 2019/01/11 v2.9 - flexible LaTeX tabulars (FC+tabu-fixed)
(/usr/local/texlive/2022/texmf-dist/tex/latex/varwidth/varwidth.sty
Package: varwidth 2009/03/30 ver 0.92;  Variable-width minipages
\@vwid@box=\box92
\sift@deathcycles=\count327
\@vwid@loff=\dimen270
\@vwid@roff=\dimen271
)
\c@taburow=\count328
\tabu@nbcols=\count329
\tabu@cnt=\count330
\tabu@Xcol=\count331
\tabu@alloc=\count332
\tabu@nested=\count333
\tabu@target=\dimen272
\tabu@spreadtarget=\dimen273
\tabu@naturalX=\dimen274
\tabucolX=\dimen275
\tabu@Xsum=\dimen276
\extrarowdepth=\dimen277
\abovetabulinesep=\dimen278
\belowtabulinesep=\dimen279
\tabustrutrule=\dimen280
\tabu@thebody=\toks38
\tabu@footnotes=\toks39
\tabu@box=\box93
\tabu@arstrutbox=\box94
\tabu@hleads=\box95
\tabu@vleads=\box96
\tabu@cellskip=\skip97
)
(/usr/local/texlive/2022/texmf-dist/tex/latex/threeparttable/threeparttable.sty
Package: threeparttable 2003/06/13  v 3.0
\@tempboxb=\box97
)
(/usr/local/texlive/2022/texmf-dist/tex/latex/threeparttablex/threeparttablex.s
ty
Package: threeparttablex 2013/07/23 v0.3 by daleif
(/usr/local/texlive/2022/texmf-dist/tex/latex/environ/environ.sty
Package: environ 2014/05/04 v0.3 A new way to define environments
(/usr/local/texlive/2022/texmf-dist/tex/latex/trimspaces/trimspaces.sty
Package: trimspaces 2009/09/17 v1.1 Trim spaces around a token list
))
\TPTL@width=\skip98
) (/usr/local/texlive/2022/texmf-dist/tex/generic/ulem/ulem.sty
\UL@box=\box98
\UL@hyphenbox=\box99
\UL@skip=\skip99
\UL@hook=\toks40
\UL@height=\dimen281
\UL@pe=\count334
\UL@pixel=\dimen282
\ULC@box=\box100
Package: ulem 2019/11/18
\ULdepth=\dimen283
) (/usr/local/texlive/2022/texmf-dist/tex/latex/makecell/makecell.sty
Package: makecell 2009/08/03 V0.1e Managing of Tab Column Heads and Cells
\rotheadsize=\dimen284
\c@nlinenum=\count335
\TeXr@lab=\toks41
) (/usr/local/texlive/2022/texmf-dist/tex/latex/natbib/natbib.sty
Package: natbib 2010/09/13 8.31b (PWD, AO)
\bibhang=\skip100
\bibsep=\skip101
LaTeX Info: Redefining \cite on input line 694.
\c@NAT@ctr=\count336
) (/usr/local/texlive/2022/texmf-dist/tex/latex/bookmark/bookmark.sty
Package: bookmark 2020-11-06 v1.29 PDF bookmarks (HO)
(/usr/local/texlive/2022/texmf-dist/tex/latex/bookmark/bkm-dvipdfm.def
File: bkm-dvipdfm.def 2020-11-06 v1.29 bookmark driver for dvipdfm (HO)
\BKM@id=\count337
)) (/usr/local/texlive/2022/texmf-dist/tex/latex/xurl/xurl.sty
Package: xurl 2022/01/09 v 0.10 modify URL breaks
)
Package hyperref Info: Option `colorlinks' set `true' on input line 193.
(./bookdown.aux)
\openout1 = `bookdown.aux'.

LaTeX Font Info:    Checking defaults for OML/cmm/m/it on input line 199.
LaTeX Font Info:    ... okay on input line 199.
LaTeX Font Info:    Checking defaults for OMS/cmsy/m/n on input line 199.
LaTeX Font Info:    ... okay on input line 199.
LaTeX Font Info:    Checking defaults for OT1/cmr/m/n on input line 199.
LaTeX Font Info:    ... okay on input line 199.
LaTeX Font Info:    Checking defaults for T1/cmr/m/n on input line 199.
LaTeX Font Info:    ... okay on input line 199.
LaTeX Font Info:    Checking defaults for TS1/cmr/m/n on input line 199.
LaTeX Font Info:    ... okay on input line 199.
LaTeX Font Info:    Checking defaults for TU/lmr/m/n on input line 199.
LaTeX Font Info:    ... okay on input line 199.
LaTeX Font Info:    Checking defaults for OMX/cmex/m/n on input line 199.
LaTeX Font Info:    ... okay on input line 199.
LaTeX Font Info:    Checking defaults for U/cmr/m/n on input line 199.
LaTeX Font Info:    ... okay on input line 199.
LaTeX Font Info:    Checking defaults for PD1/pdf/m/n on input line 199.
LaTeX Font Info:    ... okay on input line 199.
LaTeX Font Info:    Checking defaults for PU/pdf/m/n on input line 199.
LaTeX Font Info:    ... okay on input line 199.
LaTeX Font Info:    Overwriting math alphabet `\mathrm' in version `normal'
(Font)                  OT1/lmr/m/n --> TU/lmr/m/n on input line 199.
LaTeX Font Info:    Overwriting math alphabet `\mathit' in version `normal'
(Font)                  OT1/lmr/m/it --> TU/lmr/m/it on input line 199.
LaTeX Font Info:    Overwriting math alphabet `\mathbf' in version `normal'
(Font)                  OT1/lmr/bx/n --> TU/lmr/bx/n on input line 199.
LaTeX Font Info:    Overwriting math alphabet `\mathsf' in version `normal'
(Font)                  OT1/lmss/m/n --> TU/lmss/m/n on input line 199.
LaTeX Font Info:    Overwriting math alphabet `\mathsf' in version `bold'
(Font)                  OT1/lmss/bx/n --> TU/lmss/bx/n on input line 199.

Package fontspec Info: Font family 'latinmodern-math.otf(0)' created for font
(fontspec)             'latinmodern-math.otf' with options
(fontspec)             [BoldItalicFont={},ItalicFont={},SmallCapsFont={},Script
=Math,BoldFont={latinmodern-math.otf}].
(fontspec)              
(fontspec)              This font family consists of the following NFSS
(fontspec)             series/shapes:
(fontspec)              
(fontspec)             - 'normal' (m/n) with NFSS spec.:
(fontspec)             <->"[latinmodern-math.otf]/OT:script=math;language=dflt;
"
(fontspec)             - 'small caps'  (m/sc) with NFSS spec.: 
(fontspec)             - 'bold' (b/n) with NFSS spec.:
(fontspec)             <->"[latinmodern-math.otf]/OT:script=math;language=dflt;
"
(fontspec)             - 'bold small caps'  (b/sc) with NFSS spec.: 


Package fontspec Info: Font family 'latinmodern-math.otf(1)' created for font
(fontspec)             'latinmodern-math.otf' with options
(fontspec)             [BoldItalicFont={},ItalicFont={},SmallCapsFont={},Script
=Math,SizeFeatures={{Size=8.5-},{Size=6-8.5,Font=latinmodern-math.otf,Style=Mat
hScript},{Size=-6,Font=latinmodern-math.otf,Style=MathScriptScript}},BoldFont={
latinmodern-math.otf}].
(fontspec)              
(fontspec)              This font family consists of the following NFSS
(fontspec)             series/shapes:
(fontspec)              
(fontspec)             - 'normal' (m/n) with NFSS spec.:
(fontspec)             <8.5->"[latinmodern-math.otf]/OT:script=math;language=df
lt;"<6-8.5>"[latinmodern-math.otf]/OT:script=math;language=dflt;+ssty=0;"<-6>"[
latinmodern-math.otf]/OT:script=math;language=dflt;+ssty=1;"
(fontspec)             - 'small caps'  (m/sc) with NFSS spec.: 
(fontspec)             - 'bold' (b/n) with NFSS spec.:
(fontspec)             <->"[latinmodern-math.otf]/OT:script=math;language=dflt;
"
(fontspec)             - 'bold small caps'  (b/sc) with NFSS spec.: 

LaTeX Font Info:    Encoding `OT1' has changed to `TU' for symbol font
(Font)              `operators' in the math version `normal' on input line 199.

LaTeX Font Info:    Overwriting symbol font `operators' in version `normal'
(Font)                  OT1/lmr/m/n --> TU/latinmodern-math.otf(1)/m/n on input
 line 199.
LaTeX Font Info:    Encoding `OT1' has changed to `TU' for symbol font
(Font)              `operators' in the math version `bold' on input line 199.
LaTeX Font Info:    Overwriting symbol font `operators' in version `bold'
(Font)                  OT1/lmr/bx/n --> TU/latinmodern-math.otf(1)/b/n on inpu
t line 199.

Package fontspec Info: latinmodern-math scale = 1.0001.


Package fontspec Info: latinmodern-math scale = 1.0001.


Package fontspec Info: latinmodern-math scale = 1.0001.


Package fontspec Info: latinmodern-math scale = 1.0001.


Package fontspec Info: latinmodern-math scale = 1.0001.


Package fontspec Info: Font family 'latinmodern-math.otf(2)' created for font
(fontspec)             'latinmodern-math.otf' with options
(fontspec)             [BoldItalicFont={},ItalicFont={},SmallCapsFont={},Script
=Math,SizeFeatures={{Size=8.5-},{Size=6-8.5,Font=latinmodern-math.otf,Style=Mat
hScript},{Size=-6,Font=latinmodern-math.otf,Style=MathScriptScript}},BoldFont={
latinmodern-math.otf},ScaleAgain=1.0001,FontAdjustment={\fontdimen
(fontspec)             8\font =6.77pt\relax \fontdimen 9\font =3.94pt\relax
(fontspec)             \fontdimen 10\font =4.44pt\relax \fontdimen 11\font
(fontspec)             =6.86pt\relax \fontdimen 12\font =3.45pt\relax
(fontspec)             \fontdimen 13\font =3.63pt\relax \fontdimen 14\font
(fontspec)             =3.63pt\relax \fontdimen 15\font =2.89pt\relax
(fontspec)             \fontdimen 16\font =2.47pt\relax \fontdimen 17\font
(fontspec)             =2.47pt\relax \fontdimen 18\font =2.5pt\relax
(fontspec)             \fontdimen 19\font =2.0pt\relax \fontdimen 22\font
(fontspec)             =2.5pt\relax \fontdimen 20\font =0pt\relax \fontdimen
(fontspec)             21\font =0pt\relax }].
(fontspec)              
(fontspec)              This font family consists of the following NFSS
(fontspec)             series/shapes:
(fontspec)              
(fontspec)             - 'normal' (m/n) with NFSS spec.:
(fontspec)             <8.5->s*[1.0001]"[latinmodern-math.otf]/OT:script=math;l
anguage=dflt;"<6-8.5>s*[1.0001]"[latinmodern-math.otf]/OT:script=math;language=
dflt;+ssty=0;"<-6>s*[1.0001]"[latinmodern-math.otf]/OT:script=math;language=dfl
t;+ssty=1;"
(fontspec)             - 'small caps'  (m/sc) with NFSS spec.: 
(fontspec)             and font adjustment code:
(fontspec)             \fontdimen 8\font =6.77pt\relax \fontdimen 9\font
(fontspec)             =3.94pt\relax \fontdimen 10\font =4.44pt\relax
(fontspec)             \fontdimen 11\font =6.86pt\relax \fontdimen 12\font
(fontspec)             =3.45pt\relax \fontdimen 13\font =3.63pt\relax
(fontspec)             \fontdimen 14\font =3.63pt\relax \fontdimen 15\font
(fontspec)             =2.89pt\relax \fontdimen 16\font =2.47pt\relax
(fontspec)             \fontdimen 17\font =2.47pt\relax \fontdimen 18\font
(fontspec)             =2.5pt\relax \fontdimen 19\font =2.0pt\relax \fontdimen
(fontspec)             22\font =2.5pt\relax \fontdimen 20\font =0pt\relax
(fontspec)             \fontdimen 21\font =0pt\relax 
(fontspec)             - 'bold' (b/n) with NFSS spec.:
(fontspec)             <->s*[1.0001]"[latinmodern-math.otf]/OT:script=math;lang
uage=dflt;"
(fontspec)             - 'bold small caps'  (b/sc) with NFSS spec.: 
(fontspec)             and font adjustment code:
(fontspec)             \fontdimen 8\font =6.77pt\relax \fontdimen 9\font
(fontspec)             =3.94pt\relax \fontdimen 10\font =4.44pt\relax
(fontspec)             \fontdimen 11\font =6.86pt\relax \fontdimen 12\font
(fontspec)             =3.45pt\relax \fontdimen 13\font =3.63pt\relax
(fontspec)             \fontdimen 14\font =3.63pt\relax \fontdimen 15\font
(fontspec)             =2.89pt\relax \fontdimen 16\font =2.47pt\relax
(fontspec)             \fontdimen 17\font =2.47pt\relax \fontdimen 18\font
(fontspec)             =2.5pt\relax \fontdimen 19\font =2.0pt\relax \fontdimen
(fontspec)             22\font =2.5pt\relax \fontdimen 20\font =0pt\relax
(fontspec)             \fontdimen 21\font =0pt\relax 

LaTeX Font Info:    Encoding `OMS' has changed to `TU' for symbol font
(Font)              `symbols' in the math version `normal' on input line 199.
LaTeX Font Info:    Overwriting symbol font `symbols' in version `normal'
(Font)                  OMS/lmsy/m/n --> TU/latinmodern-math.otf(2)/m/n on inpu
t line 199.
LaTeX Font Info:    Encoding `OMS' has changed to `TU' for symbol font
(Font)              `symbols' in the math version `bold' on input line 199.
LaTeX Font Info:    Overwriting symbol font `symbols' in version `bold'
(Font)                  OMS/lmsy/b/n --> TU/latinmodern-math.otf(2)/b/n on inpu
t line 199.

Package fontspec Info: latinmodern-math scale = 0.9999.


Package fontspec Info: latinmodern-math scale = 0.9999.


Package fontspec Info: latinmodern-math scale = 0.9999.


Package fontspec Info: latinmodern-math scale = 0.9999.


Package fontspec Info: latinmodern-math scale = 0.9999.


Package fontspec Info: Font family 'latinmodern-math.otf(3)' created for font
(fontspec)             'latinmodern-math.otf' with options
(fontspec)             [BoldItalicFont={},ItalicFont={},SmallCapsFont={},Script
=Math,SizeFeatures={{Size=8.5-},{Size=6-8.5,Font=latinmodern-math.otf,Style=Mat
hScript},{Size=-6,Font=latinmodern-math.otf,Style=MathScriptScript}},BoldFont={
latinmodern-math.otf},ScaleAgain=0.9999,FontAdjustment={\fontdimen
(fontspec)             8\font =0.4pt\relax \fontdimen 9\font =2.0pt\relax
(fontspec)             \fontdimen 10\font =1.67pt\relax \fontdimen 11\font
(fontspec)             =1.11pt\relax \fontdimen 12\font =6.0pt\relax
(fontspec)             \fontdimen 13\font =0pt\relax }].
(fontspec)              
(fontspec)              This font family consists of the following NFSS
(fontspec)             series/shapes:
(fontspec)              
(fontspec)             - 'normal' (m/n) with NFSS spec.:
(fontspec)             <8.5->s*[0.9999]"[latinmodern-math.otf]/OT:script=math;l
anguage=dflt;"<6-8.5>s*[0.9999]"[latinmodern-math.otf]/OT:script=math;language=
dflt;+ssty=0;"<-6>s*[0.9999]"[latinmodern-math.otf]/OT:script=math;language=dfl
t;+ssty=1;"
(fontspec)             - 'small caps'  (m/sc) with NFSS spec.: 
(fontspec)             and font adjustment code:
(fontspec)             \fontdimen 8\font =0.4pt\relax \fontdimen 9\font
(fontspec)             =2.0pt\relax \fontdimen 10\font =1.67pt\relax
(fontspec)             \fontdimen 11\font =1.11pt\relax \fontdimen 12\font
(fontspec)             =6.0pt\relax \fontdimen 13\font =0pt\relax 
(fontspec)             - 'bold' (b/n) with NFSS spec.:
(fontspec)             <->s*[0.9999]"[latinmodern-math.otf]/OT:script=math;lang
uage=dflt;"
(fontspec)             - 'bold small caps'  (b/sc) with NFSS spec.: 
(fontspec)             and font adjustment code:
(fontspec)             \fontdimen 8\font =0.4pt\relax \fontdimen 9\font
(fontspec)             =2.0pt\relax \fontdimen 10\font =1.67pt\relax
(fontspec)             \fontdimen 11\font =1.11pt\relax \fontdimen 12\font
(fontspec)             =6.0pt\relax \fontdimen 13\font =0pt\relax 

LaTeX Font Info:    Encoding `OMX' has changed to `TU' for symbol font
(Font)              `largesymbols' in the math version `normal' on input line 1
99.
LaTeX Font Info:    Overwriting symbol font `largesymbols' in version `normal'
(Font)                  OMX/lmex/m/n --> TU/latinmodern-math.otf(3)/m/n on inpu
t line 199.
LaTeX Font Info:    Encoding `OMX' has changed to `TU' for symbol font
(Font)              `largesymbols' in the math version `bold' on input line 199
.
LaTeX Font Info:    Overwriting symbol font `largesymbols' in version `bold'
(Font)                  OMX/lmex/m/n --> TU/latinmodern-math.otf(3)/b/n on inpu
t line 199.
LaTeX Info: Redefining \microtypecontext on input line 199.
Package microtype Info: Applying patch `item' on input line 199.
Package microtype Info: Applying patch `toc' on input line 199.
Package microtype Info: Applying patch `eqnum' on input line 199.
Package microtype Info: Applying patch `footnote' on input line 199.
Package microtype Info: Character protrusion enabled (level 2).
Package microtype Info: Using protrusion set `basicmath'.
Package microtype Info: No adjustment of tracking.
Package microtype Info: No adjustment of spacing.
Package microtype Info: No adjustment of kerning.

(/usr/local/texlive/2022/texmf-dist/tex/latex/microtype/mt-LatinModernRoman.cfg
File: mt-LatinModernRoman.cfg 2021/02/21 v1.1 microtype config. file: Latin Mod
ern Roman (RS)
)
Package caption Info: Begin \AtBeginDocument code.
Package caption Info: float package is loaded.
Package caption Info: hyperref package is loaded.
Package caption Info: threeparttable package is loaded.
Package caption Info: wrapfig package is loaded.
Package caption Info: End \AtBeginDocument code.
Package hyperref Info: Link coloring ON on input line 199.
(/usr/local/texlive/2022/texmf-dist/tex/latex/hyperref/nameref.sty
Package: nameref 2021-04-02 v2.47 Cross-referencing by name of section
(/usr/local/texlive/2022/texmf-dist/tex/latex/refcount/refcount.sty
Package: refcount 2019/12/15 v3.6 Data extraction from label references (HO)
)
(/usr/local/texlive/2022/texmf-dist/tex/generic/gettitlestring/gettitlestring.s
ty
Package: gettitlestring 2019/12/15 v1.6 Cleanup title references (HO)
)
\c@section@level=\count338
)
LaTeX Info: Redefining \ref on input line 199.
LaTeX Info: Redefining \pageref on input line 199.
LaTeX Info: Redefining \nameref on input line 199.

Underfull \vbox (badness 10000) has occurred while \output is active []


Overfull \hbox (336.25pt too wide) has occurred while \output is active
[]
 []


Underfull \vbox (badness 10000) has occurred while \output is active []


Overfull \hbox (336.25pt too wide) has occurred while \output is active
[]
 []


Underfull \vbox (badness 10000) has occurred while \output is active []


Overfull \hbox (336.25pt too wide) has occurred while \output is active
[]
 []


Underfull \vbox (badness 10000) has occurred while \output is active []


Overfull \hbox (336.25pt too wide) has occurred while \output is active
[]
 []


Underfull \hbox (badness 10000) has occurred while \output is active
 [][][][] 
 []

[1



]
Underfull \vbox (badness 10000) has occurred while \output is active []


Overfull \hbox (336.25pt too wide) has occurred while \output is active
[]
 []


Underfull \vbox (badness 10000) has occurred while \output is active []


Overfull \hbox (336.25pt too wide) has occurred while \output is active
[]
 []


Underfull \vbox (badness 10000) has occurred while \output is active []


Overfull \hbox (336.25pt too wide) has occurred while \output is active
[]
 []


Underfull \vbox (badness 10000) has occurred while \output is active []


Overfull \hbox (336.25pt too wide) has occurred while \output is active
[]
 []


Underfull \hbox (badness 10000) has occurred while \output is active
 [][][][] 
 []

[2]
Underfull \vbox (badness 10000) detected at line 223
 []


Overfull \hbox (336.25pt too wide) detected at line 223
[]
 []


Underfull \vbox (badness 10000) detected at line 223
 []


Overfull \hbox (336.25pt too wide) detected at line 223
[]
 []


Underfull \vbox (badness 10000) detected at line 223
 []


Overfull \hbox (336.25pt too wide) detected at line 223
[]
 []


Underfull \vbox (badness 10000) detected at line 223
 []


Overfull \hbox (336.25pt too wide) detected at line 223
[]
 []


Underfull \hbox (badness 10000) detected at line 223
[]
 []

(./bookdown.toc
LaTeX Font Info:    Trying to load font information for OML+lmm on input line 6
.
(/usr/local/texlive/2022/texmf-dist/tex/latex/lm/omllmm.fd
File: omllmm.fd 2015/05/01 v1.6.1 Font defs for Latin Modern
)
LaTeX Font Info:    Font shape `TU/latinmodern-math.otf(2)/m/n' will be
(Font)              scaled to size 10.00107pt on input line 6.
LaTeX Font Info:    Font shape `TU/latinmodern-math.otf(2)/m/n' will be
(Font)              scaled to size 7.00075pt on input line 6.
LaTeX Font Info:    Font shape `TU/latinmodern-math.otf(2)/m/n' will be
(Font)              scaled to size 5.00053pt on input line 6.
LaTeX Font Info:    Font shape `TU/latinmodern-math.otf(3)/m/n' will be
(Font)              scaled to size 9.99893pt on input line 6.
LaTeX Font Info:    Font shape `TU/latinmodern-math.otf(3)/m/n' will be
(Font)              scaled to size 6.99925pt on input line 6.
LaTeX Font Info:    Font shape `TU/latinmodern-math.otf(3)/m/n' will be
(Font)              scaled to size 4.99947pt on input line 6.
LaTeX Font Info:    Trying to load font information for U+msa on input line 6.
(/usr/local/texlive/2022/texmf-dist/tex/latex/amsfonts/umsa.fd
File: umsa.fd 2013/01/14 v3.01 AMS symbols A
) (/usr/local/texlive/2022/texmf-dist/tex/latex/microtype/mt-msa.cfg
File: mt-msa.cfg 2006/02/04 v1.1 microtype config. file: AMS symbols (a) (RS)
)
LaTeX Font Info:    Trying to load font information for U+msb on input line 6.
(/usr/local/texlive/2022/texmf-dist/tex/latex/amsfonts/umsb.fd
File: umsb.fd 2013/01/14 v3.01 AMS symbols B
) (/usr/local/texlive/2022/texmf-dist/tex/latex/microtype/mt-msb.cfg
File: mt-msb.cfg 2005/06/01 v1.0 microtype config. file: AMS symbols (b) (RS)
)
Underfull \hbox (badness 10000) has occurred while \output is active
 [][][][] 
 []

[3

] [4] [5])
\tf@toc=\write5
\openout5 = `bookdown.toc'.

[6]
Underfull \vbox (badness 10000) detected at line 225
 []


Overfull \hbox (336.25pt too wide) detected at line 225
[]
 []


Underfull \vbox (badness 10000) detected at line 225
 []


Overfull \hbox (336.25pt too wide) detected at line 225
[]
 []


Underfull \vbox (badness 10000) detected at line 225
 []


Overfull \hbox (336.25pt too wide) detected at line 225
[]
 []


Underfull \vbox (badness 10000) detected at line 225
 []


Overfull \hbox (336.25pt too wide) detected at line 225
[]
 []


Underfull \hbox (badness 10000) detected at line 225
[]
 []


Package hyperref Warning: bookmark level for unknown fm defaults to 0.

(./bookdown.lof
Underfull \hbox (badness 10000) has occurred while \output is active
 [][][][] 
 []

[7


]
LaTeX Font Info:    Font shape `TU/SourceCodePro(0)/m/n' will be
(Font)              scaled to size 8.00003pt on input line 13.
[8] [9] [10] [11] [12] [13])
\tf@lof=\write6
\openout6 = `bookdown.lof'.

[14] [15]
Underfull \vbox (badness 10000) has occurred while \output is active []


Overfull \hbox (336.25pt too wide) has occurred while \output is active
[]
 []


Underfull \vbox (badness 10000) has occurred while \output is active []


Overfull \hbox (336.25pt too wide) has occurred while \output is active
[]
 []


Underfull \vbox (badness 10000) has occurred while \output is active []


Overfull \hbox (336.25pt too wide) has occurred while \output is active
[]
 []


Underfull \vbox (badness 10000) has occurred while \output is active []


Overfull \hbox (336.25pt too wide) has occurred while \output is active
[]
 []


Underfull \hbox (badness 10000) has occurred while \output is active
 [][][][] 
 []

[16

]
Underfull \vbox (badness 10000) detected at line 226
 []


Overfull \hbox (336.25pt too wide) detected at line 226
[]
 []


Underfull \vbox (badness 10000) detected at line 226
 []


Overfull \hbox (336.25pt too wide) detected at line 226
[]
 []


Underfull \vbox (badness 10000) detected at line 226
 []


Overfull \hbox (336.25pt too wide) detected at line 226
[]
 []


Underfull \vbox (badness 10000) detected at line 226
 []


Overfull \hbox (336.25pt too wide) detected at line 226
[]
 []


Underfull \hbox (badness 10000) detected at line 226
[]
 []

(./bookdown.lot)
\tf@lot=\write7
\openout7 = `bookdown.lot'.


Underfull \hbox (badness 10000) has occurred while \output is active
 [][][][] 
 []

[17

]
Underfull \vbox (badness 10000) has occurred while \output is active []


Overfull \hbox (336.25pt too wide) has occurred while \output is active
[]
 []


Underfull \vbox (badness 10000) has occurred while \output is active []


Overfull \hbox (336.25pt too wide) has occurred while \output is active
[]
 []


Underfull \vbox (badness 10000) has occurred while \output is active []


Overfull \hbox (336.25pt too wide) has occurred while \output is active
[]
 []


Underfull \vbox (badness 10000) has occurred while \output is active []


Overfull \hbox (336.25pt too wide) has occurred while \output is active
[]
 []


Underfull \hbox (badness 10000) has occurred while \output is active
 [][][][] 
 []

[18

]
Underfull \vbox (badness 10000) detected at line 228
 []


Overfull \hbox (336.25pt too wide) detected at line 228
[]
 []


Underfull \vbox (badness 10000) detected at line 228
 []


Overfull \hbox (336.25pt too wide) detected at line 228
[]
 []


Underfull \vbox (badness 10000) detected at line 228
 []


Overfull \hbox (336.25pt too wide) detected at line 228
[]
 []


Underfull \vbox (badness 10000) detected at line 228
 []


Overfull \hbox (336.25pt too wide) detected at line 228
[]
 []


Underfull \hbox (badness 10000) detected at line 228
[]
 []


Underfull \hbox (badness 10000) has occurred while \output is active
 [][][][] 
 []

[19

] [20] [21]
Underfull \vbox (badness 10000) has occurred while \output is active []


Overfull \hbox (336.25pt too wide) has occurred while \output is active
[]
 []


Underfull \vbox (badness 10000) has occurred while \output is active []


Overfull \hbox (336.25pt too wide) has occurred while \output is active
[]
 []


Underfull \vbox (badness 10000) has occurred while \output is active []


Overfull \hbox (336.25pt too wide) has occurred while \output is active
[]
 []


Underfull \vbox (badness 10000) has occurred while \output is active []


Overfull \hbox (336.25pt too wide) has occurred while \output is active
[]
 []


Underfull \hbox (badness 10000) has occurred while \output is active
 [][][][] 
 []

[22

]
Underfull \vbox (badness 10000) detected at line 267
 []


Overfull \hbox (336.25pt too wide) detected at line 267
[]
 []


Underfull \vbox (badness 10000) detected at line 267
 []


Overfull \hbox (336.25pt too wide) detected at line 267
[]
 []


Underfull \vbox (badness 10000) detected at line 267
 []


Overfull \hbox (336.25pt too wide) detected at line 267
[]
 []


Underfull \vbox (badness 10000) detected at line 267
 []


Overfull \hbox (336.25pt too wide) detected at line 267
[]
 []


Underfull \hbox (badness 10000) detected at line 267
[]
 []


Underfull \hbox (badness 10000) has occurred while \output is active
 [][][][] 
 []

[23

]
Underfull \vbox (badness 10000) has occurred while \output is active []


Overfull \hbox (336.25pt too wide) has occurred while \output is active
[]
 []


Underfull \vbox (badness 10000) has occurred while \output is active []


Overfull \hbox (336.25pt too wide) has occurred while \output is active
[]
 []


Underfull \vbox (badness 10000) has occurred while \output is active []


Overfull \hbox (336.25pt too wide) has occurred while \output is active
[]
 []


Underfull \vbox (badness 10000) has occurred while \output is active []


Overfull \hbox (336.25pt too wide) has occurred while \output is active
[]
 []


Underfull \hbox (badness 10000) has occurred while \output is active
 [][][][] 
 []

[24

]
Underfull \vbox (badness 10000) detected at line 275
 []


Overfull \hbox (336.25pt too wide) detected at line 275
[]
 []


Underfull \vbox (badness 10000) detected at line 275
 []


Overfull \hbox (336.25pt too wide) detected at line 275
[]
 []


Underfull \vbox (badness 10000) detected at line 275
 []


Overfull \hbox (336.25pt too wide) detected at line 275
[]
 []


Underfull \vbox (badness 10000) detected at line 275
 []


Overfull \hbox (336.25pt too wide) detected at line 275
[]
 []

Chapter 1.

Underfull \hbox (badness 10000) has occurred while \output is active
 [][][][] 
 []

[1


] [2]
LaTeX Font Info:    Font shape `TU/latinmodern-math.otf(2)/m/n' will be
(Font)              scaled to size 8.00085pt on input line 311.
LaTeX Font Info:    Font shape `TU/latinmodern-math.otf(2)/m/n' will be
(Font)              scaled to size 6.00064pt on input line 311.
LaTeX Font Info:    Font shape `TU/latinmodern-math.otf(3)/m/n' will be
(Font)              scaled to size 7.99915pt on input line 311.
LaTeX Font Info:    Font shape `TU/latinmodern-math.otf(3)/m/n' will be
(Font)              scaled to size 5.99936pt on input line 311.
[3]
File: ./addfigures/ch2addfigures/wheelword.png Graphic file (type bmp)
<./addfigures/ch2addfigures/wheelword.png>
[4] [5]
Underfull \hbox (badness 10000) detected at line 343
 [][]
 []


Underfull \hbox (badness 10000) detected at line 343
[][][]
 []


Underfull \hbox (badness 10000) detected at line 345
 [][]
 []


Underfull \hbox (badness 10000) detected at line 345
[][][]
 []

File: bookdown_files/figure-latex/fertle7515-1.pdf Graphic file (type pdf)
<use bookdown_files/figure-latex/fertle7515-1.pdf>
[6] [7]
LaTeX Font Info:    Font shape `TU/SourceCodePro(0)/b/n' will be
(Font)              scaled to size 8.00003pt on input line 368.
[8]
File: bookdown_files/figure-latex/incgdp1-1.pdf Graphic file (type pdf)
<use bookdown_files/figure-latex/incgdp1-1.pdf>
[9] [10] [11] [12]
Underfull \vbox (badness 10000) detected at line 454
 []


Overfull \hbox (336.25pt too wide) detected at line 454
[]
 []


Underfull \vbox (badness 10000) detected at line 454
 []


Overfull \hbox (336.25pt too wide) detected at line 454
[]
 []


Underfull \vbox (badness 10000) detected at line 454
 []


Overfull \hbox (336.25pt too wide) detected at line 454
[]
 []


Underfull \vbox (badness 10000) detected at line 454
 []


Overfull \hbox (336.25pt too wide) detected at line 454
[]
 []

Chapter 2.

Underfull \hbox (badness 10000) has occurred while \output is active
 [][][][] 
 []

[13


]
File: addfigures/ch2addfigures/cranlinks.png Graphic file (type bmp)
<addfigures/ch2addfigures/cranlinks.png>

Underfull \hbox (badness 1436) in paragraph at lines 496--497
\TU/lmr/m/n/10 Next, download the RStudio IDE for R. The app is free and open
 []


Underfull \hbox (badness 10000) in paragraph at lines 496--497

 []

[14]
File: addfigures/ch2addfigures/rstudiolink.png Graphic file (type bmp)
<addfigures/ch2addfigures/rstudiolink.png>

Underfull \hbox (badness 10000) detected at line 519
 [][]
 []


Underfull \hbox (badness 10000) detected at line 519
[][][]
 []

[15]
Underfull \hbox (badness 10000) detected at line 521
 [][]
 []


Underfull \hbox (badness 10000) detected at line 521
[][][]
 []


Underfull \hbox (badness 10000) detected at line 523
 [][]
 []


Underfull \hbox (badness 10000) detected at line 523
[][][]
 []


Underfull \hbox (badness 10000) detected at line 525
 [][]
 []


Underfull \hbox (badness 10000) detected at line 525
[][][]
 []


Underfull \hbox (badness 10000) detected at line 527
 [][]
 []


Underfull \hbox (badness 10000) detected at line 527
[][][]
 []

File: addfigures/ch2addfigures/Rstudio1Console.png Graphic file (type bmp)
<addfigures/ch2addfigures/Rstudio1Console.png>
[16] [17]
LaTeX Font Info:    Font shape `TU/SourceCodePro(0)/m/it' will be
(Font)              scaled to size 8.00003pt on input line 617.
[18] [19]
Underfull \hbox (badness 10000) detected at line 718
 [][]
 []


Underfull \hbox (badness 10000) detected at line 718
[][][]
 []


Underfull \hbox (badness 10000) detected at line 720
 [][]
 []


Underfull \hbox (badness 10000) detected at line 720
[][][]
 []


Underfull \hbox (badness 10000) detected at line 722
 [][]
 []


Underfull \hbox (badness 10000) detected at line 722
[][][]
 []


Underfull \hbox (badness 1132) in paragraph at lines 722--723
[]\TU/lmr/m/n/10 Functions typically require arguments—objects or instructions
 []

[20]
Underfull \hbox (badness 10000) detected at line 763
 [][]
 []


Underfull \hbox (badness 10000) detected at line 763
[][][]
 []


Underfull \hbox (badness 10000) detected at line 765
 [][]
 []


Underfull \hbox (badness 10000) detected at line 765
[][][]
 []

[21]
File: ./addfigures/ch2addfigures/setwd.png Graphic file (type bmp)
<./addfigures/ch2addfigures/setwd.png>
File: ./addfigures/ch2addfigures/filesassign1.png Graphic file (type bmp)
<./addfigures/ch2addfigures/filesassign1.png>
[22]
File: ./addfigures/ch2addfigures/scriptconsole.png Graphic file (type bmp)
<./addfigures/ch2addfigures/scriptconsole.png>

Underfull \hbox (badness 10000) detected at line 830
 [][]
 []


Underfull \hbox (badness 10000) detected at line 830
[][][]
 []


Underfull \hbox (badness 10000) detected at line 832
 [][]
 []


Underfull \hbox (badness 10000) detected at line 832
[][][]
 []

[23]
Underfull \hbox (badness 10000) detected at line 834
 [][]
 []


Underfull \hbox (badness 10000) detected at line 834
[][][]
 []


Underfull \hbox (badness 10000) detected at line 836
 [][]
 []


Underfull \hbox (badness 10000) detected at line 836
[][][]
 []

[24] [25]
File: ./addfigures/ch2addfigures/environmentpane.png Graphic file (type bmp)
<./addfigures/ch2addfigures/environmentpane.png>
[26]
File: bookdown_files/figure-latex/firstqplot-1.pdf Graphic file (type pdf)
<use bookdown_files/figure-latex/firstqplot-1.pdf>
[27] [28]
File: ./addfigures/ch2addfigures/Rmarkdowncreate.png Graphic file (type bmp)
<./addfigures/ch2addfigures/Rmarkdowncreate.png>
File: ./addfigures/ch2addfigures/Rmarkdownname.png Graphic file (type bmp)
<./addfigures/ch2addfigures/Rmarkdownname.png>
File: ./addfigures/ch2addfigures/RMarkdownbase.png Graphic file (type bmp)
<./addfigures/ch2addfigures/RMarkdownbase.png>
[29] [30]
File: ./addfigures/ch2addfigures/Rknitr.png Graphic file (type bmp)
<./addfigures/ch2addfigures/Rknitr.png>

Underfull \hbox (badness 10000) detected at line 1016
 [][]
 []


Underfull \hbox (badness 10000) detected at line 1016
[][][]
 []


Underfull \hbox (badness 10000) detected at line 1018
 [][]
 []


Underfull \hbox (badness 10000) detected at line 1018
[][][]
 []

File: ./addfigures/ch2addfigures/codechunkmarkdown.png Graphic file (type bmp)
<./addfigures/ch2addfigures/codechunkmarkdown.png>
LaTeX Font Info:    Font shape `TU/SourceCodePro(0)/m/n' will be
(Font)              scaled to size 6.40002pt on input line 1032.
[31]
Underfull \hbox (badness 10000) detected at line 1044
 [][]
 []


Underfull \hbox (badness 10000) detected at line 1044
[][][]
 []


Underfull \hbox (badness 10000) detected at line 1046
 [][]
 []


Underfull \hbox (badness 10000) detected at line 1046
[][][]
 []

[32]
Underfull \hbox (badness 10000) detected at line 1057
 [][]
 []


Underfull \hbox (badness 10000) detected at line 1057
[][][]
 []


Underfull \hbox (badness 10000) detected at line 1059
 [][]
 []


Underfull \hbox (badness 10000) detected at line 1059
[][][]
 []


Underfull \hbox (badness 10000) detected at line 1067
 [][]
 []


Underfull \hbox (badness 10000) detected at line 1067
[][][]
 []

[33]
Underfull \hbox (badness 10000) detected at line 1077
 [][]
 []


Underfull \hbox (badness 10000) detected at line 1077
[][][]
 []


Underfull \hbox (badness 10000) detected at line 1079
 [][]
 []


Underfull \hbox (badness 10000) detected at line 1079
[][][]
 []


Underfull \hbox (badness 10000) detected at line 1081
 [][]
 []


Underfull \hbox (badness 10000) detected at line 1081
[][][]
 []


Underfull \hbox (badness 10000) detected at line 1083
 [][]
 []


Underfull \hbox (badness 10000) detected at line 1083
[][][]
 []


Underfull \hbox (badness 10000) detected at line 1085
 [][]
 []


Underfull \hbox (badness 10000) detected at line 1085
[][][]
 []


Underfull \hbox (badness 10000) detected at line 1087
 [][]
 []


Underfull \hbox (badness 10000) detected at line 1087
[][][]
 []


Underfull \hbox (badness 10000) detected at line 1089
 [][]
 []


Underfull \hbox (badness 10000) detected at line 1089
[][][]
 []


Underfull \hbox (badness 10000) detected at line 1111
 [][]
 []


Underfull \hbox (badness 10000) detected at line 1111
[][][]
 []

[34]
Underfull \hbox (badness 10000) detected at line 1113
 [][]
 []


Underfull \hbox (badness 10000) detected at line 1113
[][][]
 []


Underfull \hbox (badness 10000) detected at line 1115
 [][]
 []


Underfull \hbox (badness 10000) detected at line 1115
[][][]
 []


Underfull \hbox (badness 10000) detected at line 1117
 [][]
 []


Underfull \hbox (badness 10000) detected at line 1117
[][][]
 []


Underfull \hbox (badness 10000) detected at line 1119
 [][]
 []


Underfull \hbox (badness 10000) detected at line 1119
[][][]
 []


Underfull \hbox (badness 10000) detected at line 1121
 [][]
 []


Underfull \hbox (badness 10000) detected at line 1121
[][][]
 []

[35]
Underfull \vbox (badness 10000) has occurred while \output is active []


Overfull \hbox (336.25pt too wide) has occurred while \output is active
[]
 []


Underfull \vbox (badness 10000) has occurred while \output is active []


Overfull \hbox (336.25pt too wide) has occurred while \output is active
[]
 []


Underfull \vbox (badness 10000) has occurred while \output is active []


Overfull \hbox (336.25pt too wide) has occurred while \output is active
[]
 []


Underfull \vbox (badness 10000) has occurred while \output is active []


Overfull \hbox (336.25pt too wide) has occurred while \output is active
[]
 []


Underfull \hbox (badness 10000) has occurred while \output is active
 [][][][] 
 []

[36

]
Underfull \vbox (badness 10000) detected at line 1125
 []


Overfull \hbox (336.25pt too wide) detected at line 1125
[]
 []


Underfull \vbox (badness 10000) detected at line 1125
 []


Overfull \hbox (336.25pt too wide) detected at line 1125
[]
 []


Underfull \vbox (badness 10000) detected at line 1125
 []


Overfull \hbox (336.25pt too wide) detected at line 1125
[]
 []


Underfull \vbox (badness 10000) detected at line 1125
 []


Overfull \hbox (336.25pt too wide) detected at line 1125
[]
 []

Chapter 3.

Underfull \hbox (badness 10000) has occurred while \output is active
 [][][][] 
 []

[37

] [38]
Underfull \hbox (badness 10000) detected at line 1176
 [][]
 []


Underfull \hbox (badness 10000) detected at line 1176
[][][]
 []


Underfull \hbox (badness 10000) detected at line 1178
 [][]
 []


Underfull \hbox (badness 10000) detected at line 1178
[][][]
 []


Underfull \hbox (badness 10000) detected at line 1180
 [][]
 []


Underfull \hbox (badness 10000) detected at line 1180
[][][]
 []

[39] [40] [41] [42] [43] [44] [45] [46] [47] [48] [49] [50] [51]
File: bookdown_files/figure-latex/qplotkdin-1.pdf Graphic file (type pdf)
<use bookdown_files/figure-latex/qplotkdin-1.pdf>
[52] [53] [54]
Underfull \hbox (badness 1281) in paragraph at lines 1754--1755
[]\TU/lmr/m/n/10 We are merging it with the HDI, in the comma-separated value f
ile
 []

[55]
Underfull \hbox (badness 10000) detected at line 1803
 [][]
 []


Underfull \hbox (badness 10000) detected at line 1803
[][][]
 []


Underfull \hbox (badness 10000) detected at line 1805
 [][]
 []


Underfull \hbox (badness 10000) detected at line 1805
[][][]
 []

[56] [57] [58]
File: bookdown_files/figure-latex/meanongdp-1.pdf Graphic file (type pdf)
<use bookdown_files/figure-latex/meanongdp-1.pdf>
[59] [60] [61] [62] [63]
File: bookdown_files/figure-latex/bellshape-1.pdf Graphic file (type pdf)
<use bookdown_files/figure-latex/bellshape-1.pdf>
[64] [65]
Underfull \hbox (badness 1028) in paragraph at lines 2084--2085
[]\TU/lmr/m/n/10 The \TU/SourceCodePro(0)/m/n/10 cov() []\TU/lmr/m/n/10 functio
n calculates covariance. For example, in the merged
 []

[66] [67] [68] [69] [70] [71]
File: bookdown_files/figure-latex/logandnotgdp-1.pdf Graphic file (type pdf)
<use bookdown_files/figure-latex/logandnotgdp-1.pdf>
[72]
File: bookdown_files/figure-latex/fertloggdp-1.pdf Graphic file (type pdf)
<use bookdown_files/figure-latex/fertloggdp-1.pdf>
[73] [74]
Underfull \hbox (badness 10000) detected at line 2332
 [][]
 []


Underfull \hbox (badness 10000) detected at line 2332
[][][]
 []


Underfull \hbox (badness 10000) detected at line 2334
 [][]
 []


Underfull \hbox (badness 10000) detected at line 2334
[][][]
 []


Underfull \hbox (badness 10000) detected at line 2336
 [][]
 []


Underfull \hbox (badness 10000) detected at line 2336
[][][]
 []


Underfull \hbox (badness 10000) detected at line 2338
 [][]
 []


Underfull \hbox (badness 10000) detected at line 2338
[][][]
 []


Underfull \hbox (badness 10000) detected at line 2340
 [][]
 []


Underfull \hbox (badness 10000) detected at line 2340
[][][]
 []

[75]
Underfull \hbox (badness 10000) detected at line 2358
 [][]
 []


Underfull \hbox (badness 10000) detected at line 2358
[][][]
 []


Underfull \hbox (badness 10000) detected at line 2360
 [][]
 []


Underfull \hbox (badness 10000) detected at line 2360
[][][]
 []

[76]
Underfull \vbox (badness 10000) detected at line 2364
 []


Overfull \hbox (336.25pt too wide) detected at line 2364
[]
 []


Underfull \vbox (badness 10000) detected at line 2364
 []


Overfull \hbox (336.25pt too wide) detected at line 2364
[]
 []


Underfull \vbox (badness 10000) detected at line 2364
 []


Overfull \hbox (336.25pt too wide) detected at line 2364
[]
 []


Underfull \vbox (badness 10000) detected at line 2364
 []


Overfull \hbox (336.25pt too wide) detected at line 2364
[]
 []

Chapter 4.

Underfull \hbox (badness 1112) in paragraph at lines 2378--2379
\TU/lmr/m/n/10 The term “data visualization” is everywhere. Hundreds of books p
ub-
 []


Underfull \hbox (badness 10000) has occurred while \output is active
 [][][][] 
 []

[77


] [78] [79]
File: bookdown_files/figure-latex/GDPhistv-1.pdf Graphic file (type pdf)
<use bookdown_files/figure-latex/GDPhistv-1.pdf>
[80]
File: bookdown_files/figure-latex/histpanels51020-1.pdf Graphic file (type pdf)

<use bookdown_files/figure-latex/histpanels51020-1.pdf>
[81] [82]
Underfull \hbox (badness 10000) detected at line 2512
 [][]
 []


Underfull \hbox (badness 10000) detected at line 2512
[][][]
 []


Underfull \hbox (badness 10000) detected at line 2514
 [][]
 []


Underfull \hbox (badness 10000) detected at line 2514
[][][]
 []

[83]
Underfull \hbox (badness 10000) detected at line 2516
 [][]
 []


Underfull \hbox (badness 10000) detected at line 2516
[][][]
 []


Underfull \hbox (badness 10000) detected at line 2518
 [][]
 []


Underfull \hbox (badness 10000) detected at line 2518
[][][]
 []

[84] [85]
File: addfigures/ch4addfigures/mccainbw.png Graphic file (type bmp)
<addfigures/ch4addfigures/mccainbw.png>
[86] [87]
File: bookdown_files/figure-latex/boxdw86-1.pdf Graphic file (type pdf)
<use bookdown_files/figure-latex/boxdw86-1.pdf>
[88] [89]
File: bookdown_files/figure-latex/densitydw1-1.pdf Graphic file (type pdf)
<use bookdown_files/figure-latex/densitydw1-1.pdf>
File: bookdown_files/figure-latex/densitydw2-1.pdf Graphic file (type pdf)
<use bookdown_files/figure-latex/densitydw2-1.pdf>
[90] [91]
File: bookdown_files/figure-latex/bubbleplotone-1.pdf Graphic file (type pdf)
<use bookdown_files/figure-latex/bubbleplotone-1.pdf>
[92]
File: bookdown_files/figure-latex/fgdpalpf-1.pdf Graphic file (type pdf)
<use bookdown_files/figure-latex/fgdpalpf-1.pdf>
[93]
File: bookdown_files/figure-latex/newgdplabs-1.pdf Graphic file (type pdf)
<use bookdown_files/figure-latex/newgdplabs-1.pdf>
[94] [95]
File: bookdown_files/figure-latex/gdptextcountry-1.pdf Graphic file (type pdf)
<use bookdown_files/figure-latex/gdptextcountry-1.pdf>
[96]
File: bookdown_files/figure-latex/newbubfig-1.pdf Graphic file (type pdf)
<use bookdown_files/figure-latex/newbubfig-1.pdf>
[97] [98] [99]
File: includegraphics/ch 4 includegraphics/screen capture plotly.png Graphic fi
le (type bmp)
<includegraphics/ch 4 includegraphics/screen capture plotly.png>
[100]
Underfull \hbox (badness 10000) detected at line 2949
 [][]
 []


Underfull \hbox (badness 10000) detected at line 2949
[][][]
 []


Underfull \hbox (badness 10000) detected at line 2951
 [][]
 []


Underfull \hbox (badness 10000) detected at line 2951
[][][]
 []


Underfull \hbox (badness 10000) detected at line 2953
 [][]
 []


Underfull \hbox (badness 10000) detected at line 2953
[][][]
 []

[101]
Underfull \hbox (badness 10000) detected at line 2955
 [][]
 []


Underfull \hbox (badness 10000) detected at line 2955
[][][]
 []


Underfull \hbox (badness 10000) detected at line 2957
 [][]
 []


Underfull \hbox (badness 10000) detected at line 2957
[][][]
 []


Underfull \hbox (badness 10000) detected at line 2959
 [][]
 []


Underfull \hbox (badness 10000) detected at line 2959
[][][]
 []

[102]
Underfull \vbox (badness 10000) detected at line 2963
 []


Overfull \hbox (336.25pt too wide) detected at line 2963
[]
 []


Underfull \vbox (badness 10000) detected at line 2963
 []


Overfull \hbox (336.25pt too wide) detected at line 2963
[]
 []


Underfull \vbox (badness 10000) detected at line 2963
 []


Overfull \hbox (336.25pt too wide) detected at line 2963
[]
 []


Underfull \vbox (badness 10000) detected at line 2963
 []


Overfull \hbox (336.25pt too wide) detected at line 2963
[]
 []

Chapter 5.

Underfull \hbox (badness 10000) has occurred while \output is active
 [][][][] 
 []

[103


] [104] [105]
LaTeX Font Info:    Font shape `TU/SourceCodePro(0)/b/n' will be
(Font)              scaled to size 8.80003pt on input line 3058.
[106] [107] [108] [109] [110] [111] [112] [113]
Underfull \hbox (badness 10000) detected at line 3408
 [][]
 []


Underfull \hbox (badness 10000) detected at line 3408
[][][]
 []


Underfull \hbox (badness 10000) detected at line 3410
 [][]
 []


Underfull \hbox (badness 10000) detected at line 3410
[][][]
 []


Underfull \hbox (badness 10000) detected at line 3412
 [][]
 []


Underfull \hbox (badness 10000) detected at line 3412
[][][]
 []


Underfull \hbox (badness 10000) in paragraph at lines 3412--3414

 []


Underfull \hbox (badness 10000) detected at line 3414
 [][]
 []


Underfull \hbox (badness 10000) detected at line 3414
[][][]
 []

[114]
Underfull \hbox (badness 10000) in paragraph at lines 3479--3480
[]\TU/lmr/m/n/10 For example, in \TU/SourceCodePro(0)/m/n/10 summarize(mean_ide
ology = mean(nominate_dim1))\TU/lmr/m/n/10 ,
 []


Underfull \hbox (badness 2073) in paragraph at lines 3479--3480
\TU/SourceCodePro(0)/m/n/10 mean_ideology \TU/lmr/m/n/10 will be the column nam
e in the summary dataframe,
 []

[115] [116] [117] [118] [119] [120] [121] [122]
File: bookdown_files/figure-latex/clevetrump-1.pdf Graphic file (type pdf)
<use bookdown_files/figure-latex/clevetrump-1.pdf>
[123] [124]
Underfull \hbox (badness 10000) detected at line 3838
 [][]
 []


Underfull \hbox (badness 10000) detected at line 3838
[][][]
 []

[125]
Underfull \hbox (badness 10000) detected at line 3840
 [][]
 []


Underfull \hbox (badness 10000) detected at line 3840
[][][]
 []


Underfull \hbox (badness 10000) detected at line 3842
 [][]
 []


Underfull \hbox (badness 10000) detected at line 3842
[][][]
 []


Underfull \hbox (badness 10000) detected at line 3844
 [][]
 []


Underfull \hbox (badness 10000) detected at line 3844
[][][]
 []


Underfull \hbox (badness 10000) detected at line 3846
 [][]
 []


Underfull \hbox (badness 10000) detected at line 3846
[][][]
 []

[126]
Underfull \vbox (badness 10000) detected at line 3850
 []


Overfull \hbox (336.25pt too wide) detected at line 3850
[]
 []


Underfull \vbox (badness 10000) detected at line 3850
 []


Overfull \hbox (336.25pt too wide) detected at line 3850
[]
 []


Underfull \vbox (badness 10000) detected at line 3850
 []


Overfull \hbox (336.25pt too wide) detected at line 3850
[]
 []


Underfull \vbox (badness 10000) detected at line 3850
 []


Overfull \hbox (336.25pt too wide) detected at line 3850
[]
 []

Chapter 6.

Underfull \hbox (badness 10000) has occurred while \output is active
 [][][][] 
 []

[127


] [128]
File: ./addfigures/ch6addfigures/mercatoralberscombo.png Graphic file (type bmp
)
<./addfigures/ch6addfigures/mercatoralberscombo.png>

Underfull \hbox (badness 10000) detected at line 3907
 [][]
 []


Underfull \hbox (badness 10000) detected at line 3907
[][][]
 []

[129]
Underfull \hbox (badness 10000) detected at line 3909
 [][]
 []


Underfull \hbox (badness 10000) detected at line 3909
[][][]
 []


Underfull \hbox (badness 10000) detected at line 3921
 [][]
 []


Underfull \hbox (badness 10000) detected at line 3921
[][][]
 []


Underfull \hbox (badness 10000) detected at line 3923
 [][]
 []


Underfull \hbox (badness 10000) detected at line 3923
[][][]
 []

[130]
Underfull \hbox (badness 10000) detected at line 3925
 [][]
 []


Underfull \hbox (badness 10000) detected at line 3925
[][][]
 []


Underfull \hbox (badness 10000) detected at line 3927
 [][]
 []


Underfull \hbox (badness 10000) detected at line 3927
[][][]
 []

[131]
File: ./includegraphics/ch 6 includegraphics/leaflet1.png Graphic file (type bm
p)
<./includegraphics/ch 6 includegraphics/leaflet1.png>
[132] [133]
File: ./includegraphics/ch 6 includegraphics/leaflet2.png Graphic file (type bm
p)
<./includegraphics/ch 6 includegraphics/leaflet2.png>
[134]
Underfull \hbox (badness 3078) in paragraph at lines 4046--4047
[]\TU/lmr/m/n/10 The air pollution dataset, stored within RStudio as the datafr
ame
 []


Underfull \hbox (badness 1552) in paragraph at lines 4046--4047
\TU/lmr/m/it/10 sa_air_pollution \TU/lmr/m/n/10 consists of eight columns. Revi
ew the contents with
 []

[135]
Underfull \hbox (badness 1052) in paragraph at lines 4100--4101
\TU/lmr/m/n/10 the argument \TU/SourceCodePro(0)/m/n/10 fillColor() \TU/lmr/m/n
/10 links to the color palette for the levels of
 []

File: ./includegraphics/ch 6 includegraphics/leaflet3.png Graphic file (type bm
p)
<./includegraphics/ch 6 includegraphics/leaflet3.png>
[136] [137]
File: ./includegraphics/ch 6 includegraphics/consulates.png Graphic file (type 
bmp)
<./includegraphics/ch 6 includegraphics/consulates.png>
[138] [139]
File: ./includegraphics/ch 6 includegraphics/dcpoints.png Graphic file (type bm
p)
<./includegraphics/ch 6 includegraphics/dcpoints.png>
File: ./includegraphics/ch 6 includegraphics/dcpoints2.png Graphic file (type b
mp)
<./includegraphics/ch 6 includegraphics/dcpoints2.png>
[140] [141]
File: bookdown_files/figure-latex/saairfill-1.pdf Graphic file (type pdf)
<use bookdown_files/figure-latex/saairfill-1.pdf>
[142]
Underfull \hbox (badness 10000) detected at line 4284
 [][]
 []


Underfull \hbox (badness 10000) detected at line 4284
[][][]
 []


Underfull \hbox (badness 10000) detected at line 4286
 [][]
 []


Underfull \hbox (badness 10000) detected at line 4286
[][][]
 []


Underfull \hbox (badness 10000) detected at line 4288
 [][]
 []


Underfull \hbox (badness 10000) detected at line 4288
[][][]
 []


Underfull \hbox (badness 10000) detected at line 4290
 [][]
 []


Underfull \hbox (badness 10000) detected at line 4290
[][][]
 []


Underfull \hbox (badness 10000) detected at line 4292
 [][]
 []


Underfull \hbox (badness 10000) detected at line 4292
[][][]
 []

[143]
File: bookdown_files/figure-latex/micounties-1.pdf Graphic file (type pdf)
<use bookdown_files/figure-latex/micounties-1.pdf>
[144] [145]
Underfull \hbox (badness 1331) in paragraph at lines 4389--4390
[]\TU/lmr/m/n/10 To create an election map that simply displays a red-colored c
ounty
 []


Underfull \hbox (badness 1158) in paragraph at lines 4389--4390
\TU/lmr/m/n/10 manually with \TU/SourceCodePro(0)/m/n/10 scale_fill_manual()\TU
/lmr/m/n/10 . To add the fill, we specify it as
 []

[146]
File: bookdown_files/figure-latex/mi2016map-1.pdf Graphic file (type pdf)
<use bookdown_files/figure-latex/mi2016map-1.pdf>
[147]
File: bookdown_files/figure-latex/redpurplebluemi-1.pdf Graphic file (type pdf)

<use bookdown_files/figure-latex/redpurplebluemi-1.pdf>
[148]
File: bookdown_files/figure-latex/redwhitebluemi2-1.pdf Graphic file (type pdf)

<use bookdown_files/figure-latex/redwhitebluemi2-1.pdf>
[149] [150] [151]
File: bookdown_files/figure-latex/micartmap-1.pdf Graphic file (type pdf)
<use bookdown_files/figure-latex/micartmap-1.pdf>
[152] [153]
File: ./includegraphics/ch 6 includegraphics/misenate.png Graphic file (type bm
p)
<./includegraphics/ch 6 includegraphics/misenate.png>
[154]
Underfull \hbox (badness 10000) in paragraph at lines 4623--4624
[]\TU/lmr/m/n/10 Try visualizing the district with \TU/SourceCodePro(0)/m/n/10 
leaflet() %>% addPoly-
 []

[155]
File: ./includegraphics/ch 6 includegraphics/29hull.png Graphic file (type bmp)

<./includegraphics/ch 6 includegraphics/29hull.png>
[156] [157] [158]
File: ./includegraphics/ch 6 includegraphics/polsby_circle.png Graphic file (ty
pe bmp)
<./includegraphics/ch 6 includegraphics/polsby_circle.png>
[159] [160]
Underfull \hbox (badness 10000) in paragraph at lines 4851--4852
[]\TU/lmr/m/n/10 We can store these columns into a separate dataset,
 []

[161] [162] [163]
Underfull \hbox (badness 1742) in paragraph at lines 4982--4983
[]\TU/lmr/m/n/10 A quick way to identify variables is displaying the data table
 with
 []

File: ./addfigures/ch6addfigures/censusdata.png Graphic file (type bmp)
<./addfigures/ch6addfigures/censusdata.png>
[164] [165] [166] [167]
Underfull \hbox (badness 10000) detected at line 5137
 [][]
 []


Underfull \hbox (badness 10000) detected at line 5137
[][][]
 []


Underfull \hbox (badness 10000) detected at line 5139
 [][]
 []


Underfull \hbox (badness 10000) detected at line 5139
[][][]
 []


Underfull \hbox (badness 10000) detected at line 5141
 [][]
 []


Underfull \hbox (badness 10000) detected at line 5141
[][][]
 []


Underfull \hbox (badness 10000) detected at line 5143
 [][]
 []


Underfull \hbox (badness 10000) detected at line 5143
[][][]
 []


Underfull \hbox (badness 10000) detected at line 5145
 [][]
 []


Underfull \hbox (badness 10000) detected at line 5145
[][][]
 []

[168]
Underfull \vbox (badness 10000) detected at line 5149
 []


Overfull \hbox (336.25pt too wide) detected at line 5149
[]
 []


Underfull \vbox (badness 10000) detected at line 5149
 []


Overfull \hbox (336.25pt too wide) detected at line 5149
[]
 []


Underfull \vbox (badness 10000) detected at line 5149
 []


Overfull \hbox (336.25pt too wide) detected at line 5149
[]
 []


Underfull \vbox (badness 10000) detected at line 5149
 []


Overfull \hbox (336.25pt too wide) detected at line 5149
[]
 []

Chapter 7.

Underfull \hbox (badness 10000) has occurred while \output is active
 [][][][] 
 []

[169


]
File: ./includegraphics/ch 7 includegraphics/ftmds.png Graphic file (type bmp)
<./includegraphics/ch 7 includegraphics/ftmds.png>
[170] [171]
File: bookdown_files/figure-latex/eucliddiagram-1.pdf Graphic file (type pdf)
<use bookdown_files/figure-latex/eucliddiagram-1.pdf>
[172]
File: bookdown_files/figure-latex/manhattandiagram-1.pdf Graphic file (type pdf
)
<use bookdown_files/figure-latex/manhattandiagram-1.pdf>
[173] [174] [175] [176] [177] [178] [179] [180]
File: bookdown_files/figure-latex/shepfig-1.pdf Graphic file (type pdf)
<use bookdown_files/figure-latex/shepfig-1.pdf>
[181] [182] [183] [184] [185]
Overfull \vbox (0.32018pt too high) detected at line 5736
 []

[186]
Underfull \hbox (badness 3240) in paragraph at lines 5773--5774
[]\TU/lmr/m/n/10 Before continuing, take time to observe the structure of the d
ata
 []


Underfull \hbox (badness 1337) in paragraph at lines 5773--5774
\TU/SourceCodePro(0)/m/n/10 co_na_h_votes_117_wide \TU/lmr/m/n/10 in wide forma
t, and think ahead to how the
 []


Underfull \hbox (badness 3128) in paragraph at lines 5773--5774
\TU/lmr/m/n/10 distance metric will handle missing values \TU/lmr/m/it/10 NA\TU
/lmr/m/n/10 . For example, enter
 []

[187] [188] [189]
Underfull \hbox (badness 10000) in paragraph at lines 5891--5892
[]\TU/lmr/m/n/10 Stress shows an excellent one-dimensional fit of .0027.
 []


Underfull \hbox (badness 10000) in paragraph at lines 5891--5892
\TU/lmr/m/n/10 (Type \TU/SourceCodePro(0)/m/n/10 co_h_117_euc_mds$stress\TU/lmr
/m/n/10 ). We store the coordinates
 []

File: bookdown_files/figure-latex/comdseuc-1.pdf Graphic file (type pdf)
<use bookdown_files/figure-latex/comdseuc-1.pdf>
[190] [191]
Underfull \hbox (badness 1436) in paragraph at lines 5979--5980
[]\TU/lmr/m/n/10 Inspect \TU/lmr/m/it/10 s_memb_votes_117 \TU/lmr/m/n/10 to obs
erve it matches the format of the
 []


Underfull \hbox (badness 2073) in paragraph at lines 5979--5980
\TU/lmr/m/n/10 House data. Next we pivot the data to wide format (saving it as
 []

[192] [193]
File: bookdown_files/figure-latex/seucmds-1.pdf Graphic file (type pdf)
<use bookdown_files/figure-latex/seucmds-1.pdf>
[194]
File: bookdown_files/figure-latex/seucmds2-1.pdf Graphic file (type pdf)
<use bookdown_files/figure-latex/seucmds2-1.pdf>
[195] [196]
File: bookdown_files/figure-latex/hacdend-1.pdf Graphic file (type pdf)
<use bookdown_files/figure-latex/hacdend-1.pdf>
[197]
File: ./includegraphics/ch 7 includegraphics/dendogramsenate.png Graphic file (
type bmp)
<./includegraphics/ch 7 includegraphics/dendogramsenate.png>

LaTeX Warning: Float too large for page by 33.9895pt on input line 6209.

[198] [199] [200]
Underfull \hbox (badness 10000) detected at line 6237
 [][]
 []


Underfull \hbox (badness 10000) detected at line 6237
[][][]
 []


Underfull \hbox (badness 10000) detected at line 6239
 [][]
 []


Underfull \hbox (badness 10000) detected at line 6239
[][][]
 []


Underfull \hbox (badness 10000) detected at line 6241
 [][]
 []


Underfull \hbox (badness 10000) detected at line 6241
[][][]
 []


Underfull \hbox (badness 10000) detected at line 6243
 [][]
 []


Underfull \hbox (badness 10000) detected at line 6243
[][][]
 []


Underfull \hbox (badness 10000) detected at line 6245
 [][]
 []


Underfull \hbox (badness 10000) detected at line 6245
[][][]
 []

[201]
Underfull \vbox (badness 10000) has occurred while \output is active []


Overfull \hbox (336.25pt too wide) has occurred while \output is active
[]
 []


Underfull \vbox (badness 10000) has occurred while \output is active []


Overfull \hbox (336.25pt too wide) has occurred while \output is active
[]
 []


Underfull \vbox (badness 10000) has occurred while \output is active []


Overfull \hbox (336.25pt too wide) has occurred while \output is active
[]
 []


Underfull \vbox (badness 10000) has occurred while \output is active []


Overfull \hbox (336.25pt too wide) has occurred while \output is active
[]
 []


Underfull \hbox (badness 10000) has occurred while \output is active
 [][][][] 
 []

[202

]
Underfull \vbox (badness 10000) detected at line 6249
 []


Overfull \hbox (336.25pt too wide) detected at line 6249
[]
 []


Underfull \vbox (badness 10000) detected at line 6249
 []


Overfull \hbox (336.25pt too wide) detected at line 6249
[]
 []


Underfull \vbox (badness 10000) detected at line 6249
 []


Overfull \hbox (336.25pt too wide) detected at line 6249
[]
 []


Underfull \vbox (badness 10000) detected at line 6249
 []


Overfull \hbox (336.25pt too wide) detected at line 6249
[]
 []

Chapter 8.

Underfull \hbox (badness 10000) has occurred while \output is active
 [][][][] 
 []

[203

] [204] [205] [206] [207] [208] [209]
Underfull \hbox (badness 1442) in paragraph at lines 6476--6477
[]\TU/lmr/m/n/10 The \TU/SourceCodePro(0)/m/n/10 textstat_frequency() \TU/lmr/m
/n/10 function calculates frequency statistics in a
 []

[210] [211] [212] [213] [214]
File: bookdown_files/figure-latex/fed123mfw-1.pdf Graphic file (type pdf)
<use bookdown_files/figure-latex/fed123mfw-1.pdf>
[215] [216] [217] [218]
Underfull \hbox (badness 1571) in paragraph at lines 6798--6799
\TU/lmr/m/n/10 content of text. A cloud visualizes words in varying sizes, with
 the
 []


Underfull \hbox (badness 1603) in paragraph at lines 6798--6799
\TU/lmr/m/n/10 processing of the text to remove function words. Otherwise, a wo
rd
 []


Underfull \hbox (badness 1024) in paragraph at lines 6798--6799
\TU/lmr/m/n/10 age to \TU/lmr/bx/n/10 quanteda\TU/lmr/m/n/10 , the \TU/SourceCo
dePro(0)/m/n/10 textplot_wordcloud() []\TU/lmr/m/n/10 creates word clouds from
 []


Underfull \hbox (badness 10000) in paragraph at lines 6806--6807
[]\TU/lmr/m/n/10 For \TU/lmr/m/it/10 The Federalist \TU/lmr/m/n/10 papers, the 
input document features ma-
 []


Underfull \hbox (badness 10000) in paragraph at lines 6806--6807
\TU/lmr/m/n/10 trix is \TU/lmr/m/it/10 dfm_fed_papers_nostop\TU/lmr/m/n/10 . Wi
thout any additional argu-
 []


Underfull \hbox (badness 10000) in paragraph at lines 6806--6807
\TU/lmr/m/n/10 ments, an all-encompassing word cloud can be created with
 []


Underfull \hbox (badness 10000) in paragraph at lines 6806--6807
\TU/SourceCodePro(0)/m/n/10 textplot_wordcloud(dfm_fed_papers_nostop)\TU/lmr/m/
n/10 . Typically, however, word
 []

File: ./addfigures/ch8addfigures/fedwordcloud.png Graphic file (type bmp)
<./addfigures/ch8addfigures/fedwordcloud.png>
[219]
File: ./addfigures/ch8addfigures/fedwordcloudcomp.png Graphic file (type bmp)
<./addfigures/ch8addfigures/fedwordcloudcomp.png>
LaTeX Font Info:    Font shape `TU/latinmodern-math.otf(2)/m/n' will be
(Font)              scaled to size 12.00128pt on input line 6842.
LaTeX Font Info:    Font shape `TU/latinmodern-math.otf(3)/m/n' will be
(Font)              scaled to size 11.99872pt on input line 6842.
[220] [221] [222] [223] [224]
Underfull \hbox (badness 10000) in paragraph at lines 6977--6978
[]\TU/lmr/m/n/10 The raw frequency DFM from \TU/lmr/m/it/10 The Federalist Pape
rs \TU/lmr/m/n/10 is
 []

[225] [226] [227] [228] [229] [230]
Underfull \hbox (badness 1888) in paragraph at lines 7203--7204
[]\TU/lmr/m/n/10 The \TU/lmr/m/it/10 docname \TU/lmr/m/n/10 variable in \TU/lmr
/m/it/10 kw_support \TU/lmr/m/n/10 identifies the comment. Typing
 []

[231] [232] [233]
Underfull \hbox (badness 10000) detected at line 7312
 [][]
 []


Underfull \hbox (badness 10000) detected at line 7312
[][][]
 []


Underfull \hbox (badness 10000) detected at line 7314
 [][]
 []


Underfull \hbox (badness 10000) detected at line 7314
[][][]
 []


Underfull \hbox (badness 2080) in paragraph at lines 7314--7316
[]\TU/lmr/m/n/10 Create a one-dimensional representation of the scaling solu-
 []


Underfull \hbox (badness 10000) detected at line 7316
 [][]
 []


Underfull \hbox (badness 10000) detected at line 7316
[][][]
 []


Underfull \hbox (badness 10000) detected at line 7318
 [][]
 []


Underfull \hbox (badness 10000) detected at line 7318
[][][]
 []


Underfull \hbox (badness 10000) detected at line 7320
 [][]
 []


Underfull \hbox (badness 10000) detected at line 7320
[][][]
 []


Underfull \hbox (badness 3657) in paragraph at lines 7320--7321
\TU/lmr/m/n/10 (Copy the data to a corpus object, \TU/SourceCodePro(0)/m/n/10 i
naugural_corpus <-
 []

[234]
Underfull \vbox (badness 10000) detected at line 7324
 []


Overfull \hbox (336.25pt too wide) detected at line 7324
[]
 []


Underfull \vbox (badness 10000) detected at line 7324
 []


Overfull \hbox (336.25pt too wide) detected at line 7324
[]
 []


Underfull \vbox (badness 10000) detected at line 7324
 []


Overfull \hbox (336.25pt too wide) detected at line 7324
[]
 []


Underfull \vbox (badness 10000) detected at line 7324
 []


Overfull \hbox (336.25pt too wide) detected at line 7324
[]
 []

Chapter 9.

Underfull \hbox (badness 10000) has occurred while \output is active
 [][][][] 
 []

[235


] [236]
Underfull \hbox (badness 2961) in paragraph at lines 7360--7361
\TU/lmr/m/n/10 The 2020 ANES survey dataset is stored within an R Workspace,
 []

[237] [238] [239] [240] [241] [242] [243] [244] [245] [246]
Underfull \hbox (badness 2229) in paragraph at lines 7761--7762
[]\TU/lmr/m/n/10 The function \TU/SourceCodePro(0)/m/n/10 fct_relevel() []\TU/l
mr/m/n/10 sets the order of the labels. Enter \TU/SourceCodePro(0)/m/n/10 ta-
 []

[247] [248] [249] [250] [251] [252] [253] [254] [255] [256]
File: bookdown_files/figure-latex/table1bar1-1.pdf Graphic file (type pdf)
<use bookdown_files/figure-latex/table1bar1-1.pdf>
[257]
File: bookdown_files/figure-latex/bardodge-1.pdf Graphic file (type pdf)
<use bookdown_files/figure-latex/bardodge-1.pdf>

Underfull \hbox (badness 10000) in paragraph at lines 8245--8246
[]\TU/lmr/m/n/10 The line \TU/SourceCodePro(0)/m/n/10 theme_minimal() \TU/lmr/m
/n/10 removes the grey background and
 []

[258] [259]
Underfull \hbox (badness 7558) in paragraph at lines 8300--8301
[]\TU/lmr/m/n/10 The dataframe includes row names, which can be deleted with
 []


Underfull \hbox (badness 3281) in paragraph at lines 8300--8301
\TU/SourceCodePro(0)/m/n/10 row.names(table1)<-NULL\TU/lmr/m/n/10 . The datafra
me \TU/lmr/m/it/10 table1 \TU/lmr/m/n/10 is fed into \TU/SourceCodePro(0)/m/n/1
0 ggplot()\TU/lmr/m/n/10 .
 []

File: bookdown_files/figure-latex/errorbarplot1-1.pdf Graphic file (type pdf)
<use bookdown_files/figure-latex/errorbarplot1-1.pdf>
[260] [261]
File: bookdown_files/figure-latex/errorbarmf-1.pdf Graphic file (type pdf)
<use bookdown_files/figure-latex/errorbarmf-1.pdf>
[262] [263]
File: bookdown_files/figure-latex/weighthist-1.pdf Graphic file (type pdf)
<use bookdown_files/figure-latex/weighthist-1.pdf>
[264]
Underfull \hbox (badness 10000) detected at line 8431
 [][]
 []


Underfull \hbox (badness 10000) detected at line 8431
[][][]
 []


Underfull \hbox (badness 10000) detected at line 8433
 [][]
 []


Underfull \hbox (badness 10000) detected at line 8433
[][][]
 []


Underfull \hbox (badness 10000) detected at line 8435
 [][]
 []


Underfull \hbox (badness 10000) detected at line 8435
[][][]
 []


Underfull \hbox (badness 10000) detected at line 8437
 [][]
 []


Underfull \hbox (badness 10000) detected at line 8437
[][][]
 []


Underfull \hbox (badness 10000) detected at line 8439
 [][]
 []


Underfull \hbox (badness 10000) detected at line 8439
[][][]
 []


Underfull \hbox (badness 10000) detected at line 8441
 [][]
 []


Underfull \hbox (badness 10000) detected at line 8441
[][][]
 []


Underfull \hbox (badness 10000) detected at line 8443
 [][]
 []


Underfull \hbox (badness 10000) detected at line 8443
[][][]
 []

[265]
Underfull \vbox (badness 10000) has occurred while \output is active []


Overfull \hbox (336.25pt too wide) has occurred while \output is active
[]
 []


Underfull \vbox (badness 10000) has occurred while \output is active []


Overfull \hbox (336.25pt too wide) has occurred while \output is active
[]
 []


Underfull \vbox (badness 10000) has occurred while \output is active []


Overfull \hbox (336.25pt too wide) has occurred while \output is active
[]
 []


Underfull \vbox (badness 10000) has occurred while \output is active []


Overfull \hbox (336.25pt too wide) has occurred while \output is active
[]
 []


Underfull \hbox (badness 10000) has occurred while \output is active
 [][][][] 
 []

[266

]
Underfull \vbox (badness 10000) detected at line 8447
 []


Overfull \hbox (336.25pt too wide) detected at line 8447
[]
 []


Underfull \vbox (badness 10000) detected at line 8447
 []


Overfull \hbox (336.25pt too wide) detected at line 8447
[]
 []


Underfull \vbox (badness 10000) detected at line 8447
 []


Overfull \hbox (336.25pt too wide) detected at line 8447
[]
 []


Underfull \vbox (badness 10000) detected at line 8447
 []


Overfull \hbox (336.25pt too wide) detected at line 8447
[]
 []

Chapter 10.

Underfull \hbox (badness 10000) has occurred while \output is active
 [][][][] 
 []

[267

]
File: bookdown_files/figure-latex/incapp-1.pdf Graphic file (type pdf)
<use bookdown_files/figure-latex/incapp-1.pdf>
[268] [269] [270] [271]
File: bookdown_files/figure-latex/residfig-1.pdf Graphic file (type pdf)
<use bookdown_files/figure-latex/residfig-1.pdf>
[272] [273] [274]
Underfull \hbox (badness 10000) detected at line 8680
 [][]
 []


Underfull \hbox (badness 10000) detected at line 8680
[][][]
 []


Underfull \hbox (badness 10000) detected at line 8682
 [][]
 []


Underfull \hbox (badness 10000) detected at line 8682
[][][]
 []


Underfull \hbox (badness 10000) detected at line 8684
 [][]
 []


Underfull \hbox (badness 10000) detected at line 8684
[][][]
 []

[275] [276] [277]
File: bookdown_files/figure-latex/residfit-1.pdf Graphic file (type pdf)
<use bookdown_files/figure-latex/residfit-1.pdf>

Underfull \hbox (badness 10000) detected at line 8793
 [][]
 []


Underfull \hbox (badness 10000) detected at line 8793
[][][]
 []

[278]
Underfull \hbox (badness 10000) detected at line 8795
 [][]
 []


Underfull \hbox (badness 10000) detected at line 8795
[][][]
 []

[279] [280] [281] [282] [283] [284] [285]
Underfull \hbox (badness 1303) in paragraph at lines 8973--8974
[]\TU/lmr/m/n/10 Here, we include the \TU/SourceCodePro(0)/m/n/10 weight= \TU/l
mr/m/n/10 argument to apply the weight variable
 []


Overfull \hbox (15.50134pt too wide) in paragraph at lines 8989--8989
[]\TU/SourceCodePro(0)/m/n/10 ## lm(formula = partyid_num ~ attend_num, data = 
anes_20, weights = V200015b)[] 
 []


Overfull \hbox (15.50134pt too wide) in paragraph at lines 9020--9020
[]\TU/SourceCodePro(0)/m/n/10 ## lm(formula = partyid_num ~ attend_num, data = 
anes_20, weights = V200015b)[] 
 []

[286] [287]
Underfull \hbox (badness 10000) detected at line 9059
 [][]
 []


Underfull \hbox (badness 10000) detected at line 9059
[][][]
 []

[288]
Underfull \hbox (badness 10000) detected at line 9061
 [][]
 []


Underfull \hbox (badness 10000) detected at line 9061
[][][]
 []


Underfull \hbox (badness 10000) detected at line 9063
 [][]
 []


Underfull \hbox (badness 10000) detected at line 9063
[][][]
 []

[289]
Overfull \hbox (44.30147pt too wide) in paragraph at lines 9133--9133
[]\TU/SourceCodePro(0)/m/n/10 ## svyglm(formula = as.numeric(partyid7pt) ~ atte
nd_num, design = anes2020_design)[] 
 []

[290]
Underfull \hbox (badness 1009) in paragraph at lines 9149--9150
[]\TU/lmr/m/n/10 To confirm the storage type of the variable, check its structu
re with
 []

[291] [292] [293] [294] [295] [296] [297] [298] [299] [300]
Underfull \hbox (badness 10000) in paragraph at lines 9504--9505
[]\TU/lmr/m/n/10 For a basic plot of regression results from \TU/lmr/m/it/10 re
gmodel4\TU/lmr/m/n/10 , enter
 []

File: bookdown_files/figure-latex/regmodelplot-1.pdf Graphic file (type pdf)
<use bookdown_files/figure-latex/regmodelplot-1.pdf>
[301]
Underfull \hbox (badness 10000) detected at line 9538
 [][]
 []


Underfull \hbox (badness 10000) detected at line 9538
[][][]
 []


Underfull \hbox (badness 10000) detected at line 9540
 [][]
 []


Underfull \hbox (badness 10000) detected at line 9540
[][][]
 []

[302]
Underfull \hbox (badness 10000) detected at line 9542
 [][]
 []


Underfull \hbox (badness 10000) detected at line 9542
[][][]
 []


Underfull \hbox (badness 10000) detected at line 9544
 [][]
 []


Underfull \hbox (badness 10000) detected at line 9544
[][][]
 []


Underfull \hbox (badness 10000) detected at line 9546
 [][]
 []


Underfull \hbox (badness 10000) detected at line 9546
[][][]
 []


Underfull \hbox (badness 10000) detected at line 9548
 [][]
 []


Underfull \hbox (badness 10000) detected at line 9548
[][][]
 []


Underfull \hbox (badness 10000) detected at line 9550
 [][]
 []


Underfull \hbox (badness 10000) detected at line 9550
[][][]
 []

[303]
Underfull \hbox (badness 10000) detected at line 9569
 [][]
 []


Underfull \hbox (badness 10000) detected at line 9569
[][][]
 []


Underfull \hbox (badness 10000) detected at line 9571
 [][]
 []


Underfull \hbox (badness 10000) detected at line 9571
[][][]
 []


Underfull \hbox (badness 10000) detected at line 9573
 [][]
 []


Underfull \hbox (badness 10000) detected at line 9573
[][][]
 []


Underfull \hbox (badness 10000) detected at line 9575
 [][]
 []


Underfull \hbox (badness 10000) detected at line 9575
[][][]
 []


Underfull \hbox (badness 10000) detected at line 9577
 [][]
 []


Underfull \hbox (badness 10000) detected at line 9577
[][][]
 []


Underfull \hbox (badness 4595) in paragraph at lines 9577--9578
\TU/SourceCodePro(0)/m/n/10 geom_text_repel(aes(x=pc_income_2020, y=trump_perce
nt_2020,
 []

[304]
Underfull \hbox (badness 10000) detected at line 9585
 [][]
 []


Underfull \hbox (badness 10000) detected at line 9585
[][][]
 []

[305]
Underfull \vbox (badness 10000) has occurred while \output is active []


Overfull \hbox (336.25pt too wide) has occurred while \output is active
[]
 []


Underfull \vbox (badness 10000) has occurred while \output is active []


Overfull \hbox (336.25pt too wide) has occurred while \output is active
[]
 []


Underfull \vbox (badness 10000) has occurred while \output is active []


Overfull \hbox (336.25pt too wide) has occurred while \output is active
[]
 []


Underfull \vbox (badness 10000) has occurred while \output is active []


Overfull \hbox (336.25pt too wide) has occurred while \output is active
[]
 []


Underfull \hbox (badness 10000) has occurred while \output is active
 [][][][] 
 []

[306

]
Underfull \vbox (badness 10000) detected at line 9589
 []


Overfull \hbox (336.25pt too wide) detected at line 9589
[]
 []


Underfull \vbox (badness 10000) detected at line 9589
 []


Overfull \hbox (336.25pt too wide) detected at line 9589
[]
 []


Underfull \vbox (badness 10000) detected at line 9589
 []


Overfull \hbox (336.25pt too wide) detected at line 9589
[]
 []


Underfull \vbox (badness 10000) detected at line 9589
 []


Overfull \hbox (336.25pt too wide) detected at line 9589
[]
 []

Chapter 11.

Underfull \hbox (badness 10000) has occurred while \output is active
 [][][][] 
 []

[307

] [308]
File: bookdown_files/figure-latex/residfitfig1-1.pdf Graphic file (type pdf)
<use bookdown_files/figure-latex/residfitfig1-1.pdf>
File: bookdown_files/figure-latex/residfitfig2-1.pdf Graphic file (type pdf)
<use bookdown_files/figure-latex/residfitfig2-1.pdf>
[309] [310] [311] [312] [313] [314] [315] [316] [317]
Overfull \hbox (5.9013pt too wide) in paragraph at lines 9963--9963
[]\TU/SourceCodePro(0)/m/n/10 ## Model 1: svyglm(formula = partyid_num ~ edu + 
sex + race_category + age +[] 
 []


Overfull \hbox (10.70134pt too wide) in paragraph at lines 9963--9963
[]\TU/SourceCodePro(0)/m/n/10 ##     never_married + income + evang + attend_nu
m, design = anes2020_design)[] 
 []


Overfull \hbox (5.9013pt too wide) in paragraph at lines 9963--9963
[]\TU/SourceCodePro(0)/m/n/10 ## Model 2: svyglm(formula = partyid_num ~ edu + 
sex + race_category + age +[] 
 []

[318] [319]
Overfull \hbox (1.10129pt too wide) in paragraph at lines 9997--9997
[]\TU/SourceCodePro(0)/m/n/10 ## Model 2: partyid_num ~ edu + sex + race_catego
ry + age + never_married +[] 
 []

[320] [321]
Underfull \hbox (badness 10000) detected at line 10060
 [][]
 []


Underfull \hbox (badness 10000) detected at line 10060
[][][]
 []

[322]
Underfull \hbox (badness 10000) detected at line 10062
 [][]
 []


Underfull \hbox (badness 10000) detected at line 10062
[][][]
 []


Underfull \hbox (badness 10000) detected at line 10064
 [][]
 []


Underfull \hbox (badness 10000) detected at line 10064
[][][]
 []

[323]
Underfull \vbox (badness 10000) has occurred while \output is active []


Overfull \hbox (336.25pt too wide) has occurred while \output is active
[]
 []


Underfull \vbox (badness 10000) has occurred while \output is active []


Overfull \hbox (336.25pt too wide) has occurred while \output is active
[]
 []


Underfull \vbox (badness 10000) has occurred while \output is active []


Overfull \hbox (336.25pt too wide) has occurred while \output is active
[]
 []


Underfull \vbox (badness 10000) has occurred while \output is active []


Overfull \hbox (336.25pt too wide) has occurred while \output is active
[]
 []


Underfull \hbox (badness 10000) has occurred while \output is active
 [][][][] 
 []

[324

]
Underfull \vbox (badness 10000) detected at line 10068
 []


Overfull \hbox (336.25pt too wide) detected at line 10068
[]
 []


Underfull \vbox (badness 10000) detected at line 10068
 []


Overfull \hbox (336.25pt too wide) detected at line 10068
[]
 []


Underfull \vbox (badness 10000) detected at line 10068
 []


Overfull \hbox (336.25pt too wide) detected at line 10068
[]
 []


Underfull \vbox (badness 10000) detected at line 10068
 []


Overfull \hbox (336.25pt too wide) detected at line 10068
[]
 []

Chapter 12.

Underfull \hbox (badness 10000) has occurred while \output is active
 [][][][] 
 []

[325

]
File: bookdown_files/figure-latex/logisticcurve-1.pdf Graphic file (type pdf)
<use bookdown_files/figure-latex/logisticcurve-1.pdf>
[326] [327] [328]
Missing character: There is no ≈ (U+2248) in font [lmroman10-regular]:mapping=t
ex-text;!
[329] [330] [331] [332] [333]
Overfull \hbox (9.10132pt too wide) in paragraph at lines 10395--10395
[]\TU/SourceCodePro(0)/m/n/10 ##     family = binomial(link = "logit"), data = 
anes_20, weights = V200015b)[] 
 []

[334] [335] [336] [337]
Overfull \hbox (1.10129pt too wide) in paragraph at lines 10508--10508
[]\TU/SourceCodePro(0)/m/n/10 ## svyglm(formula = death_penalty ~ sex + age + e
ducation + race_minority,[] 
 []

[338] [339] [340] [341] [342]
File: bookdown_files/figure-latex/logitmdp-1.pdf Graphic file (type pdf)
<use bookdown_files/figure-latex/logitmdp-1.pdf>
[343]
File: bookdown_files/figure-latex/logitpredictions-1.pdf Graphic file (type pdf
)
<use bookdown_files/figure-latex/logitpredictions-1.pdf>
[344]
File: bookdown_files/figure-latex/predictoreffects-1.pdf Graphic file (type pdf
)
<use bookdown_files/figure-latex/predictoreffects-1.pdf>
[345] [346] [347] [348]
Overfull \hbox (17.10135pt too wide) in paragraph at lines 10834--10834
[]\TU/SourceCodePro(0)/m/n/10 ##  in svyglm(formula = death_penalty ~ sex + age
 + education + race_minority,[] 
 []

[349] [350] [351]

LaTeX Warning: `!h' float specifier changed to `!ht'.

[352] [353]
File: bookdown_files/figure-latex/model2devresid-1.pdf Graphic file (type pdf)
<use bookdown_files/figure-latex/model2devresid-1.pdf>
[354] [355]
Overfull \hbox (4.3013pt too wide) in paragraph at lines 11083--11083
[]\TU/SourceCodePro(0)/m/n/10 ## svyglm(formula = death_penalty ~ sex + age + e
ducation + race_minority +[] 
 []

[356]
Overfull \hbox (1.10129pt too wide) in paragraph at lines 11083--11083
[]\TU/SourceCodePro(0)/m/n/10 ##     Catholic + attend_num + Catholic * attend_
num, design = anes_design,[] 
 []

[357] [358]
File: bookdown_files/figure-latex/predprobssj-1.pdf Graphic file (type pdf)
<use bookdown_files/figure-latex/predprobssj-1.pdf>
[359] [360]
Underfull \hbox (badness 10000) detected at line 11150
 [][]
 []


Underfull \hbox (badness 10000) detected at line 11150
[][][]
 []


Underfull \hbox (badness 10000) detected at line 11152
 [][]
 []


Underfull \hbox (badness 10000) detected at line 11152
[][][]
 []


Underfull \hbox (badness 10000) detected at line 11154
 [][]
 []


Underfull \hbox (badness 10000) detected at line 11154
[][][]
 []


Underfull \hbox (badness 10000) detected at line 11156
 [][]
 []


Underfull \hbox (badness 10000) detected at line 11156
[][][]
 []


Underfull \hbox (badness 10000) detected at line 11158
 [][]
 []


Underfull \hbox (badness 10000) detected at line 11158
[][][]
 []

[361]
Underfull \hbox (badness 10000) detected at line 11160
 [][]
 []


Underfull \hbox (badness 10000) detected at line 11160
[][][]
 []


Underfull \hbox (badness 10000) detected at line 11162
 [][]
 []


Underfull \hbox (badness 10000) detected at line 11162
[][][]
 []

[362]
Underfull \vbox (badness 10000) detected at line 11172
 []


Overfull \hbox (336.25pt too wide) detected at line 11172
[]
 []


Underfull \vbox (badness 10000) detected at line 11172
 []


Overfull \hbox (336.25pt too wide) detected at line 11172
[]
 []


Underfull \vbox (badness 10000) detected at line 11172
 []


Overfull \hbox (336.25pt too wide) detected at line 11172
[]
 []


Underfull \vbox (badness 10000) detected at line 11172
 []


Overfull \hbox (336.25pt too wide) detected at line 11172
[]
 []

Appendix A.

Underfull \hbox (badness 10000) has occurred while \output is active
 [][][][] 
 []

[363



] [364] [365] [366] [367]
Underfull \hbox (badness 3088) in paragraph at lines 11453--11454
[]\TU/lmr/bx/n/10 deaths_jan_2020 \TU/lmr/m/n/10 to \TU/lmr/bx/n/10 deaths_oct_
2021 \TU/lmr/m/n/10 Cumulative COVID-19 at-
 []

[368] [369] [370] [371] [372] [373]
Underfull \hbox (badness 10000) in paragraph at lines 11698--11699
[]\TU/lmr/bx/n/10 V201153 \TU/lmr/m/n/10 pre: Feeling Thermometer: Kamala Harri
s, Democratic
 []


Underfull \hbox (badness 10000) in paragraph at lines 11700--11701
[]\TU/lmr/bx/n/10 V201154 \TU/lmr/m/n/10 pre: Feeling Thermometer: Mike Pence, 
Republican
 []

[374]
Underfull \hbox (badness 1888) in paragraph at lines 11768--11769
[]\TU/lmr/bx/n/10 V201372x \TU/lmr/m/n/10 pre: Helpful/harmful if Pres didn’t h
ave to worry about
 []

[375]
Underfull \hbox (badness 1242) in paragraph at lines 11798--11799
[]\TU/lmr/bx/n/10 relig_trad \TU/lmr/m/n/10 pre: reduced set of major group rel
igion categories, from
 []

[376] [377] [378]
Underfull \hbox (badness 1248) in paragraph at lines 11970--11971
[]\TU/lmr/bx/n/10 sexism_index \TU/lmr/m/n/10 post: Modern sexism index, averag
e of \TU/lmr/bx/n/10 V202286x \TU/lmr/m/n/10 to
 []

[379]
Underfull \hbox (badness 1205) in paragraph at lines 11988--11989
[]\TU/lmr/bx/n/10 V202310 \TU/lmr/m/n/10 post: How important should science be 
for decisions about
 []

[380]
Underfull \hbox (badness 1852) in paragraph at lines 12056--12057
[]\TU/lmr/bx/n/10 V202541f \TU/lmr/m/n/10 post: Which social media platforms [r
espondent] visited ‐
 []

[381] [382] [383] [384] [385] [386] [387] [388] [389] [390] [391] [392] [393] [
394] [395] [396] [397] (./bookdown.bbl [398]
Underfull \vbox (badness 10000) detected at line 1
 []


Overfull \hbox (336.25pt too wide) detected at line 1
[]
 []


Underfull \vbox (badness 10000) detected at line 1
 []


Overfull \hbox (336.25pt too wide) detected at line 1
[]
 []


Underfull \vbox (badness 10000) detected at line 1
 []


Overfull \hbox (336.25pt too wide) detected at line 1
[]
 []


Underfull \vbox (badness 10000) detected at line 1
 []


Overfull \hbox (336.25pt too wide) detected at line 1
[]
 []


Underfull \hbox (badness 10000) detected at line 1
[]
 []


Underfull \hbox (badness 10000) has occurred while \output is active
 [][][][] 
 []

[399


] [400] [401] [402] [403] [404] [405] [406] [407] [408]) [409]
Underfull \vbox (badness 10000) has occurred while \output is active []


Overfull \hbox (336.25pt too wide) has occurred while \output is active
[]
 []


Underfull \vbox (badness 10000) has occurred while \output is active []


Overfull \hbox (336.25pt too wide) has occurred while \output is active
[]
 []


Underfull \vbox (badness 10000) has occurred while \output is active []


Overfull \hbox (336.25pt too wide) has occurred while \output is active
[]
 []


Underfull \vbox (badness 10000) has occurred while \output is active []


Overfull \hbox (336.25pt too wide) has occurred while \output is active
[]
 []


Underfull \hbox (badness 10000) has occurred while \output is active
 [][][][] 
 []

[410

] (./bookdown.ind
Underfull \hbox (badness 10000) detected at line 1
[]
 []


Underfull \hbox (badness 10000) has occurred while \output is active
 [][][][] 
 []

[411


] [412] [413] [414] [415]) (./bookdown.aux) ) 
Here is how much of TeX's memory you used:
 25459 strings out of 476179
 500568 string characters out of 5809544
 970546 words of memory out of 5000000
 45674 multiletter control sequences out of 15000+600000
 476088 words of font info for 116 fonts, out of 8000000 for 9000
 1348 hyphenation exceptions out of 8191
 86i,11n,115p,1674b,782s stack positions out of 10000i,1000n,20000p,200000b,200000s

Output written on bookdown.pdf (439 pages).
