country,year,co2_per_cap,gas_total,gdp_constant_int_pp
Afghanistan,2003,0.0730049683971786,15961.0327,29265058689.4061
Afghanistan,2014,0.283692395910162,31165.8158,70158264544.684
Afghanistan,2007,0.109940042004685,18218.84691,39589169629.938904
Afghanistan,2013,0.29808781267706,30430.30008,68297470348.5577
Afghanistan,2017,0.281195815732375,31750.55044,74711922906.3738
Afghanistan,2010,0.304230215945755,28585.90265,57116893447.1231
Afghanistan,2016,0.268358772656602,30864.98363,72785293847.6716
Afghanistan,2004,0.0548667587320485,15572.01238,29678901146.3632
Afghanistan,2012,0.335061035441608,30928.57237,64675178730.6937
Afghanistan,2001,0.0552927191691124,12604.75975,NA
Afghanistan,2000,0.0551666066110075,14205.32527,NA
Afghanistan,2011,0.408965290862913,32446.46096,57360414055.1093
Afghanistan,2002,0.0668101379335566,15255.39353,26890054382.385
Afghanistan,2005,0.0803611343666108,16635.76076,33011757107.8906
Afghanistan,2019,0.297563650500103,32736.76917,78557606648.6734
Afghanistan,2008,0.165573354936329,21349.18799,41143038133.026
Afghanistan,2006,0.0897569086344725,17264.16633,34780330056.488
Afghanistan,2018,0.299082634225993,32580.49106,75600418108.8303
Afghanistan,2015,0.297971774718822,31619.07371,71176481723.2911
Afghanistan,2009,0.239506900543419,24313.53007,49943751386.6576
Albania,2014,1.7957124423350601,9738.800297,33475520630.1684
Albania,2015,1.66521852478371,9408.765344,34218250835.6181
Albania,2011,1.76810850906738,9623.607956,32110475192.1001
Albania,2002,1.23300153064067,8759.443411,20606159050.6868
Albania,2013,1.65638950333875,9298.28975,32891871199.0764
Albania,2018,1.85464154039805,9671.388481,38171871046.5525
Albania,2016,1.5900693334483,9191.743023,35352579241.1673
Albania,2010,1.64276192996892,9243.210309,31313421438.7448
Albania,2001,1.05686835352119,8122.836896,19711922905.6032
Albania,2019,1.74946245713759,9196.36286,38968789777.6784
Albania,2012,1.5659214019027,9070.545303,32565558589.7763
Albania,2017,1.88055711291312,9924.274102,36696895966.9462
Albania,2009,1.49211670359782,8799.864918,30194143223.7472
Albania,2005,1.36009220693963,9016.941954,24212600545.8892
Albania,2004,1.42794420369885,9246.27134,22944585414.1958
Albania,2008,1.42824958589414,8733.156627,29214213956.3594
Albania,2007,1.43379650688868,8990.758036,27176002509.104
Albania,2006,1.36398860235111,8920.780645,25641787799.8421
Albania,2003,1.3611587779509,9167.315225,21745398880.0436
Albania,2000,1.03156754537918,8163.977582,18202345488.065
Algeria,2012,3.6213677179274,234851.8305,419952666346.271
Algeria,2006,2.98514913079317,197745.7365,354152629544.359
Algeria,2001,2.52060952562876,159166.6551,278503428386.457
Algeria,2011,3.30523251701306,216395.9083,406143777896.585
Algeria,2007,3.02350291507781,200976.5808,366193818947.302
Algeria,2018,3.92429872230088,274181.7018,491630958145.898
Algeria,2004,2.75275878150928,182785.5452,328831609144.759
Algeria,2019,3.99440182789199,279200.6234,496547267726.087
Algeria,2000,2.60106533887127,161798.7973,270391678044.55
Algeria,2009,3.1870690441654,208060.3925,380982190133.396
Algeria,2002,2.60569461284308,165592.4705,294099620376.119
Algeria,2016,3.83383422168475,262948.8019,479566971411.093
Algeria,2005,2.85792656968889,190102.764,348232674083.211
Algeria,2017,3.83368112626665,265628.7808,485801342039.046
Algeria,2008,3.11677094713759,206120.0102,374982470602.349
Algeria,2015,3.95196093867474,261745.2952,464696677723.626
Algeria,2003,2.75109876087332,178930.5663,315274793044.568
Algeria,2010,3.18435699969857,210955.5444,394697548978.332
Algeria,2013,3.65846867891071,239618.2599,431711341003.966
Algeria,2014,3.81152114717356,252331.6686,448116371962.843
American Samoa,2010,NA,NA,NA
American Samoa,2001,NA,NA,NA
American Samoa,2007,NA,NA,NA
American Samoa,2005,NA,NA,NA
American Samoa,2018,NA,NA,NA
American Samoa,2014,NA,NA,NA
American Samoa,2012,NA,NA,NA
American Samoa,2003,NA,NA,NA
American Samoa,2013,NA,NA,NA
American Samoa,2011,NA,NA,NA
American Samoa,2004,NA,NA,NA
American Samoa,2009,NA,NA,NA
American Samoa,2008,NA,NA,NA
American Samoa,2015,NA,NA,NA
American Samoa,2017,NA,NA,NA
American Samoa,2019,NA,NA,NA
American Samoa,2002,NA,NA,NA
American Samoa,2000,NA,NA,NA
American Samoa,2006,NA,NA,NA
American Samoa,2016,NA,NA,NA
Andorra,2015,6.48576924149081,579.22902,NA
Andorra,2006,6.80540008227272,637.875045,NA
Andorra,2018,6.59405703011478,617.413952,NA
Andorra,2004,7.28675600847491,643.28612,NA
Andorra,2003,7.23806946567984,613.006082,NA
Andorra,2014,6.44593066279443,574.862934,NA
Andorra,2009,6.99539619780101,622.401703,NA
Andorra,2010,7.22359093387771,627.01459,NA
Andorra,2017,6.30209786421442,585.144308,NA
Andorra,2013,6.67423318900893,588.816848,NA
Andorra,2005,7.20627364517826,662.574159,NA
Andorra,2000,7.92701635475135,588.117968,NA
Andorra,2002,7.49876497903993,604.710044,NA
Andorra,2019,6.2872038038851,605.715596,NA
Andorra,2007,6.89038992938287,635.159931,NA
Andorra,2012,6.86229281962458,599.106762,NA
Andorra,2001,7.72562665880271,592.750006,NA
Andorra,2008,7.08182236539346,639.772817,NA
Andorra,2016,6.46528811690102,585.850664,NA
Andorra,2011,6.95758640724418,602.068676,NA
Angola,2003,0.924988063014922,66179.73478,94561770117.2916
Angola,2010,0.975916771759854,78893.67568,179666394277.964
Angola,2002,0.89571680151659006,60758.93298,91816458022.4212
Angola,2009,0.939457360187463,74968.24456,172096924558.46
Angola,2000,0.988416415650984,57982.70087,77517262550.4312
Angola,2012,0.947583107262692,78561.5615,201784669021.091
Angola,2013,1.0310436355189,82325.9083,211782318527.228
Angola,2005,0.812875087547097,67766.24188,120685201422.089
Angola,2001,0.941818496696915,58084.77197,80777637494.1042
Angola,2004,0.929811079517077,67964.75818,104916283945.135
Angola,2015,1.12518536428885,88673.04141,224090334147.222
Angola,2006,0.821263801721427,66733.4014,134624342186.34
Angola,2008,0.888609844897006,73853.17674,170629510765.873
Angola,2017,0.829723216824015,82023.70755,217987313632.158
Angola,2011,0.983787081068222,80306.80869,185904506976.356
Angola,2007,0.811413505818644,71292.13462,153485212526.646
Angola,2019,0.753638205444169,78672.38408,213607097926.956
Angola,2018,0.755827619476188,74848.14556,215117812148.692
Angola,2014,1.0914970571178,83628.13621,221995646360.782
Angola,2016,1.01255212444657,86726.86873,218308554288.735
Antigua and Barbuda,2011,5.25890993785239,1006.705256,1571256843.20244
Antigua and Barbuda,2019,5.52558159731646,1211.480385,2110275122.26937
Antigua and Barbuda,2007,5.11119781506048,867.144654,1975575480.02984
Antigua and Barbuda,2009,5.36588828163816,976.4012,1738993947.59403
Antigua and Barbuda,2001,4.22357803581972,614.649387,1328633282.77418
Antigua and Barbuda,2015,5.45023960151655,1085.816188,1739878569.87427
Antigua and Barbuda,2006,4.9199579702083,808.61563,1807225500.07155
Antigua and Barbuda,2010,5.43555633350837,1004.970423,1602646479.53838
Antigua and Barbuda,2013,5.34368396668814,1046.077422,1614493479.87958
Antigua and Barbuda,2016,5.5264785124332,1123.550637,1835510285.65921
Antigua and Barbuda,2014,5.34089380967323,1061.010555,1675775254.70452
Antigua and Barbuda,2008,5.14228057320633,913.476977,1975292169.62637
Antigua and Barbuda,2018,5.5508261847074,1185.478236,2022419987.96754
Antigua and Barbuda,2004,4.65410876477369,720.617202,1505962467.96911
Antigua and Barbuda,2003,4.6199167467179,693.814297,1423848705.72136
Antigua and Barbuda,2012,5.35962771175035,1031.904489,1624253234.18701
Antigua and Barbuda,2002,4.34095472504696,647.976092,1342284218.74565
Antigua and Barbuda,2017,5.48842722154545,1150.138886,1893230443.98334
Antigua and Barbuda,2005,4.71647322490578,749.459707,1603455937.83402
Antigua and Barbuda,2000,4.16361335020985,584.648482,1391938703.33822
Argentina,2016,4.20181586904703,375694.4541,1010840035079.44
Argentina,2006,3.92426184145235,340578.7653,816351398559.736
Argentina,2007,4.08315143871477,352851.0732,889885482455.565
Argentina,2017,4.07011168693629,379420.2746,1039330591568.54
Argentina,2013,4.34225013023383,366978.6016,1030770242883.07
Argentina,2008,4.15237520977984,357380.4391,925990210832.673
Argentina,2012,4.26411100150765,357872.7655,1006559234253.78
Argentina,2011,4.28102814513,352870.3484,1016997908810.97
Argentina,2003,3.33489087930132,306433.5855,636626116266.938
Argentina,2000,3.56791849018313,294271.3913,686729030353.619
Argentina,2014,4.20911189491323,365636.2677,1004870951838
Argentina,2009,3.84834822677955,336630.902,871185248000
Argentina,2015,4.30191380564475,372415.2067,1032315583600.75
Argentina,2001,3.34187706655833,288040.6186,656452248351.554
Argentina,2004,3.65608487008491,322315.2629,694110738086.543
Argentina,2010,4.09984413971278,342496.5143,959396223037.209
Argentina,2005,3.73671686472615,325978.7317,755551060091.098
Argentina,2002,3.10048866797723,284403.3884,584935157747.954
Argentina,2018,3.97565074444479,378187.3624,1012127189427.81
Argentina,2019,3.74202981162433,374523.504,991875931195.231
Armenia,2010,1.47188348205694,7561.591307,26719305575.777
Armenia,2011,1.68560616406553,8203.359102,27975112937.4842
Armenia,2009,1.52171038249891,7743.792465,26144134614.2082
Armenia,2008,1.90569819009788,8886.002523,30435546698.9769
Armenia,2005,1.4639120044788,7316.871064,22120580024.1606
Armenia,2002,1.00440026962642,5773.022041,15417205348.1442
Armenia,2007,1.73226338897741,8366.146581,28471044620.0698
Armenia,2006,1.48330439988819,7717.00474,25040496587.2317
Armenia,2012,1.96145306391904,9199.713496,29989321069.253
Armenia,2017,1.88339587008485,9251.278735,35676528915.4363
Armenia,2001,1.14964797217354,6101.5304,13619439353.7327
Armenia,2019,2.1965523671897,9874.86109,40384118258.2046
Armenia,2018,2.01377938113001,9443.729713,37531708418.9153
Armenia,2013,1.896163384039,9141.888191,30978968664.5384
Armenia,2004,1.22769506270091,6592.301523,19421053577.114
Armenia,2014,1.89589367216507,9132.807486,32094211536.6445
Armenia,2000,1.12386749283499,5990.512959,12426495760.7871
Armenia,2015,1.85625278998956,9155.78308,33121226305.4854
Armenia,2016,1.7679664042068,9415.287058,33187468758.0387
Armenia,2003,1.133360699484,6201.786082,17575614097.1234
Aruba,2010,NA,NA,3375410652.48865
Aruba,2011,NA,NA,3489053240.78871
Aruba,2008,NA,NA,3929324195.46114
Aruba,2007,NA,NA,3858579802.74454
Aruba,2006,NA,NA,3742679414.67693
Aruba,2019,NA,NA,4340759735.66229
Aruba,2009,NA,NA,3470238242.72578
Aruba,2016,NA,NA,3884920800.03264
Aruba,2018,NA,NA,4313368560.44231
Aruba,2017,NA,NA,4097906578.10494
Aruba,2014,NA,NA,3674192821.72789
Aruba,2001,NA,NA,3457444044.043
Aruba,2000,NA,NA,3318213058.37736
Aruba,2015,NA,NA,3804392608.32332
Aruba,2005,NA,NA,3700533819.01598
Aruba,2012,NA,NA,3452928444.50789
Aruba,2013,NA,NA,3674945421.6504
Aruba,2002,NA,NA,3424329647.45225
Aruba,2004,NA,NA,3714833217.5438
Aruba,2003,NA,NA,3462712243.50061
Australia,2006,18.2927495943223,613749.9371,885255311297.898
Australia,2005,18.2784730852853,571056.9014,861640873871.273
Australia,2010,17.9737515176961,589473.4613,990666305254.389
Australia,2018,15.8635624340846,642275.8577,1224684193991.24
Australia,2000,17.8373183976585,606860.8124,732511576576.46
Australia,2004,18.3688710453093,608925.6889,835297651545.648
Australia,2013,16.7945880965987,604285.6676,1081115691197.09
Australia,2007,18.4547376555999,617773.4563,918699520272.853
Australia,2019,15.595726745355,613604.7013,1251276940341.42
Australia,2002,18.1232107784425,630234.9976,777315889171.479
Australia,2009,18.1572008366536,605111.9367,969278531721.698
Australia,2008,18.2392898668792,590310.8141,951481199941.249
Australia,2017,16.1480905133657,647518.2719,1190365421747.98
Australia,2011,17.6560553381679,690001.8173,1014356951989
Australia,2014,16.1557451398864,621420.4289,1108997849871.16
Australia,2003,17.8945391341105,550563.2058,801501281816.837
Australia,2001,17.9307269150375,635529.9917,747465194904.733
Australia,2015,16.1984582210401,622092.6414,1132871644781.43
Australia,2012,17.4056176654109,690401.593,1053937239439.54
Australia,2016,16.3203306101751,600642.7642,1163805248731.07
Austria,2005,9.2664055123168,90356.77091,406348020084.216
Austria,2012,7.72385166247508,78292.56689,449296979861.322
Austria,2014,7.26093085754911,75143.18762,452383408466.616
Austria,2019,7.26333120118199,76622.88544,495556707144.377
Austria,2018,7.14114021108032,75582.15688,488149581132.161
Austria,2009,7.72122810060212,77767.40594,425765818911.111
Austria,2013,7.754017978913,78909.03381,449411571762.946
Austria,2010,8.36562481018494,83550.95772,433587535848.305
Austria,2007,8.58876639792215,85204.26989,436052887762.183
Austria,2002,8.58383681081203,84500.38127,383240569094.825
Austria,2015,7.3188595368183,76429.62374,456972845319.882
Austria,2017,7.48703675539348,78699.13623,476590426691.819
Austria,2011,8.13618977833065,81738.65126,446260420568.48
Austria,2008,8.50023841866895,84953.81617,442421107373.803
Austria,2006,8.962101510998,88152.69679,420383450698.257
Austria,2016,7.29077721621103,76780.91177,466064032926.316
Austria,2004,9.27587070234996,90322.80678,397429443747.181
Austria,2003,9.16931675643542,89432.43453,386848667609.275
Austria,2001,8.44465626905163,83001.77734,377013979923.414
Austria,2000,7.93085896065763,78694.10972,372296358893.85
Azerbaijan,2002,3.20334803810596,37660.28458,38706967255.1185
Azerbaijan,2016,3.30395789547903,52487.77721,138875059914.371
Azerbaijan,2015,3.29279481365619,52141.63798,143317915111.376
Azerbaijan,2004,3.40840305784626,40448.12001,46605804001.5187
Azerbaijan,2011,2.97414762017826,46785.0029,127632764931.807
Azerbaijan,2003,3.46964452702785,40371.75494,42658290361.3658
Azerbaijan,2007,3.21952384836796,45085.84177,100265552889.211
Azerbaijan,2009,2.84957053250929,45422.99777,121377002012.806
Azerbaijan,2018,3.29264124897847,53176.47097,141240102098.67
Azerbaijan,2013,3.28557436862051,51037.92334,137972086435.698
Azerbaijan,2001,3.25441365026137,37597.10652,35368558621.2804
Azerbaijan,2014,3.3815556221401,52262.55666,141767018076.399
Azerbaijan,2012,3.2391673472619402,49834.23202,130396319940.942
Azerbaijan,2010,2.68511249642712,44320.75057,127505259496.577
Azerbaijan,2005,3.58006875718703,43537.95337,59637503648.0424
Azerbaijan,2000,3.44000198792337,38178.85835,32182491960.5264
Azerbaijan,2019,3.54349533028946,56536.8442,144771104746.385
Azerbaijan,2017,3.24303764763118,51758.38444,139152809949.428
Azerbaijan,2006,3.59340212503904,45921.96687,80212442406.6171
Azerbaijan,2008,3.47440491133578,49560.73027,111053101726.768
"Bahamas, The",2010,5.30283546582653,2254.796278,12816395633.4215
"Bahamas, The",2006,5.40627906449198,2152.810341,13293285926.7249
"Bahamas, The",2011,5.77589628257706,2482.016645,12895009373.9193
"Bahamas, The",2018,6.955357720462,3123.026611,13802176454.3792
"Bahamas, The",2013,7.27447167120446,3111.966577,12912443272.8372
"Bahamas, The",2012,6.26680032769636,2685.184211,13293062733.1399
"Bahamas, The",2014,6.47314143566049,2815.829643,13150975216.9942
"Bahamas, The",2019,6.48289363427156,2957.747745,13699491298.2643
"Bahamas, The",2008,5.46093523890903,2259.49961,13172265405.0754
"Bahamas, The",2003,6.25129250494845,2333.605506,12431386699.2802
"Bahamas, The",2000,6.50833502556813,2319.424631,11945444666.1403
"Bahamas, The",2009,5.45703518748455,2282.180294,12622217214.4633
"Bahamas, The",2005,5.62270704189716,2196.805957,12966927306.8667
"Bahamas, The",2007,5.40084883662411,2188.303625,13485604399.1414
"Bahamas, The",2015,5.62112773970771,2513.101709,13282064249.2564
"Bahamas, The",2016,5.15359516738388,2357.871443,13273163560.1349
"Bahamas, The",2017,5.43882512154779,2502.934277,13593751984.1175
"Bahamas, The",2002,6.19397488637793,2285.785381,12590598123.2537
"Bahamas, The",2004,6.10541288120575,2345.104731,12541123545.2432
"Bahamas, The",2001,6.17214661464812,2244.630656,12259031653.0785
Bahrain,2011,21.465302946925,41607.08671,56440015074.3357
Bahrain,2009,20.9564094542131,38946.46292,53043239697.4314
Bahrain,2004,21.5097228271368,28963.98535,39551617223.3436
Bahrain,2016,21.4953098652797,49459.0278,68349250016.7145
Bahrain,2000,22.3159442371971,25623.79391,32835915082.0051
Bahrain,2018,20.7379617303374,51257.81097,72786939763.3731
Bahrain,2010,21.394806553811,40906.21441,55342292396.8801
Bahrain,2007,22.1050385764205,35914.54384,48688754662.264
Bahrain,2013,22.8688416095137,46013.64861,61715403401.7232
Bahrain,2006,23.1574047277959,34713.68845,44959806124.9449
Bahrain,2014,23.0965713649406,48106.69701,64400264665.9136
Bahrain,2005,22.9440272485062,32238.91256,42228865351.1674
Bahrain,2017,20.9460377778113,50342.13908,71282082008.2729
Bahrain,2003,23.0568219197796,28717.68894,36970706753.4516
Bahrain,2002,23.0134006125689,27655.51593,34780756594.7147
Bahrain,2012,22.1841250870451,43195.32451,58544160034.475
Bahrain,2019,22.063354812112,54194.74915,74364207031.5634
Bahrain,2001,22.4391139009965,26452.33222,33653840687.5828
Bahrain,2015,22.3856249935763,48874.34031,66000855034.9501
Bahrain,2008,22.3013969557155,38404.86883,51729372637.1175
Bangladesh,2009,0.305030148225566,150700.7286,477250652625.34
Bangladesh,2013,0.408788178786231,174185.1534,605755610765.035
Bangladesh,2011,0.361557397209346,164267.9666,536412308288.868
Bangladesh,2006,0.251721897657564,135192.7141,400301034556.576
Bangladesh,2008,0.285933318249804,146770.9765,454329178591.34
Bangladesh,2012,0.387829234655971,169101.1582,571394215867.741
Bangladesh,2003,0.2097371984069,122886.8271,334704527805.124
Bangladesh,2001,0.194686760625867,117270.5563,307761925989.386
Bangladesh,2002,0.20340118824964,120949.7469,319558822052.481
Bangladesh,2014,0.42518945677671,179287.1507,642470817903.494
Bangladesh,2005,0.232135396844242,129652.4611,375263790993.624
Bangladesh,2017,0.541787825904309,205028.6288,781590411613.399
Bangladesh,2016,0.50773927054082,195047.4195,733266327481.642
Bangladesh,2007,0.263586594582306,138288.6794,428556680809.182
Bangladesh,2019,0.559733655592985,212143.1483,904911533749.695
Bangladesh,2015,0.46351707533422,187771.298,684569616926.987
Bangladesh,2000,0.160122047170439,111593.3328,292891006710.801
Bangladesh,2004,0.21995504350196,124837.0782,352241481691.733
Bangladesh,2010,0.340233253415489,158531.7681,503842048117.849
Bangladesh,2018,0.586157624560863,214432.3367,838798238917.004
Barbados,2008,5.93834247253654,3991.179991,4745455787.7401
Barbados,2005,4.92101366721464,3665.691605,4353201845.5576
Barbados,2007,5.03602953095298,3723.246463,4715273410.1729
Barbados,2012,5.31367103914959,3896.791006,4351557469.94861
Barbados,2000,4.48920678463067,3533.327615,4106931667.50608
Barbados,2011,5.50390945456393,3926.352478,4370467570.86899
Barbados,2006,4.98326707959693,3694.570334,4619300561.71424
Barbados,2003,4.67254083192834,3583.974669,4129275707.3293
Barbados,2017,4.22645037197291,3693.384915,4522539648.68581
Barbados,2002,4.52721847966824,3539.491551,4041356768.02491
Barbados,2010,5.39294021717368,3874.084949,4400734904.36152
Barbados,2018,4.54138182546266,3796.373576,4476086875.63334
Barbados,2009,5.84277788532129,3979.23662,4507340941.35406
Barbados,2019,4.16614319366122,3710.537737,4470216610.63178
Barbados,2001,4.58517505284934,3558.821433,4009783668.27471
Barbados,2015,4.56543549947318,3742.935393,4390777963.0503
Barbados,2014,4.62018861737053,3740.207364,4284830395.19655
Barbados,2004,4.76788141747826,3629.604287,4187564506.86812
Barbados,2013,5.19917649395915,3885.431835,4288572730.42294
Barbados,2016,4.63224343170081,3783.217854,4501997461.37833
Belarus,2014,6.29006780430576,92626.09993,180649107524.278
Belarus,2007,5.99593994448043,88182.57527,137843631257.837
Belarus,2012,6.3236304726789,92831.39655,175819345166.81
Belarus,2016,5.82946357939628,87316.84186,169342706853.966
Belarus,2013,6.34224947425193,93419.06847,177583641028.143
Belarus,2001,5.20924054461533,80878.21666,84165138956.6786
Belarus,2003,5.36156433118783,81461.13375,94638487202.9779
Belarus,2011,6.16444733752901,91275.39051,172902249866.035
Belarus,2010,6.47878137074492,94199.51744,164077026612.218
Belarus,2006,6.12124572771216,89398.13463,126927829614.658
Belarus,2005,5.84282870865483,86179.88216,115388941454.991
Belarus,2008,6.32155697138482,92444.42971,151903680873.582
Belarus,2000,5.30757213959263,82356.8548,80367527368.7919
Belarus,2002,5.24582111404253,80365.02168,88411495341.9751
Belarus,2018,6.27957941620664,91880.30552,179098540532.584
Belarus,2017,5.94640716888454,88971.77819,173629826921.652
Belarus,2004,5.72996540853549,85337.90331,105474350866.552
Belarus,2009,6.01576102812717,89588.69091,152207481111.07
Belarus,2015,5.799689168547,88193.48911,173730855365.87
Belarus,2019,6.12342695003417,90320.04535,181688675573.478
Belgium,2007,9.77872516634198,121215.719,516307018968.288
Belgium,2006,10.2466752332537,125999.4899,497996287418.469
Belgium,2005,10.5892027545238,129912.637,485602024421.712
Belgium,2014,8.06155236787537,106749.5809,546426066893.871
Belgium,2001,11.504301239383,138694.356,445901096710.163
Belgium,2004,10.8770089098723,132641.1624,474583444734.03
Belgium,2018,8.18436667928584,108952.4335,584076515952.734
Belgium,2012,8.57803036878231,111928.5141,535475461831.324
Belgium,2011,8.74124771793825,113152.4764,531546180596.913
Belgium,2002,10.7280079862302,131373.8147,453512113792.175
Belgium,2015,8.43483650630165,111403.0469,557581131065.091
Belgium,2017,8.13943859065518,108193.7955,573788797293.568
Belgium,2013,8.65194718679944,112869.6307,537934591084.72
Belgium,2009,9.25341219597882,117422.2366,508134675995.647
Belgium,2000,11.4400292647238,138266.4483,441051214253.456
Belgium,2019,8.09379074556662,108086.3373,597285805409.521
Belgium,2016,8.3106603919614,110335.3227,564643935471.557
Belgium,2008,9.96411475547137,123934.9372,518614543398.304
Belgium,2003,11.1315169148275,134760.5446,458219490391.071
Belgium,2010,9.80881615729526,124908.4666,522689140465.188
Belize,2008,1.47511540185363,1009.355262,2872436817.642
Belize,2009,1.69334534377775,1173.361731,2859442824.58721
Belize,2014,1.37284118807385,1248.729511,3268371429.54688
Belize,2016,1.77314715242858,1440.882054,3382259956.90948
Belize,2012,1.38047048142907,1171.634439,3003905453.2552
Belize,2011,1.74001177405944,1305.203154,2892309983.49051
Belize,2007,1.65425526545144,1001.135393,2916769264.53482
Belize,2005,1.55256353098529,819.656522,2700457497.79914
Belize,2013,1.32699716845379,1261.360425,3139960204.06422
Belize,2010,1.64914655423991,1214.451168,2895367393.62105
Belize,2015,1.875949993192,1449.138697,3378438194.24631
Belize,2019,1.89208291034323,1602.171827,3512964239.99006
Belize,2003,1.70531594936325,930.381295,2525420767.82575
Belize,2002,1.75672983393688,840.116831,2309873353.6227
Belize,2006,1.5973456078191,898.636624,2824282608.086
Belize,2004,1.50517403574788,761.923658,2642366705.31889
Belize,2001,1.9403466344216,786.208167,2197513531.32537
Belize,2018,1.64892976606136,1427.523569,3361622438.52834
Belize,2000,1.76867465870236,702.732203,2092032881.82175
Belize,2017,1.71633844240485,1441.651512,3324933516.96187
Benin,2012,0.443845154791085,10526.28664,26851264681.8907
Benin,2017,0.592940505290305,13973.67292,34023063767.8647
Benin,2014,0.488570533867478,11694.9976,30612139032.0882
Benin,2007,0.462339326907855,9650.516163,22702212482.9423
Benin,2009,0.481569175037509,10032.58657,24366156424.6825
Benin,2008,0.451087855355473,9403.691268,23813843817.0103
Benin,2013,0.453634928841865,11162.52237,28782255584.8599
Benin,2018,0.636814493777282,15267.36586,36301676624.9392
Benin,2000,0.203557490451232,7029.108436,17015312596.6121
Benin,2015,0.503586323811604,12117.32083,31156469106.8687
Benin,2005,0.355804505818145,8615.392754,20607244157.9321
Benin,2010,0.510824490694717,10475.73048,24881272742.8566
Benin,2004,0.335218430325513,7588.95435,20260154372.6862
Benin,2019,0.60823677321991,15622.04121,38794036239.5523
Benin,2016,0.598485713029697,13818.34967,32196993426.2032
Benin,2006,0.413132505759208,8910.462058,21419940047.2018
Benin,2003,0.318988595165453,7495.345947,19400761822.8883
Benin,2002,0.292971417491603,7531.983943,18754921695.056
Benin,2011,0.478348573672836,10546.27121,25618692190.0679
Benin,2001,0.240583768173254,6504.47734,17922762308.1962
Bermuda,2011,NA,NA,5541487978.00699
Bermuda,2013,NA,NA,5232817772.57041
Bermuda,2003,NA,NA,5618656986.12881
Bermuda,2006,NA,NA,6169389918.25616
Bermuda,2005,NA,NA,5845332495.2282305
Bermuda,2012,NA,NA,5247495465.80897
Bermuda,2008,NA,NA,6256795678.60925
Bermuda,2001,NA,NA,5514839418.43801
Bermuda,2014,NA,NA,5039147649.75544
Bermuda,2004,NA,NA,5749081029.13362
Bermuda,2018,NA,NA,5204421421.5194
Bermuda,2016,NA,NA,5044853303.55627
Bermuda,2007,NA,NA,6375764630.20097
Bermuda,2002,NA,NA,5433341640.0347
Bermuda,2010,NA,NA,5756956126.27891
Bermuda,2017,NA,NA,5227044136.51153
Bermuda,2009,NA,NA,5904744699.40928
Bermuda,2000,NA,NA,5143363318.31215
Bermuda,2015,NA,NA,5078227736.38443
Bermuda,2019,NA,NA,5220360833.0949
Bhutan,2019,1.86720072342627,2052.155026,9053931934.19522
Bhutan,2012,1.15635551796102,1496.462975,6373174013.78458
Bhutan,2016,1.63838876655361,1856.760403,7938147353.08061
Bhutan,2018,1.90828976926791,2074.163352,8561219214.89645
Bhutan,2001,0.628794132956697,995.328449,2600811321.47638
Bhutan,2017,1.73186566700303,1945.742577,8307416844.22731
Bhutan,2013,1.24573151741898,1578.225693,6508283558.72915
Bhutan,2002,0.664762667838358,1032.881207,2886699832.15725
Bhutan,2004,0.482329755335074,941.733824,3299559298.76063
Bhutan,2007,0.584949839645312,1104.041005,4483269577.18031
Bhutan,2011,1.04327444061733,1412.645757,6062852898.98342
Bhutan,2015,1.40204016284708,1661.129528,7341501096.72828
Bhutan,2010,0.699034465554289,1163.286839,5614656381.87508
Bhutan,2000,0.662185566588954,1057.92629,2400402785.50963
Bhutan,2006,0.590410836823812,1088.990994,3787797589.79803
Bhutan,2014,1.37487658839394,1649.68331,6884234277.35022
Bhutan,2005,0.596119839052769,1104.700982,3540006412.38459
Bhutan,2003,0.595200015126996,998.826165,3112535088.29575
Bhutan,2008,0.612726300024502,1049.754216,4698442334.64709
Bhutan,2009,0.568786746894699,1067.412828,5015508904.3698
Bolivia,2001,0.893302648362398,30738.13603,46356994438.2886
Bolivia,2013,1.68698792155035,52023.63558,78482613796.4856
Bolivia,2016,1.8936936513003,56748.87449,90489007910.6098
Bolivia,2002,0.936961095694518,33593.95508,47509228009.1384
Bolivia,2014,1.78421940046278,52832.12158,82768211473.244
Bolivia,2000,0.943608123029713,31098.26178,45589361172.7574
Bolivia,2015,1.8036741828399,54381.51228,86788418429.8011
Bolivia,2003,0.980272657274545,34000.25182,48797364634.4045
Bolivia,2010,1.43811128924503,48348.32776,66449395975.9023
Bolivia,2011,1.53821869932666,48361.77577,69907483970.3605
Bolivia,2005,1.05391821261955,38933.7704,53081406385.6937
Bolivia,2007,1.22616760606775,41092.33958,58166789314.4665
Bolivia,2009,1.35011163213736,43240.46717,63815891177.9766
Bolivia,2018,1.88518817031758,56831.15371,98267460868.9834
Bolivia,2008,1.28880928502976,42296.10448,61743173119.2022
Bolivia,2012,1.60468176145447,50100.33217,73488337951.0082
Bolivia,2019,1.85346150629409,58309.83432,100445761215.968
Bolivia,2004,1.01802473644732,36843.05937,50833822900.3196
Bolivia,2006,1.12284170571674,39481.57129,55627726133.6856
Bolivia,2017,1.89131542884796,56810.3186,94285208501.691
Bosnia and Herzegovina,2019,6.28566395622831,26218.11502,49912098776.3922
Bosnia and Herzegovina,2018,6.65145351838121,27771.20464,48511407870.1019
Bosnia and Herzegovina,2000,3.33905990165935,18656.89406,28528261750.4952
Bosnia and Herzegovina,2011,6.34178452220087,29183.88612,40923927689.6934
Bosnia and Herzegovina,2001,3.28103053875486,18365.79569,29219590875.1834
Bosnia and Herzegovina,2017,6.59666334014239,27759.41257,46723082267.5412
Bosnia and Herzegovina,2002,3.46702680300399,18520.86499,30688589504.0462
Bosnia and Herzegovina,2013,6.03937627554934,27191.8729,41541350346.5526
Bosnia and Herzegovina,2007,4.71284540739284,23859.8227,39292868492.792
Bosnia and Herzegovina,2015,5.56957873339682,24906.99761,43833763031.4958
Bosnia and Herzegovina,2005,3.96292696890333,20874.0118,35212375671.2505
Bosnia and Herzegovina,2012,5.97658267775681,27398.42322,40587599925.2573
Bosnia and Herzegovina,2009,5.30970279156727,26043.30724,40187102509.5059
Bosnia and Herzegovina,2008,5.26480755654016,25968.29171,41431905862.1486
Bosnia and Herzegovina,2006,4.41345994146009,22744.00246,37118774947.4535
Bosnia and Herzegovina,2004,3.75868361470096,20107.51487,33891561207.4335
Bosnia and Herzegovina,2010,5.46891071526031,26070.97531,40534989902.5107
Bosnia and Herzegovina,2014,5.46245548950622,24689.43736,42020675671.1595
Bosnia and Herzegovina,2003,3.55455634732132,19027.10305,31875359854.4366
Bosnia and Herzegovina,2016,6.42249063914649,27490.28619,45254965497.8771
Botswana,2000,2.33574698101026,13640.71335,19794839702.028
Botswana,2013,2.44513272580164,13990.227,31362330331.8035
Botswana,2007,2.1961619276687,10799.22417,27111591585.6786
Botswana,2008,2.18834067313632,19528.72697,27993280324.1113
Botswana,2003,2.14301783987086,8736.279155,22022605036.2689
Botswana,2014,3.09192452937034,12708.58574,33149031169.6682
Botswana,2001,2.19395776222665,15523.87065,19844440413.704
Botswana,2006,2.1189876725511,12545.10506,25627126017.0306
Botswana,2002,2.24312445338221,15862.28235,21048904851.879
Botswana,2009,2.04323383587189,10454.72718,24033845078.2586
Botswana,2005,2.260452333492,10725.35266,23649142245.0926
Botswana,2015,3.01483577574071,12082.93249,31540974380.3709
Botswana,2011,1.81971399746115,25747.70982,28276527528.1603
Botswana,2004,2.1356204799673,9318.205556,22618497463.5915
Botswana,2012,1.5695025110036,13041.85436,28228202727.3011
Botswana,2017,3.05495453485661,14735.6943,35203223635.2295
Botswana,2016,2.81808659692843,10972.09654,33812498275.3189
Botswana,2010,1.61197018259147,20889.94268,26466601136.1697
Botswana,2019,2.8796632558601,10618.37622,37790471524.0329
Botswana,2018,3.28847103849256,13322.30266,36678184825.6513
Brazil,2010,2.02660566892286,999924.9994,2910889693667.91
Brazil,2003,1.70185253648103,841524.5657,2142864415484.06
Brazil,2007,1.847975735626,921597.5082,2579118383866.49
Brazil,2001,1.79211227785649,797202.3857,2055917098426.17
Brazil,2016,2.16125984748939,1069581.2,2979293832693.15
Brazil,2008,1.93921527398251,937153.4104,2710503715139.52
Brazil,2002,1.76065124423135,826208.7209,2118693742881.18
Brazil,2004,1.77844124428615,886635.5393,2266292648028.57
Brazil,2000,1.7835001158786,772340.1186,2027733700699.17
Brazil,2011,2.11062775987293,1019415.034,3026580765470.29
Brazil,2009,1.79932814185315,913687.553,2707093576146.85
Brazil,2006,1.77747795657257,897365.7002,2431527793059.79
Brazil,2005,1.77566292246976,897371.1788,2338862331514.08
Brazil,2013,2.4134465369818,1089193.408,3177417275748.5
Brazil,2015,2.36536062099671,1105478.108,3080198578728.2
Brazil,2012,2.2714176835721,1058598.227,3084726708326.3
Brazil,2017,2.18548661863967,1085923.233,3018705988834.89
Brazil,2014,2.51459195963426,1127554.01,3193430052501.08
Brazil,2018,2.06426147881772,1054181.831,3072549644189.19
Brazil,2019,2.05077012882977,1069918.901,3110058648864.81
British Virgin Islands,2002,NA,NA,NA
British Virgin Islands,2009,NA,NA,NA
British Virgin Islands,2011,NA,NA,NA
British Virgin Islands,2001,NA,NA,NA
British Virgin Islands,2008,NA,NA,NA
British Virgin Islands,2000,NA,NA,NA
British Virgin Islands,2005,NA,NA,NA
British Virgin Islands,2010,NA,NA,NA
British Virgin Islands,2007,NA,NA,NA
British Virgin Islands,2003,NA,NA,NA
British Virgin Islands,2018,NA,NA,NA
British Virgin Islands,2014,NA,NA,NA
British Virgin Islands,2015,NA,NA,NA
British Virgin Islands,2019,NA,NA,NA
British Virgin Islands,2004,NA,NA,NA
British Virgin Islands,2017,NA,NA,NA
British Virgin Islands,2016,NA,NA,NA
British Virgin Islands,2006,NA,NA,NA
British Virgin Islands,2013,NA,NA,NA
British Virgin Islands,2012,NA,NA,NA
Brunei Darussalam,2008,20.5750348442928,10245.03222,26125267156.9915
Brunei Darussalam,2013,17.5097521994064,9316.351699,26980760126.4509
Brunei Darussalam,2009,20.1744250097999,10020.11202,25664277532.74
Brunei Darussalam,2007,18.8600335843358,9390.362924,26642046839.3565
Brunei Darussalam,2003,15.5785281532009,7704.267571,25254650394.4204
Brunei Darussalam,2019,16.111932938856,9392.1572,26906819938.6988
Brunei Darussalam,2016,16.358211618004,9101.755241,25551541319.6116
Brunei Darussalam,2012,17.9510321320893,9531.889438,27566838984.6099
Brunei Darussalam,2010,18.1056575761325,9331.440616,26331283314.8852
Brunei Darussalam,2011,18.2629898432402,9571.707577,27317473701.2105
Brunei Darussalam,2014,16.9931550247686,9190.90146,26303987537.3725
Brunei Darussalam,2018,17.3623104307419,9852.95828,25904544646.2882
Brunei Darussalam,2006,20.1733868371923,9892.980627,26600926645.0082
Brunei Darussalam,2002,13.296667558848,6677.836192,24541962723.8529
Brunei Darussalam,2001,13.8190099428317,6638.878913,23627098557.2186
Brunei Darussalam,2017,16.9430783961922,9558.74396,25891019749.5614
Brunei Darussalam,2005,13.610767976396,7151.55293,25480371340.6547
Brunei Darussalam,2004,14.1568713397566,7306.112151,25382014206.0119
Brunei Darussalam,2015,15.1806794372587,8467.041421,26200774964.8048
Brunei Darussalam,2000,14.128579385852,6699.814634,22996076889.8896
Bulgaria,2013,5.45906018005221,52036.53622,137391668057.746
Bulgaria,2000,5.31458823633089,57837.64925,85816486290.8768
Bulgaria,2011,6.75495160259586,62924.95808,137130838235.603
Bulgaria,2012,6.16257736225904,57187.08959,138166080601.995
Bulgaria,2002,5.56322627543316,57531.37342,94329618312.2623
Bulgaria,2014,5.82153390574504,54624.01798,138720065549.218
Bulgaria,2006,6.44055496747674,61092.05728,120893652980.189
Bulgaria,2004,6.12499125291893,61150.52418,105732693585.663
Bulgaria,2009,5.76373544669494,55398.35264,132269403788.868
Bulgaria,2001,5.76661020618688,60216.94282,89097854421.5745
Bulgaria,2018,5.82177716644055,53370.25718,155999074485.488
Bulgaria,2003,6.16479538416841,62397.58468,99269805952.8237
Bulgaria,2016,5.83441898521035,54456.29094,147836869040.086
Bulgaria,2010,6.04962491881996,57043.54655,134308735365.232
Bulgaria,2017,6.20201084038645,56596.72316,151920376104.312
Bulgaria,2019,5.61371010274005,51526.03949,162298538952.829
Bulgaria,2008,6.67853087882768,62886.92377,136743450216.716
Bulgaria,2005,6.26527946570375,61138.03786,113193559894.169
Bulgaria,2015,6.2073775238782,57320.00702,143475465572.318
Bulgaria,2007,6.97101972105159,65265.2033,128862214056.232
Burkina Faso,2009,0.123328900112728,22511.04811,24698065613.0907
Burkina Faso,2013,0.167097517816553,25741.05329,32161664608.7426
Burkina Faso,2019,0.26950158887331,31636.78727,44209263811.574
Burkina Faso,2007,0.114034801207882,21063.13735,22672559146.7304
Burkina Faso,2010,0.129944787580944,23651.63864,26784133778.8634
Burkina Faso,2002,0.0813179326691032,15786.33044,16746642338.0862
Burkina Faso,2008,0.125648814327492,21860.06998,23987565704.7263
Burkina Faso,2011,0.132533051498824,24068.02382,28557929808.7362
Burkina Faso,2018,0.252428280421403,30655.18984,41829929267.8886
Burkina Faso,2001,0.0836122230599708,15108.11122,16048075419.6757
Burkina Faso,2000,0.0882723122527116,15984.91011,15052586780.6907
Burkina Faso,2016,0.207403201722726,28836.31118,36946433803.5338
Burkina Faso,2006,0.0978245547958745,20345.07862,21777215286.8077
Burkina Faso,2003,0.0846070604165229,19200.72446,18053298083.0785
Burkina Faso,2014,0.164943646730665,26220.72587,33553250183.4258
Burkina Faso,2012,0.157359014386809,24747.608,30400679457.6706
Burkina Faso,2004,0.0843255941907382,19733.29397,18861806396.8256
Burkina Faso,2005,0.0829691166706675,20342.01529,20495592155.5072
Burkina Faso,2017,0.233173679706721,29792.21891,39238401912.359
Burkina Faso,2015,0.203109100380761,27368.07335,34868949890.8718
Burundi,2005,0.0217895175909076,1734.091681,5882346971.20465
Burundi,2018,0.057850230113233,4518.56764,8510320913.11309
Burundi,2001,0.0325098685701179,1639.972123,5390289977.14009
Burundi,2014,0.0347596973886301,3242.800609,8724367008.49515
Burundi,2000,0.0416319271539568,1659.560708,5281708243.6252
Burundi,2010,0.0354239062608714,2560.792699,7341029824.51826
Burundi,2004,0.0224141689005934,1675.793567,5829878068.53526
Burundi,2016,0.0405380853018533,3668.841788,8333811911.79175
Burundi,2011,0.0379981118333185,2782.874151,7637064192.37346
Burundi,2019,0.0595713389942667,4215.238066,8664576038.94662
Burundi,2006,0.0250189666226615,1880.290385,6200805891.82039
Burundi,2008,0.0240030664007927,2084.470392,6726726553.9595
Burundi,2002,0.032802230972826,1629.591737,5629970267.35008
Burundi,2009,0.0227456280973839,2234.548495,6983199508.95156
Burundi,2003,0.0249531909038623,1616.499052,5561074747.03563
Burundi,2017,0.0474291236691765,4289.286314,8375481076.5592
Burundi,2013,0.0361000266316517,3244.959156,8369447994.2156
Burundi,2012,0.0371804176191894,2863.239604,7976662009.32705
Burundi,2007,0.0241799187348301,1952.851988,6414854521.74831
Burundi,2015,0.0341936179122354,3247.309761,8384116688.14199
Cabo Verde,2000,0.667319874915712,462.267673,1950199721.21286
Cabo Verde,2019,1.06961509800184,779.614077,4496974701.77648
Cabo Verde,2012,0.984520402199811,688.783501,3612627220.95798
Cabo Verde,2017,1.0349515181767,742.946011,4028604576.69178
Cabo Verde,2003,0.872963138084814,565.862606,2186044611.02826
Cabo Verde,2002,0.828348100610484,540.519295,2098409585.52396
Cabo Verde,2011,1.07445959497347,726.507319,3573898721.64965
Cabo Verde,2016,0.972252567183745,719.403979,3853231864.18216
Cabo Verde,2018,1.04113781114212,754.609844,4177943521.54323
Cabo Verde,2005,0.916142987295745,604.232228,2575475319.42329
Cabo Verde,2008,0.932130988211688,619.444074,3428466020.82841
Cabo Verde,2006,1.03972065650532,667.73111,2781094841.75129
Cabo Verde,2014,0.909030977373113,665.877064,3660791036.36992
Cabo Verde,2001,0.769382648221514,505.655184,1993721440.91085
Cabo Verde,2010,1.03738977613716,700.001737,3438930394.12583
Cabo Verde,2007,0.911372943714796,604.759592,3203006062.30254
Cabo Verde,2013,0.929732933288884,668.968682,3635463964.44517
Cabo Verde,2015,0.905343682877975,673.154746,3695057010.86583
Cabo Verde,2009,0.990229579666355,664.252956,3376916060.90729
Cabo Verde,2004,0.854941500216818,571.523917,2408957167.28309
Cambodia,2005,0.200617774410201,22592.75809,28146835740.0382
Cambodia,2004,0.182677644944201,21182.08895,24853699018.7928
Cambodia,2006,0.219843343625088,24165.85932,31178554968.1051
Cambodia,2017,0.799744091997512,36540.98636,62890960721.9283
Cambodia,2018,0.845896953293299,37519.1081,67588392994.1564
Cambodia,2001,0.17446640480226,19390.02034,19477411669.5342
Cambodia,2003,0.185975440481525,21317.35691,22524542245.9929
Cambodia,2016,0.708268456939398,33920.89212,58778299696.0828
Cambodia,2002,0.176002141098008,19829.20737,20758818799.9835
Cambodia,2008,0.290844275283909,25950.61546,36662093824.9519
Cambodia,2007,0.266918394892055,25321.33754,34362687939.113
Cambodia,2000,0.16197918596341,19379.775,18009895822.0209
Cambodia,2015,0.546949078655501,31144.32717,54967247822.205
Cambodia,2019,1.11633042620485,41947.80434,72356150509.8081
Cambodia,2010,0.357906397952816,27846.2403,38881963567.4546
Cambodia,2009,0.335199714038263,27279.84008,36693878745.5031
Cambodia,2014,0.456727603783544,29452.73406,51387685545.5751
Cambodia,2012,0.383718004901722,28708.07263,44675351848.305
Cambodia,2011,0.368035016057832,29108.37662,41630751178.192
Cambodia,2013,0.382514750478394,28694.76064,47961967887.8686
Cameroon,2004,0.304746027031174,84204.96006,54554861376.9753
Cameroon,2007,0.335938254203707,84891.85811,60400577008.6343
Cameroon,2019,0.370691707164993,92152.5733,96851610488.4449
Cameroon,2010,0.352871883318855,84904.12823,65570178137.3103
Cameroon,2000,0.345165659770598,86000.34183,44338980518.6693
Cameroon,2005,0.290376286289728,85410.52577,55770491098.9665
Cameroon,2013,0.347933813621414,86705.138,74464609829.3129
Cameroon,2014,0.368742288253346,88018.74226,78723850093.2084
Cameroon,2008,0.340494883097112,84798.27269,62120590885.0771
Cameroon,2017,0.372071194814649,90654.59205,90037541682.2009
Cameroon,2016,0.378493591541366,91280.78223,86958198354.4153
Cameroon,2009,0.364009537832529,84806.95146,63722837328.3134
Cameroon,2003,0.318325561077846,86015.55196,50962579086.1494
Cameroon,2015,0.369370823329051,89900.98421,83185093670.7385
Cameroon,2001,0.332841656945769,84779.88044,46256313846.2433
Cameroon,2011,0.332610017187744,84494.81439,67785932998.2963
Cameroon,2012,0.326477590782042,84908.66524,70921695833.5555
Cameroon,2018,0.388794447700892,91747.67378,93598989465.1162
Cameroon,2006,0.286834797138897,84322.52314,57895114398.9076
Cameroon,2002,0.322564368190012,84581.43405,48327221427.227
Canada,2002,16.7204106851899,661256.3395,1330181929377.08
Canada,2003,17.2083591886595,682672.0184,1354145398076.47
Canada,2001,16.3314367841399,640276.5974,1291212484378.08
Canada,2011,15.9982717192369,690328.581,1573536666848.57
Canada,2008,16.5594262937317,691864.5229,1524420320951.4
Canada,2014,15.8521772244521,710549.609,1685567743622.64
Canada,2004,16.7941859676954,679689.9625,1395947606643.09
Canada,2009,15.5045058721079,656853.9465,1479816458481.62
Canada,2012,15.7368239449526,690454.3552,1601246043121.22
Canada,2010,15.7945376619227,673672.8602,1525541595227.11
Canada,2018,15.6366541621759,742232.5371,1814798490049.67
Canada,2015,15.6499072848632,708799.9174,1696678616208.21
Canada,2005,17.0275680997804,693709.7211,1440676565833.59
Canada,2016,15.4218225254765,709180.1212,1713669061092.82
Canada,2019,15.0527469447143,726904.1199,1849065943165.39
Canada,2017,15.5471947150649,725612.8229,1765762548007.76
Canada,2007,17.3806307727274,716335.7077,1509262956104.79
Canada,2000,16.7574667443141,648194.3571,1268506560957.02
Canada,2006,16.5952139152245,682555.9105,1478628363551.64
Canada,2013,15.8408097562138,702661.421,1638541025091.36
Cayman Islands,2019,NA,NA,4790251039.84619
Cayman Islands,2017,NA,NA,4421090322.60136
Cayman Islands,2014,NA,NA,4035858406.38923
Cayman Islands,2015,NA,NA,4150199216.01051
Cayman Islands,2016,NA,NA,4284664575.55785
Cayman Islands,2005,NA,NA,NA
Cayman Islands,2012,NA,NA,3881834207.6708
Cayman Islands,2009,NA,NA,3896171237.69839
Cayman Islands,2000,NA,NA,NA
Cayman Islands,2003,NA,NA,NA
Cayman Islands,2018,NA,NA,4609749992.24926
Cayman Islands,2011,NA,NA,3834677124.49816
Cayman Islands,2013,NA,NA,3931495700.25199
Cayman Islands,2010,NA,NA,3790365376.86307
Cayman Islands,2002,NA,NA,NA
Cayman Islands,2001,NA,NA,NA
Cayman Islands,2008,NA,NA,4198482227.61947
Cayman Islands,2006,NA,NA,4084368218.53431
Cayman Islands,2004,NA,NA,NA
Cayman Islands,2007,NA,NA,4213541482.72754
Central African Republic,2009,0.0368492772546631,19336.41262,5036804498.5544
Central African Republic,2000,0.0646951321701333,24760.86522,3786415841.75199
Central African Republic,2007,0.0543472174704593,22737.02708,4545122879.15504
Central African Republic,2001,0.0658036248173819,20937.00352,3955469427.54081
Central African Republic,2004,0.0549677799383642,21187.07724,4109743464.20343
Central African Republic,2010,0.0375101903041308,21491.30474,5270049769.669
Central African Republic,2006,0.0545600360659769,22367.58146,4344928771.59951
Central African Republic,2008,0.0383682695753725,23876.1998,4638485655.47693
Central African Republic,2015,0.0382625562500039,21002.90194,3831548140.33666
Central African Republic,2011,0.0410395387003695,22795.30024,5491108085.5972
Central African Republic,2016,0.0420865723239598,22699.77251,4013558816.92666
Central African Republic,2017,0.0445090109733524,20981.80529,4195263790.82987
Central African Republic,2014,0.0271738337653223,20639.43834,3672277040.52477
Central African Republic,2013,0.0251122973629173,21095.58984,3669302318.2265
Central African Republic,2018,0.0449675942827757,21510.02287,4354240945.75063
Central African Republic,2002,0.0635518621865911,18690.99393,4098520648.25994
Central African Republic,2019,0.0451882048419334,19869.45835,4489222415.0689
Central African Republic,2003,0.0573650660654344,23801.45033,3877303602.09053
Central African Republic,2012,0.0413130857313568,19909.99414,5768615578.41872
Central African Republic,2005,0.0532451505571377,22225.66634,4147068586.47959
Chad,2012,0.0967259186386791,60192.87666,22567573043.8726
Chad,2017,0.0986485114163678,76767.20462,23832085166.556
Chad,2011,0.0814813200159445,57191.3397,20726523800.292
Chad,2013,0.112528284150601,62716.78711,23853925014.9375
Chad,2019,0.0981963885605548,84292.90771,25190111030.9707
Chad,2014,0.108278189161726,65261.99617,25499842273.6904
Chad,2006,0.07864464179353,48490.98854,16443637977.8434
Chad,2007,0.0817422352570441,50381.40686,16981591525.0421
Chad,2004,0.0804181368643667,43887.55107,13924293784.1584
Chad,2016,0.10072718438851,74323.30173,24566297101.8342
Chad,2010,0.100044330567654,54742.78384,20709361993.75
Chad,2009,0.096919588925941,52256.24832,18238083310.3491
Chad,2008,0.0925967305614442,51551.89229,17499987131.5205
Chad,2001,0.0610975494928798,32806.38724,8372039130.86108
Chad,2015,0.104563037463065,69860.08103,26205595207.9731
Chad,2018,0.0998063984014571,81268.12762,24397867877.0283
Chad,2003,0.0831741581402915,40683.32823,10420084739.702
Chad,2002,0.0602373582727763,36824.60788,9082926539.58965
Chad,2005,0.0796200944086824,47750.26151,16337726701.6699
Chad,2000,0.0614349901206385,34514.9194,7497921362.18453
Channel Islands,2018,NA,NA,NA
Channel Islands,2016,NA,NA,NA
Channel Islands,2015,NA,NA,NA
Channel Islands,2008,NA,NA,NA
Channel Islands,2006,NA,NA,NA
Channel Islands,2004,NA,NA,NA
Channel Islands,2002,NA,NA,NA
Channel Islands,2003,NA,NA,NA
Channel Islands,2009,NA,NA,NA
Channel Islands,2007,NA,NA,NA
Channel Islands,2014,NA,NA,NA
Channel Islands,2012,NA,NA,NA
Channel Islands,2017,NA,NA,NA
Channel Islands,2000,NA,NA,NA
Channel Islands,2019,NA,NA,NA
Channel Islands,2001,NA,NA,NA
Channel Islands,2005,NA,NA,NA
Channel Islands,2013,NA,NA,NA
Channel Islands,2010,NA,NA,NA
Channel Islands,2011,NA,NA,NA
Chile,2016,4.78352570264377,106621.636,444852114339.543
Chile,2017,4.74380241866313,107321.0615,450891850914.83
Chile,2014,4.3285934591455,96490.37495,427978193970.559
Chile,2010,4.10188399757659,91817.82978,360915104444.854
Chile,2009,3.88812820095611,86662.29099,340963131854.242
Chile,2019,4.82762007480769,113466.4538,472366975858.932
Chile,2012,4.52160278209186,100676.7049,406976312902.023
Chile,2013,4.74008312428523,103897.7388,420441157778.133
Chile,2011,4.45280082368416,98241.40312,383378088027.307
Chile,2015,4.60323610513279,102210.7159,437188038616.539
Chile,2018,4.62965705867727,107364.6255,468882568679.532
Chile,2004,3.43190265230929,74639.52957,281452077797.839
Chile,2007,3.91463436960953,84293.0117,332228872189.064
Chile,2002,3.12998963284203,68527.04914,251942684159.439
Chile,2003,3.16541052235459,69252.82561,263842555068.61
Chile,2000,3.28459876265967,70030.0334,236659561222.491
Chile,2008,4.0807703429627,89031.66989,344818329172.422
Chile,2005,3.46014367204439,75236.85374,297880564256.474
Chile,2006,3.49859730051134,76544.9087,315902311065.355
Chile,2001,3.11937442838427,67899.39687,244123886435.852
China,2019,7.64543578560038,12732245.13,22492617140030.3
China,2001,2.77476219679994,4759814.089,4721537253617.51
China,2000,2.65040910152893,4567274.433,4358245522535.81
China,2010,6.33541976743751,10211636.79,11884957832311.2
China,2007,5.30636800631315,8551053.498,8955257903305.3
China,2018,7.53319313353674,12524335.16,21229363693432.1
China,2016,7.10547993572515,11773340.79,18595188781703.6
China,2004,3.94515487143877,6489937.932,6243467841396.09
China,2008,5.43507909606652,8805331.438,9819501089971.55
China,2006,4.91027619715946,7942463.982,7839613419837.17
China,2017,7.22616015441748,12014198.87,19887033884256.7
China,2011,6.90134732553428,11089792.42,13020070209403.8
China,2009,5.79831993750282,9380446.702,10742409055886.5
China,2003,3.43403647935424,5724514.257,5670023166308.18
China,2002,2.96482122774133,5053060.571,5152785033972.09
China,2015,7.14513153508327,11804696.79,17403279549482.5
China,2012,7.04520023039603,11374795.58,14043934216102.1
China,2013,7.32015492503154,11861843.52,15134607226924.2
China,2005,4.46769636118185,7263558.578,6954885516694.85
China,2014,7.30471287157582,11940737.42,16258467389928.8
Colombia,2018,1.61039151744768,182787.6556,710890844417.811
Colombia,2011,1.53989837625496,166014.9048,569896039653.114
Colombia,2015,1.71939023077553,175033.6574,669839363772.069
Colombia,2008,1.37618781817215,153089.9338,504205845899.389
Colombia,2007,1.3787719381779,151267.0656,488176822634.842
Colombia,2001,1.49577004295535,143400.1128,364373333183.589
Colombia,2016,1.75379580314977,178893.9855,683821473440.463
Colombia,2009,1.41424194119423,156750.4298,509952020992.615
Colombia,2006,1.36051065966753,146405.3219,457359077552.786
Colombia,2012,1.53384649831834,164091.467,592193995936.217
Colombia,2000,1.50440639819294,141245.692,358360409929.91
Colombia,2017,1.56507517599547,174466.4908,693117074956.624
Colombia,2014,1.71582096359122,175835.9665,650608032006.342
Colombia,2004,1.35921378531275,144244.3916,408830959760.227
Colombia,2010,1.43131795380357,162038.7755,532872625250.473
Colombia,2019,1.57782014077396,186444.7985,733545907627.611
Colombia,2013,1.6809878815941799,172344.8462,622597197313.155
Colombia,2005,1.37815501028636,145701.7786,428572430142.391
Colombia,2003,1.38137348068341,143002.7025,388131804951.369
Colombia,2002,1.41822635805315,141502.7824,373497170268.023
Comoros,2009,0.218523781582056,378.317761,1912559961.85591
Comoros,2013,0.274809727864019,471.126282,2227790298.9142
Comoros,2019,0.412396679587249,618.479881,2602858497.56442
Comoros,2007,0.18122901804023,324.038998,1781879840.07295
Comoros,2018,0.389920045136433,593.247488,2557820892.73028
Comoros,2003,0.245031834844685,348.46422,1643092257.65916
Comoros,2004,0.263613431207563,364.668528,1674634039.32339
Comoros,2002,0.196226793096108,328.319613,1609235997.94956
Comoros,2006,0.284623704639648,404.567866,1767737193.90349
Comoros,2017,0.366303251827578,568.532195,2467927827.49339
Comoros,2015,0.254582205813075,476.310008,2300821254.93849
Comoros,2012,0.233875244137415,434.206419,2132545540.95481
Comoros,2014,0.240550116706688,458.308745,2274722212.32274
Comoros,2008,0.181263602713394,350.15393,1852524447.582
Comoros,2016,0.292000343056851,505.139902,2377218795.20507
Comoros,2001,0.200459706321053,323.362506,1572672235.62083
Comoros,2010,0.255783325000305,418.213393,1984812016.16533
Comoros,2000,0.195432578554954,304.466998,1536819660.61602
Comoros,2005,0.248024660737696,363.474035,1722152581.83456
Comoros,2011,0.223856874868484,416.575656,2067052834.93352
"Congo, Dem. Rep.",2016,0.029732419887336,52491.41857,83167671599.0109
"Congo, Dem. Rep.",2004,0.0353859075208271,47079.724,40209544343.8915
"Congo, Dem. Rep.",2005,0.0390573006692614,47184.36953,42676460668.3229
"Congo, Dem. Rep.",2013,0.0539000662686987,50963.47157,69393292416.4297
"Congo, Dem. Rep.",2003,0.0375636875632675,45141.52578,37671123197.9603
"Congo, Dem. Rep.",2007,0.0410154869290338,45682.22608,47760730566.9975
"Congo, Dem. Rep.",2000,0.0336292442720414,34138.39892,35402751926.2926
"Congo, Dem. Rep.",2010,0.0399736368901706,49865.04896,55891897117.2762
"Congo, Dem. Rep.",2006,0.0391013406100515,48147.92576,44947266419.7587
"Congo, Dem. Rep.",2011,0.0439433708048075,49285.5429,59734281098.2755
"Congo, Dem. Rep.",2017,0.0337552149879134,55524.36469,86267287184.0017
"Congo, Dem. Rep.",2018,0.0323112350811435,53561.37402,91289010440.5752
"Congo, Dem. Rep.",2009,0.0389418230200258,47750.99613,52182758842.1619
"Congo, Dem. Rep.",2015,0.0410822170168305,52645.93945,81218906049.1927
"Congo, Dem. Rep.",2002,0.0319421960455283,41653.01552,35680905680.015
"Congo, Dem. Rep.",2014,0.0675486326218718,52890.71341,75965037128.357
"Congo, Dem. Rep.",2008,0.0410170493286043,47709.05121,50734263154.0536
"Congo, Dem. Rep.",2001,0.0312421561071217,36249.50767,34659232880.2685
"Congo, Dem. Rep.",2019,0.0337148799163223,55443.09684,95291603468.5568
"Congo, Dem. Rep.",2012,0.0398223214302063,47471.27573,63967589236.2596
"Congo, Rep.",2009,1.13655123166942,15415.03131,20095890965.0296
"Congo, Rep.",2007,1.04913418474551,13701.53401,16933185719.0706
"Congo, Rep.",2002,0.827099765306839,10449.28242,14937847146.1879
"Congo, Rep.",2012,1.11616022635727,16310.85407,24824958475.4192
"Congo, Rep.",2005,1.17435858201244,14503.60351,16791460058.7821
"Congo, Rep.",2006,1.25296493373365,15997.87356,18132466083.762
"Congo, Rep.",2008,1.06626268277451,14231.43116,18001056071.8179
"Congo, Rep.",2001,1.30404680125171,12697.42119,14283400303.9555
"Congo, Rep.",2000,1.38702756514775,13091.71866,13760156337.7328
"Congo, Rep.",2003,0.94167204677379,11707.28075,15059331290.801
"Congo, Rep.",2010,1.22205762926656,17324.56927,22091667237.4821
"Congo, Rep.",2004,0.991952609813345,12458.53118,15582888764.3954
"Congo, Rep.",2011,1.17445818434384,17105.56757,22578991602.6539
"Congo, Rep.",2013,1.10015273196348,15818.85907,24648096918.5763
"Congo, Rep.",2018,1.14258944301682,18752.36987,20602102447.4628
"Congo, Rep.",2017,1.01776241731516,16159.3014,21642080499.8527
"Congo, Rep.",2019,1.25766214248646,20022.05923,20584202113.4063
"Congo, Rep.",2014,1.04656126835517,15290.14487,26303630550.478
"Congo, Rep.",2016,1.0599164344115,15480.20014,22634023587.9874
"Congo, Rep.",2015,1.11662104744781,15852.59287,25369698640.5001
Costa Rica,2000,1.24316664208044,10415.03619,50021225873.6412
Costa Rica,2005,1.45367568706039,11680.17054,60637821316.2271
Costa Rica,2004,1.39757336343115,11138.83123,58318681906.6268
Costa Rica,2019,1.56482445188662,15718.67899,105850100781.285
Costa Rica,2014,1.61681138693653,14438.24508,89525599525.2697
Costa Rica,2012,1.57216378945795,13894.03481,84358439803.8543
Costa Rica,2011,1.5878028840627,13939.11362,80431306916.8609
Costa Rica,2010,1.53723769279563,13252.16003,77039150445.8162
Costa Rica,2017,1.63671577915361,15440.86498,100716906502.777
Costa Rica,2016,1.61952841186564,15103.53237,96696554844.9626
Costa Rica,2018,1.62012119663525,15749.85459,103351564495.896
Costa Rica,2009,1.5775366322261,13119.85323,73119684220.2243
Costa Rica,2007,1.71226744750417,13378.75534,70427024505.5277
Costa Rica,2001,1.33787391857638,10725.3465,51767551841.3075
Costa Rica,2015,1.53984215693524,14296.03177,92795146907.0457
Costa Rica,2003,1.38444495906757,11114.12492,55847647136.362
Costa Rica,2008,1.66935403797623,13563.61134,73763980087.9483
Costa Rica,2013,1.62342547847402,14390.80079,86462985572.7768
Costa Rica,2002,1.33972958478134,10757.81741,53536385097.8716
Costa Rica,2006,1.49765701301822,12014.05874,65080569800.779
Cote d'Ivoire,2013,0.386857284358351,21931.4159,89036824695.4033
Cote d'Ivoire,2008,0.319825943398114,21009.33512,71305686646.537
Cote d'Ivoire,2007,0.285492261967837,21355.50774,68051033039.5752
Cote d'Ivoire,2011,0.28374179853428,18871.07118,74694948352.7917
Cote d'Ivoire,2005,0.309775086892795,23007.43478,65466406240.1979
Cote d'Ivoire,2015,0.415553147784264,22619.38655,104387895160.365
Cote d'Ivoire,2016,0.396202600337942,24077.52629,111875387973.017
Cote d'Ivoire,2006,0.293837436901418,22053.35006,67309664361.9252
Cote d'Ivoire,2009,0.291675665867515,19575.1965,73875059831.321
Cote d'Ivoire,2002,0.386730368311917,25936.48762,65935956227.4059
Cote d'Ivoire,2000,0.386281397194112,25736.87342,69279177487.0347
Cote d'Ivoire,2001,0.376580096289645,25489.72137,67786895350.803
Cote d'Ivoire,2004,0.294749452181012,21658.53183,64820749081.6531
Cote d'Ivoire,2014,0.399942510628685,21811.47133,97381355854.2254
Cote d'Ivoire,2010,0.300690689914348,19242.19108,78934060423.2922
Cote d'Ivoire,2019,0.414528305155615,25646.69991,134198162936.086
Cote d'Ivoire,2012,0.365172194338829,20450.24138,80387010983.3818
Cote d'Ivoire,2017,0.425136558186376,24648.216230000002,120166207188.779
Cote d'Ivoire,2003,0.292971288913044,23261.66458,62819910904.0238
Cote d'Ivoire,2018,0.399890358464121,24551.12647,125986032116.362
Croatia,2011,4.4450549476221,25868.53541,105516343037.508
Croatia,2014,3.83079514409838,21998.12626,102205351642.508
Croatia,2018,4.02006632837905,22213.71599,115358652363.943
Croatia,2000,4.0360745536,25205.81114,81908123716.4746
Croatia,2003,5.02112399988939,28179.01991,94376327237.8021
Croatia,2010,4.52977084699612,26151.57551,105607813956.139
Croatia,2002,4.7131287576932,27072.91978,89375454945.6863
Croatia,2017,4.22057683649365,23319.27005,112215849767.732
Croatia,2019,4.06451947763153,22302.06393,119305078241.127
Croatia,2016,4.04297771940008,22671.43852,108512882566.927
Croatia,2007,5.30646136841834,30077.64122,112942367448.42
Croatia,2009,4.71661934771151,26711.16807,106916232876.993
Croatia,2013,3.99714358826503,22803.44883,102646073424.8
Croatia,2005,4.97547066281993,27840.69631,102560238177.566
Croatia,2008,5.04124992313859,29259.79858,115203320067.079
Croatia,2006,5.00985929769698,28570.62506,107604210953.561
Croatia,2015,3.94953949039919,22609.48542,104783269334.129
Croatia,2004,4.90003716953956,27903.78114,98323762300.0981
Croatia,2012,4.07797621028232,23888.27888,103056058937.845
Croatia,2001,4.46455774690079,26023.97075,84457482539.0772
Cuba,2019,2.15774090266798,39353.62809,NA
Cuba,2003,2.28842784276794,40550.91698,NA
Cuba,2015,2.57584418337596,44506.83057,NA
Cuba,2000,2.55300140260158,43543.71858,NA
Cuba,2011,2.44154421168434,43186.12106,NA
Cuba,2014,2.35413332090837,42540.0504,NA
Cuba,2007,2.45588087972843,41946.68372,NA
Cuba,2002,2.36556663886315,41410.06282,NA
Cuba,2006,2.37821507322414,40987.06197,NA
Cuba,2012,2.53693202667895,44295.12604,NA
Cuba,2009,2.39113335463347,42074.93203,NA
Cuba,2004,2.25961119592948,39931.17225,NA
Cuba,2013,2.54997116568281,44642.78112,NA
Cuba,2018,2.35469857464228,41721.43901,NA
Cuba,2016,2.39608281140947,42569.13595,NA
Cuba,2010,2.48972203595315,43297.94278,NA
Cuba,2001,2.46564205615036,42650.26585,NA
Cuba,2017,2.31478144967474,41247.87473,NA
Cuba,2005,2.34017723811087,39999.50581,NA
Cuba,2008,2.37190985339653,41280.20267,NA
Curacao,2007,NA,NA,4023856999.46671
Curacao,2009,NA,NA,4090053856.63644
Curacao,2006,NA,NA,3926864880.88125
Curacao,2002,NA,NA,3818710312.50974
Curacao,2016,NA,NA,4009753012.75496
Curacao,2005,NA,NA,3863657960.01542
Curacao,2017,NA,NA,3940295041.56586
Curacao,2001,NA,NA,3803607510.1049
Curacao,2014,NA,NA,4033331824.90492
Curacao,2008,NA,NA,4111900724.10035
Curacao,2013,NA,NA,4082375926.75163
Curacao,2004,NA,NA,3837698792.70904
Curacao,2011,NA,NA,4118496845.51714
Curacao,2003,NA,NA,3829715327.04125
Curacao,2015,NA,NA,4045066752.26328
Curacao,2012,NA,NA,4115783185.72867
Curacao,2000,NA,NA,3830256662.71218
Curacao,2018,NA,NA,3854913518.0625
Curacao,2019,NA,NA,3724933575.63004
Curacao,2010,NA,NA,4093420241.26447
Cyprus,2008,7.77259037523229,9709.288942,31778894460.4187
Cyprus,2007,7.73564471776458,9493.572217,30660754392.8204
Cyprus,2017,6.09107149801866,8737.878187,33018515599.4094
Cyprus,2000,7.51679168815391,8154.548029,22863827920.0236
Cyprus,2002,7.29845631311126,8299.418632,24652389533.054
Cyprus,2009,7.44940925710233,9538.052941,31138466362.2297
Cyprus,2014,5.78745024405371,8137.045114,28333189568.3497
Cyprus,2005,7.61844518456949,9024.704645,27860189288.503
Cyprus,2001,7.24697615123908,8071.954241,23767534560.5213
Cyprus,2012,6.13787832149935,8444.283423,30879698211.1799
Cyprus,2015,5.77109022303079,8213.804434,29301879556.3501
Cyprus,2016,6.02664204541186,8598.436545,31228062109.639
Cyprus,2003,7.83135902434148,8972.064599,25299092246.659
Cyprus,2006,7.57922303347046,9162.994106,29173470877.4835
Cyprus,2019,5.85187933947248,8541.86797,36812204705.3321
Cyprus,2013,5.50803449623297,7739.793469,28845503570.5555
Cyprus,2010,6.9916773333475,9208.664533,31849527252.996
Cyprus,2004,7.63612661041108,8914.801221,26570711633.0713
Cyprus,2011,6.66727215248462,8960.971704,31982248297.961
Cyprus,2018,5.9061510578579,8560.320828,34883354540.377
Denmark,2009,8.67875710991754,63485.69286,276784659273.733
Denmark,2001,10.1227088314642,72212.32806,263294280697.691
Denmark,2013,7.11686267972613,54525.65812,289052580545.17
Denmark,2012,6.83460751287831,53122.4767,286379681639.879
Denmark,2008,9.12471027761107,66418.09065,291065948985.469
Denmark,2006,10.6917586613287,74875.1201,289927788951.14
Denmark,2010,8.67475665065938,63737.42493,281963275745.511
Denmark,2007,9.77973200464786,69974.65083,292563925272.25
Denmark,2002,10.0149536889517,71563.80008,264522141915.722
Denmark,2019,5.10738642637222,43569.79676,330340363092.738
Denmark,2005,9.26331394138722,67219.02344,279010101422.197
Denmark,2015,5.93032476740055,48303.77416,300614454530.98
Denmark,2004,9.94122885590458,70907.8511,272639494374.131
Denmark,2014,6.34715312817014,50328.46514,293733480145.142
Denmark,2003,10.9884401920834,77081.84035,265553933164.062
Denmark,2000,9.85127020370004,70523.49979,261144660594.85
Denmark,2018,5.71891295897775,47108.3564,325479371132.153
Denmark,2011,7.73672793386388,58248.63644,285732498126.509
Denmark,2017,5.75613445319845,47663.42765,319130157564.111
Denmark,2016,6.16973434054759,49939.3101,310372270416.481
Djibouti,2016,0.386480086703197,1340.937804,4391117244.49419
Djibouti,2009,0.516589113564154,1356.538371,NA
Djibouti,2007,0.543460672495019,1349.493447,NA
Djibouti,2015,0.443772428370827,1382.482818,4099119257.74408
Djibouti,2014,0.40660730552519597,1329.890501,3812208308.25303
Djibouti,2006,0.510775762828135,1305.722785,NA
Djibouti,2003,0.513881879091431,1277.670096,NA
Djibouti,2017,0.387797733776952,1349.7328889999999,4630788442.32676
Djibouti,2012,0.516191500130463,1405.544167,NA
Djibouti,2011,0.506932561637299,1376.49825,NA
Djibouti,2019,0.398763866464803,1388.224359,5120924758.37757
Djibouti,2010,0.564730814546143,1415.112033,NA
Djibouti,2008,0.537215450239329,1358.596909,NA
Djibouti,2002,0.50638108598214,1257.473482,NA
Djibouti,2018,0.392452501801933,1367.777974,4851881587.78039
Djibouti,2013,0.575032955905462,1477.726884,3560763456.98091
Djibouti,2005,0.51669292456861,1307.523222,NA
Djibouti,2000,0.503212121293797,1221.999956,NA
Djibouti,2001,0.491841826803747,1230.304169,NA
Djibouti,2004,0.483642544414344,1269.193209,NA
Dominica,2006,2.25917197637543,218.088759,748205329.192377
Dominica,2017,2.35217249264946,231.784244,810451627.078835
Dominica,2004,2.10429608889667,204.440589,710236933.709957
Dominica,2003,1.77522573858157,183.878805,689211233.499849
Dominica,2016,2.60435247948626,247.984768,867897731.334077
Dominica,2019,2.43741949935599,241.979596,885380093.345994
Dominica,2005,2.16093426915572,212.491674,714895109.77812
Dominica,2007,2.38458742275536,230.066444,795738607.546467
Dominica,2012,2.42422482870747,232.363256,837243240.348925
Dominica,2001,2.04099599430693,206.427936,666900274.344105
Dominica,2015,2.58402731155456,247.524891,844557144.846193
Dominica,2002,1.54698075063725,167.296621,648040341.970567
Dominica,2014,2.59474420146747,244.944213,868274077.87617
Dominica,2011,2.21262110500131,217.130177,846204548.577617
Dominica,2013,2.49059126113428,237.702734,828871305.006907
Dominica,2018,2.33398754641854,231.66652,839203082.719067
Dominica,2008,2.40906051001716,229.438029,852403615.204913
Dominica,2009,2.3812639016093202,227.268314,842433982.27854
Dominica,2000,1.83331870189916,192.511952,667326327.033266
Dominica,2010,2.50890844302233,236.504999,848100483.044384
Dominican Republic,2003,2.09927249914012,28053.07909,83412425648.447
Dominican Republic,2002,2.37451508515934,30390.63354,84550223231.9653
Dominican Republic,2001,2.18982724730766,27952.67788,80913095904.5511
Dominican Republic,2004,1.91108672918118,27343.39745,85556236993.235
Dominican Republic,2019,2.36863439614581,39753.30481,197735341211.621
Dominican Republic,2007,2.19382557667849,31781.46154,109791948851.678
Dominican Republic,2008,2.16123200504718,31936.61485,113315726128.944
Dominican Republic,2018,2.35622376638923,39252.48133,188225854771.193
Dominican Republic,2000,2.18605044895725,27147.79163,78970796245.175
Dominican Republic,2011,2.11171803128455,33166.71838,127810588051.823
Dominican Republic,2016,2.33609927132434,37760.74806,168096190995.086
Dominican Republic,2010,2.1155194662714,32784.70389,123927417834.055
Dominican Republic,2014,2.08621475250958,34091.50908,147391382052.013
Dominican Republic,2015,2.26704601804065,36494.27567,157601210754.509
Dominican Republic,2009,2.03742492921635,31417.87007,114387868727.632
Dominican Republic,2017,2.21196208145507,37021.07534,175940743802.656
Dominican Republic,2006,2.19389610356038,30585.65002,102211959303.001
Dominican Republic,2005,2.03941878288681,28593.15641,93622681739.7202
Dominican Republic,2012,2.16147493311157,33969.17568,131283671940.134
Dominican Republic,2013,2.09580517022116,33736.58828,137684020201.26
Ecuador,2013,2.5250351571193,75080.53196,185640133594.918
Ecuador,2019,2.28505501120289,74113.4694,197548961601.146
Ecuador,2002,1.84936294858181,53839.92062,112267171012.053
Ecuador,2004,1.93413278108917,59345.88662,124793351744.836
Ecuador,2017,2.30876380731708,72729.71647,195010792573.628
Ecuador,2011,2.43452304700543,72121.77209,167443158551.426
Ecuador,2012,2.39507751382518,71955.86528,176890238040.202
Ecuador,2010,2.48532564443912,71886.09941,155229484002.131
Ecuador,2009,2.34002900134208,68299.05043,149943526846.065
Ecuador,2014,2.61945204390978,76784.74275,192673794231.404
Ecuador,2001,1.88793432356695,54244.72247,107848844714.928
Ecuador,2000,1.74644499860492,49011.80013,103685229632.358
Ecuador,2015,2.55560326309705,75114.76093,192864295837.36
Ecuador,2008,2.18586215975846,64893.57416,149098894146.809
Ecuador,2007,2.14961090975302,63144.88718,140187022069.715
Ecuador,2016,2.42048080897419,74097.77605,190499039001.124
Ecuador,2018,2.36682982605683,73972.27038,197525050990.573
Ecuador,2003,1.85365453180709,55058.53217,115324068368.38
Ecuador,2005,2.04940271656989,61061.50366,131396552682.369
Ecuador,2006,2.15048674568552,63577.6992,137182634612.881
"Egypt, Arab Rep.",2005,2.05142540699493,244648.1342,668148826142.142
"Egypt, Arab Rep.",2001,1.73914879185996,200791.2182,581495222238.361
"Egypt, Arab Rep.",2012,2.35642277493464,307219.1231,937938330090.216
"Egypt, Arab Rep.",2019,2.06316078338081,307452.9495,1244289559734
"Egypt, Arab Rep.",2003,1.75111351765264,211276.0426,614407786974.547
"Egypt, Arab Rep.",2002,1.7399470296964,206143.095,595394144462.036
"Egypt, Arab Rep.",2015,2.31554239924709,316217.8249,1029508711035.91
"Egypt, Arab Rep.",2004,1.86402703826597,224219.9849,639549793602.661
"Egypt, Arab Rep.",2017,2.40241649556664,337741.6636,1119174876108.72
"Egypt, Arab Rep.",2006,2.11764478262158,255608.9857,713875850697.025
"Egypt, Arab Rep.",2016,2.35935349574476,327455.6758,1074257784048.51
"Egypt, Arab Rep.",2011,2.30680689946667,296697.0157,917512664989.763
"Egypt, Arab Rep.",2010,2.29579094849789,289376.1877,901603227348.705
"Egypt, Arab Rep.",2014,2.29224576651155,310051.0097,986383822150.171
"Egypt, Arab Rep.",2008,2.26531923876528,279820.6817,819182076214.709
"Egypt, Arab Rep.",2013,2.29022523426049,304353.4118,958436653898.243
"Egypt, Arab Rep.",2018,2.29401624327717,331356.7922,1178839304390.02
"Egypt, Arab Rep.",2000,1.60588760442895,187899.2888,561639838777.506
"Egypt, Arab Rep.",2009,2.31178994450876,286971.6765,857467368086.415
"Egypt, Arab Rep.",2007,2.23058230448758,270581.1905,764474139036.106
El Salvador,2015,1.12301811600134,12218.54067,51510494019.4684
El Salvador,2003,1.0801996200668,11571.98069,40303186275.2387
El Salvador,2004,1.10622625050637,11924.52645,40661644621.8476
El Salvador,2011,1.10449967893304,12098.14912,47048598667.2654
El Salvador,2007,1.26221618955645,13369.6539,44387558417.6268
El Salvador,2000,0.94514005412788,10116.5256,38726860129.9029
El Salvador,2001,0.980044571771156,10759.78866,39067506881.6492
El Salvador,2008,1.13870917399337,12813.46089,45333259035.4407
El Salvador,2006,1.19895214730921,12797.44821,43577676776.7632
El Salvador,2017,1.01248608906763,11280.12151,54005533544.6622
El Salvador,2016,1.13992298228465,12171.42074,52818377611.0219
El Salvador,2005,1.13224696939308,12313.42481,41761730577.8067
El Salvador,2009,1.09614085134131,12437.63759,44387558417.6268
El Salvador,2014,1.0616269261132,11777.42223,50303216772.4018
El Salvador,2010,1.069539358139,12188.34908,45323198378.7275
El Salvador,2018,1.09058747913992,11641.82258,55308386919.1815
El Salvador,2013,1.04367501384658,11477.78489,49458122721.7197
El Salvador,2002,0.987361250317113,10998.61752,39682006904.4072
El Salvador,2019,1.25994054027114,12495.49105,56666564888.5034
El Salvador,2012,1.09905573330516,12254.75355,48376603572.2453
Equatorial Guinea,2008,5.84549700443531,13328.71466,35509168865.9224
Equatorial Guinea,2013,4.81534092050989,11739.98675,36252199683.1351
Equatorial Guinea,2010,5.52550697837599,12842.35769,32774713205.9454
Equatorial Guinea,2004,6.67703347834768,13195.90025,20794523888.3096
Equatorial Guinea,2003,3.5397837861111,9382.848682,15068634589.6961
Equatorial Guinea,2012,4.91682556491259,11882.63143,37815175969.5797
Equatorial Guinea,2006,6.16775897983031,13534.65603,26147885206.191
Equatorial Guinea,2019,3.13998883473672,10292.5386,25221797766.6367
Equatorial Guinea,2009,5.81218872342831,12692.62428,35986183518.7209
Equatorial Guinea,2016,4.16755127322584,12361.18175,30169339488.3682
Equatorial Guinea,2005,6.48748852237587,13658.06411,24277336436.6714
Equatorial Guinea,2007,6.66748171928323,14205.20024,30143834810.9375
Equatorial Guinea,2014,4.59132029991129,13756.70787,36402670347.6074
Equatorial Guinea,2000,2.89396578279271,6704.651693,6774982661.31209
Equatorial Guinea,2001,4.0215774326748,8968.012856,11068958232.1211
Equatorial Guinea,2017,3.70119404919301,11334.9762,28459489607.0028
Equatorial Guinea,2018,3.37429623105391,10907.31395,26684600996.3204
Equatorial Guinea,2002,3.37282775173548,8248.394619,13223291202.3447
Equatorial Guinea,2011,5.31990550311553,12206.72611,34912910465.4196
Equatorial Guinea,2015,4.07892363098592,12673.56899,33086372099.6728
Eritrea,2001,0.281454324194016,5270.561594,NA
Eritrea,2013,0.178812007279529,5808.125444,NA
Eritrea,2006,0.183872534671623,5191.732235,NA
Eritrea,2004,0.254601648848774,5403.726672,NA
Eritrea,2015,0.170927836656581,5864.299964,NA
Eritrea,2002,0.266602654289196,5219.221887,NA
Eritrea,2010,0.159781963302408,5413.118314,NA
Eritrea,2007,0.176517547864648,5490.096505,NA
Eritrea,2000,0.264614188759988,5540.779701,NA
Eritrea,2005,0.208293016429521,5386.662965,NA
Eritrea,2012,0.192258737328583,5786.202034,NA
Eritrea,2014,0.178195686678652,5848.573954,NA
Eritrea,2019,0.199267295412336,6179.328169,NA
Eritrea,2009,0.151701358804211,5476.340344,NA
Eritrea,2003,0.258152778144185,5362.393979,NA
Eritrea,2018,0.196698529680667,6129.880168,NA
Eritrea,2016,0.172496431953649,5934.573265,NA
Eritrea,2011,0.18577614829918,5719.456724,NA
Eritrea,2008,0.149482047748687,5431.007274,NA
Eritrea,2017,0.171174998152745,5994.222366,NA
Estonia,2007,14.7431154339589,22931.85794,41749552573.3083
Estonia,2011,13.9385689285911,21637.86275,37155198682.8146
Estonia,2019,7.58212010267556,13174.99211,47971916545.3017
Estonia,2010,13.8946656903059,21672.08663,34639315872.6079
Estonia,2014,13.3847833280717,20799.44491,40085861824.8865
Estonia,2013,14.2993496950297,22029.62753,38914018086.7518
Estonia,2018,11.8889360404909,18817.84752,46242579702.4185
Estonia,2001,10.9729381211211,18335.58763,26307704018.7761
Estonia,2000,10.6890911498692,18060.79141,24817728446.3435
Estonia,2005,12.4062667232566,19903.68604,35355547376.459
Estonia,2004,12.2967964478368,19914.25934,32280380501.7942
Estonia,2008,13.0742881930162,20663.03742,39606965135.4168
Estonia,2016,12.0894671642131,18996.67903,42117035737.1515
Estonia,2006,11.9467482421425,19200.40872,38808222831.4188
Estonia,2003,12.1702462939185,19781.36368,30223941194.377
Estonia,2009,10.5265958044683,17144.33241,33812840409.0844
Estonia,2002,10.7261391235002,17892.45283,28089095451.9376
Estonia,2015,10.929773066435,17592.51222,40828660880.2311
Estonia,2012,12.8442211967073,20163.71941,38354642990.0875
Estonia,2017,12.7324303316269,19899.03282,44556473262.6919
Eswatini,2016,0.976784732749597,2895.568355,9269570961.68438
Eswatini,2006,0.919428245347882,2610.184842,7155856949.5624
Eswatini,2018,0.952924265874315,2924.752157,9682521831.73164
Eswatini,2001,1.06184390952145,2646.223337,5668608910.32656
Eswatini,2007,0.945195976413458,2722.417316,7473246081.01903
Eswatini,2011,0.737218544723898,2568.66529,8121386877.60282
Eswatini,2019,0.9999033868467612,3052.193508,9943191614.40451
Eswatini,2015,0.895905941781547,2803.297504,9172107215.4607
Eswatini,2009,0.951971255454906,2723.468163,7652572017.00632
Eswatini,2017,0.960404380791912,2897.502606,9457426061.9256
Eswatini,2005,0.916608669205494,2671.164469,6751307349.44843
Eswatini,2000,1.0583253113064,2737.111904,5609442479.62535
Eswatini,2010,0.772056149538148,2595.686637,7942891848.10281
Eswatini,2003,0.941162470237449,2655.352103,6146487939.55509
Eswatini,2002,1.02283098070154,2661.21447,5916899597.50445
Eswatini,2008,0.922678851606155,2696.94099,7534651047.25624
Eswatini,2012,0.725452654384746,2577.664844,8559668134.83464
Eswatini,2013,0.855748672784778,2754.543697,8890175221.89132
Eswatini,2014,0.868132502564695,2783.518951,8972252035.23448
Eswatini,2004,0.924782597272942,2645.750936,6369231390.39393
Ethiopia,2016,0.144807033553953,142550.0688,196317925147.112
Ethiopia,2005,0.0651801201859715,88879.1606,65837648261.6517
Ethiopia,2019,0.155169188831947,159695.3463,248972206952.337
Ethiopia,2000,0.0530643134257323,72193.42532,48196209693.7879
Ethiopia,2013,0.104968497193462,126731.6201,147388024659.877
Ethiopia,2015,0.127315885004371,136449.738,179394752299.826
Ethiopia,2018,0.153230325883588,148723.7191,229755278555.775
Ethiopia,2014,0.125220099867699,133087.9879,162506340914.728
Ethiopia,2007,0.0727289934281699,103681.3521,81330654830.8309
Ethiopia,2003,0.0686412431478002,83434.23021,51842511686.7387
Ethiopia,2017,0.146790211829337,145745.4962,215094143811.298
Ethiopia,2001,0.0637694596607203,75985.98081,52197124695.351
Ethiopia,2012,0.090618147260683,122116.4452,133283594734.983
Ethiopia,2006,0.0678219197764366,93800.64322,72970977757.3938
Ethiopia,2004,0.0708383442212328,85582.9044,58878890054.1649
Ethiopia,2010,0.0725387745198668,116922.7292,110340691113.094
Ethiopia,2002,0.0643209963134495,85285.46161,52987767961.0667
Ethiopia,2009,0.075320799231542293,112226.6244,98036573378.2232
Ethiopia,2011,0.0822442858627317,116512.5094,122674900424.815
Ethiopia,2008,0.0769075705004338,107780.264,90105030164.1105
Faroe Islands,2008,NA,NA,NA
Faroe Islands,2009,NA,NA,NA
Faroe Islands,2010,NA,NA,NA
Faroe Islands,2013,NA,NA,NA
Faroe Islands,2014,NA,NA,NA
Faroe Islands,2019,NA,NA,NA
Faroe Islands,2006,NA,NA,NA
Faroe Islands,2012,NA,NA,NA
Faroe Islands,2005,NA,NA,NA
Faroe Islands,2007,NA,NA,NA
Faroe Islands,2018,NA,NA,NA
Faroe Islands,2017,NA,NA,NA
Faroe Islands,2000,NA,NA,NA
Faroe Islands,2011,NA,NA,NA
Faroe Islands,2002,NA,NA,NA
Faroe Islands,2015,NA,NA,NA
Faroe Islands,2003,NA,NA,NA
Faroe Islands,2001,NA,NA,NA
Faroe Islands,2004,NA,NA,NA
Faroe Islands,2016,NA,NA,NA
Fiji,2018,1.50947338182103,2076.756546,12232909168.4617
Fiji,2003,1.20761127150457,2140.737753,8256686129.47875
Fiji,2010,1.24429802611446,2262.550668,9069261604.27571
Fiji,2002,1.03189703150169,2026.023837,8174936814.89547
Fiji,2017,1.44839225304373,1995.340253,11783674123.9893
Fiji,2000,1.00489003722482,1963.529304,7766127900.64889
Fiji,2008,0.962830547845452,2026.533967,8932796888.3565
Fiji,2016,1.30513703067714,1805.08636,11184905364.1921
Fiji,2009,0.850581828146304,1906.155967,8808984955.13736
Fiji,2005,1.2242220172518,2207.550466,8755150538.22995
Fiji,2001,1.23662815575524,2203.484521,7921450470.05882
Fiji,2007,1.26739183156533,2265.976067,8841482567.41497
Fiji,2019,1.51720533716581,2187.528938,12161720156.0989
Fiji,2014,1.32552754598279,1796.428168,10447623286.2632
Fiji,2015,1.37788922808548,1874.148768,10917891748.4898
Fiji,2013,1.16798565443433,2220.025068,9893253406.39562
Fiji,2012,1.09048919993107,2137.228768,9446056364.96989
Fiji,2011,1.16232089876755,2192.642168,9314598102.3465
Fiji,2006,1.35887566627373,2327.229266,8917338289.91953
Fiji,2004,1.5225673651831,2461.96957,8694290469.95165
Finland,2000,10.6443731309922,69643.62462,206500688395.91
Finland,2001,11.7748661914168,75434.07909,211890395854.072
Finland,2004,12.9458059145721,81847.43056,228601643583.116
Finland,2006,12.7272102369268,81097.23891,244419085501.301
Finland,2019,7.42303960115952,52762.97326,268258580618.648
Finland,2008,10.6636260517985,70814.87076,259389456552.985
Finland,2016,8.31624752993602,57902.35336,253920299689.414
Finland,2002,12.1985394756526,77694.15474,215507680547.431
Finland,2015,7.81369792414716,55210.20911,246976655331.328
Finland,2018,8.04918842721228,56199.93179,265012838732.94
Finland,2017,7.80931895529113,55043.07473,262026475788.422
Finland,2013,9.2280857485569,62745.61025,246540851975.183
Finland,2005,10.5717089431837,69486.61523,234956427642.283
Finland,2014,8.45218320494398,58686.81708,245641204296.279
Finland,2009,10.148381558573,67296.43023,238445191238.656
Finland,2007,12.3097271173365,79087.17353,257371675330.3
Finland,2010,11.6580824827459,75320.42652,246041956444.155
Finland,2003,13.7555932134462,85919.67371,219825989406.17
Finland,2011,10.2302556366865,67632.7565,252310280856.259
Finland,2012,9.12603706225985,61976.2554,248784129304.398
France,2000,6.12651544488878,506377.7308,2420192654831.56
France,2002,6.0043644845786,504638.6122,2496229751724.52
France,2004,6.02631953482719,508080.5046,2587996327114.77
France,2001,6.14105166085935,511552.3445,2468202534897.63
France,2008,5.5640399420339,486835.1646,2767880101784.03
France,2010,5.35040786583849,472918.3176,2740757930694.59
France,2011,5.12710544623814,456763.7362,2800854547180.79
France,2007,5.67076460296602,492867.6926,2760841448046.81
France,2003,6.05295599834043,509781.811,2516777735437.39
France,2009,5.31413736475439,468967.6445,2688350220063.27
France,2019,4.46016494835631,412999.0434,3094645337796.63
France,2014,4.61480713608279,427859.1918,2852837603528.6
France,2005,6.02667784171445,509361.4599,2631040399116.79
France,2018,4.57051742845134,422400.0351,3038643985600.27
France,2017,4.74791692880333,436922.6199,2983008898740.32
France,2015,4.67593508663906,433262.6025,2884587185274.82
France,2012,5.15235849401422,460350.4426,2809624996095.14
France,2006,5.84238818030875,499562.6625,2695483092567.33
France,2013,5.12789942785166,461319.7706,2825817614408.69
France,2016,4.70347567349874,433665.791,2916186811083.79
French Polynesia,2007,NA,NA,NA
French Polynesia,2006,NA,NA,NA
French Polynesia,2004,NA,NA,NA
French Polynesia,2005,NA,NA,NA
French Polynesia,2018,NA,NA,NA
French Polynesia,2000,NA,NA,NA
French Polynesia,2008,NA,NA,NA
French Polynesia,2017,NA,NA,NA
French Polynesia,2002,NA,NA,NA
French Polynesia,2001,NA,NA,NA
French Polynesia,2009,NA,NA,NA
French Polynesia,2019,NA,NA,NA
French Polynesia,2011,NA,NA,NA
French Polynesia,2012,NA,NA,NA
French Polynesia,2010,NA,NA,NA
French Polynesia,2003,NA,NA,NA
French Polynesia,2016,NA,NA,NA
French Polynesia,2015,NA,NA,NA
French Polynesia,2014,NA,NA,NA
French Polynesia,2013,NA,NA,NA
Gabon,2014,3.03126056572549,15495.27609,29080735299.5598
Gabon,2012,3.05001075295162,15095.37889,26389777283.4625
Gabon,2007,3.18827777469489,14211.08226,22581377173.34
Gabon,2015,3.01491187897365,15883.7891,30208747765.1789
Gabon,2018,2.33593611713804,14021.11591,31245951093.8624
Gabon,2016,3.05995668692354,16279.23307,30840546266.5375
Gabon,2008,3.29540156177147,14842.91124,21834287970.0189
Gabon,2001,4.76488416412187,16444.97973,20785056460.8177
Gabon,2013,3.0439443052508,15166.74369,27877817392.1412
Gabon,2010,3.36746722147384,15516.97679,23412788815.2024
Gabon,2004,4.29825489905512,16703.94716,21345418222.1641
Gabon,2017,2.4972724702892,14608.84924,30986311650.7557
Gabon,2000,4.77636328642075,16493.89658,20350525244.2551
Gabon,2009,3.149348489485,14663.47882,21862744842.0343
Gabon,2011,3.259317348378,15465.15359,25073166048.5972
Gabon,2005,4.1542068346964,16313.94441,21916665016.0918
Gabon,2006,3.61862027747791,14905.24079,21301556639.4609
Gabon,2003,4.66947862663759,17186.87802,21199240332.0075
Gabon,2002,4.43871040831902,15758.12767,20733294776.1298
Gabon,2019,2.35176354398661,15094.36318,32471045092.2846
"Gambia, The",2003,0.189113280898346,1752.2238,3272883564.88624
"Gambia, The",2007,0.231743407353349,1665.306504,3505756467.50142
"Gambia, The",2002,0.194583842183438,1846.437025,3062490480.46268
"Gambia, The",2005,0.198449982172627,1525.00095,3421226152.31383
"Gambia, The",2012,0.219746202597362,1976.030296,4068635488.07832
"Gambia, The",2001,0.208591171442882,2071.33605,3165364842.58532
"Gambia, The",2010,0.224129253719787,2207.514985,4208136815.92033
"Gambia, The",2009,0.25818385309983,2164.346958,3973376395.49199
"Gambia, The",2015,0.260037911654572,2404.624162,4294072680.869
"Gambia, The",2011,0.223649943049086,1894.617041,3865996599.26781
"Gambia, The",2013,0.202647786757678,2042.643152,4185517978.572
"Gambia, The",2014,0.231519233044574,2180.820707,4126611731.21192
"Gambia, The",2006,0.208730936940117,1613.754477,3402218470.62299
"Gambia, The",2016,0.255997956159271,2296.791097,4377521956.89627
"Gambia, The",2000,0.170291032104172,2289.008775,2991838218.62775
"Gambia, The",2008,0.234930037318557,1807.114731,3725073280.35841
"Gambia, The",2018,0.244507377758581,2214.207067,4920615375.75472
"Gambia, The",2004,0.195134053869652,1661.633275,3503621856.23188
"Gambia, The",2019,0.241900479217245,2391.425602,5226778680.23079
"Gambia, The",2017,0.252941606311487,2344.612332,4588632823.22907
Georgia,2001,0.875902662757048,11788.71086,21020151455.65
Georgia,2012,1.92900055083653,15143.91575,42120443741.462
Georgia,2004,0.858876491467507,11831.40436,26049316774.3073
Georgia,2015,2.52314190948536,17142.29722,46957625778.7306
Georgia,2010,1.40547363862154,13087.03193,36870034735.7159
Georgia,2009,1.47448405641855,13369.95408,34701376458.6494
Georgia,2007,1.45760873000535,13507.824,35165644643.5772
Georgia,2014,2.32671060548785,16805.07456,45580100614.0709
Georgia,2011,1.73616463029767,14276.08739,39598417257.174
Georgia,2008,1.25733769630311,12613.03964,36016150958.6461
Georgia,2000,1.17062709047122,14245.23612,20056352793.9576
Georgia,2006,1.21156690368155,12740.83045,31236428810.0816
Georgia,2013,2.15834227262897,16151.1902,43645753624.9421
Georgia,2019,2.83579124666916,17843.006,55762453626.5218
Georgia,2018,2.60970672866505,17135.15848,53116027002.7883
Georgia,2017,2.65748105420488,17482.17546,50662483514.4009
Georgia,2003,0.798940010162622,11755.44996,24622563246.7567
Georgia,2002,0.743594029430579,11230.13616,22170760241.6965
Georgia,2016,2.63275300770891,17540.62774,48322420424.5406
Georgia,2005,1.08728602328423,12381.25516,28547335298.9225
Germany,2014,9.08852776834501,840763.1258,4117597889907.18
Germany,2006,9.88647957169216,933322.6173,3762798276996.62
Germany,2013,9.62422936749002,881582.6541,4028584564290.57
Germany,2007,9.52762326749987,904886.8841,3874796279393.35
Germany,2010,9.45338862684134,881692.6436,3843453557160.8
Germany,2001,10.2936122892644,977886.1022,3588532749669.38
Germany,2019,7.9271876239049,751652.422,4476576546258.33
Germany,2015,9.08734480366678,845437.6348,4179029631006.81
Germany,2011,9.29900290355714,852005.882,3994316515792.48
Germany,2005,9.7294631214949,924531.5991,3624472393448.37
Germany,2003,10.138763607454,963014.9421,3556354215986.8
Germany,2018,8.53704268780674,802489.7991,4429771408867.22
Germany,2004,9.9504461302536,946507.784,3598144512296.86
Germany,2009,8.97173140678443,851247.2644,3689247352728.98
Germany,2012,9.45128904680279,865209.4228,4011032634316.5
Germany,2016,9.07297238768971,848445.002,4272221986254.43
Germany,2000,10.0993658941276,959124.8436,3529190523385.25
Germany,2002,10.1030113350959,961780.6029,3581428393772.84
Germany,2008,9.61745788706108,907720.9431,3911989640347.39
Germany,2017,8.8583445114547,831156.0109,4386727409191.68
Ghana,2011,0.412238583609724,25097.01492,108192804460.669
Ghana,2001,0.269588732225873,16155.83018,56287609996.4384
Ghana,2003,0.29916293451412,17917.31924,61879220990.641
Ghana,2002,0.321302401744726,17414.48934,58820552198.0516
Ghana,2008,0.327504378324389,20292.62514,83858706162.0519
Ghana,2004,0.270459231082872,16763.07205,65344457360.4082
Ghana,2007,0.355086315690019,20477.27483,76829006537.5581
Ghana,2015,0.496024739617925,30251.44399,133286137492.55
Ghana,2009,0.373547709685179,21482.51174,87921230323.8383
Ghana,2013,0.504973606930306,29002.19025,126893770557.322
Ghana,2006,0.33761806891556,20233.34212,73628508465.3029
Ghana,2017,0.500789782048743,32492.6113,148982694254.14
Ghana,2005,0.281420357807598,19047.06675,69199782839.8838
Ghana,2000,0.251684396360693,16827.71163,54122701852.9985
Ghana,2018,0.543393316646713,34130.8132,158219737029.55
Ghana,2019,0.572264895729339,36070.4143,168516321194.958
Ghana,2012,0.479415246317012,26905.38139,118246933931.97
Ghana,2010,0.405971224942882,23141.62425,94866754253.9793
Ghana,2014,0.474057677945499,28547.03992,130518161396.717
Ghana,2016,0.492155067910077,30665.08959,137782499689.919
Gibraltar,2009,NA,NA,NA
Gibraltar,2003,NA,NA,NA
Gibraltar,2013,NA,NA,NA
Gibraltar,2002,NA,NA,NA
Gibraltar,2015,NA,NA,NA
Gibraltar,2005,NA,NA,NA
Gibraltar,2011,NA,NA,NA
Gibraltar,2000,NA,NA,NA
Gibraltar,2008,NA,NA,NA
Gibraltar,2006,NA,NA,NA
Gibraltar,2019,NA,NA,NA
Gibraltar,2012,NA,NA,NA
Gibraltar,2014,NA,NA,NA
Gibraltar,2007,NA,NA,NA
Gibraltar,2016,NA,NA,NA
Gibraltar,2017,NA,NA,NA
Gibraltar,2010,NA,NA,NA
Gibraltar,2018,NA,NA,NA
Gibraltar,2004,NA,NA,NA
Gibraltar,2001,NA,NA,NA
Greece,2015,6.28508782508784,88528.37065,305802337733.101
Greece,2014,6.38505903145612,90264.07466,306403156419.925
Greece,2001,8.89399981513758,118463.0903,327821596950.357
Greece,2017,6.21083158316487,86847.33102,307636097252.196
Greece,2008,9.06364335794312,121979.9986,414246697563.199
Greece,2004,9.11394933209897,122009.9986,378663476683.12
Greece,2019,5.59528435262632,78649.7728,318662418917.774
Greece,2002,8.86039305369224,118734.5681,340681617449.252
Greece,2013,6.61037895212413,93348.14063,304952509690.634
Greece,2006,9.13788494425138,122487.8583,402464149600.492
Greece,2011,7.61350463430599,105446.8603,336682821679.694
Greece,2000,8.74165078631788,117890.194,314814675253.477
Greece,2003,9.17056717242844,121951.7383,360422520994.211
Greece,2007,9.44111462280805,126334.8302,415639807238.598
Greece,2016,6.20348737018687,87235.49873,304312550410.314
Greece,2012,7.25081215401234,101005.5609,312823130975.425
Greece,2018,6.05813051890443,84139.55801,312768785993.502
Greece,2010,7.87481473681996,108551.8706,374713694216.342
Greece,2009,8.52976096102131,115418.6914,396431050353.086
Greece,2005,9.27863716282251,124039.5174,380932209324.767
Greenland,2011,NA,NA,NA
Greenland,2006,NA,NA,NA
Greenland,2003,NA,NA,NA
Greenland,2015,NA,NA,NA
Greenland,2007,NA,NA,NA
Greenland,2019,NA,NA,NA
Greenland,2008,NA,NA,NA
Greenland,2017,NA,NA,NA
Greenland,2000,NA,NA,NA
Greenland,2013,NA,NA,NA
Greenland,2005,NA,NA,NA
Greenland,2016,NA,NA,NA
Greenland,2010,NA,NA,NA
Greenland,2001,NA,NA,NA
Greenland,2002,NA,NA,NA
Greenland,2014,NA,NA,NA
Greenland,2018,NA,NA,NA
Greenland,2009,NA,NA,NA
Greenland,2012,NA,NA,NA
Greenland,2004,NA,NA,NA
Grenada,2000,1.84861121453571,2058.992176,1194288798.382
Grenada,2001,1.91965609249926,2078.877429,1170117586.90523
Grenada,2003,2.05260253816443,2117.507535,1324884410.50664
Grenada,2019,2.82096411459861,2408.607157,1889216990.14697
Grenada,2013,2.71153106161016,2316.624995,1452483861.11625
Grenada,2015,2.29114136829719,2293.205796,1659616242.71909
Grenada,2002,1.94491411887537,2093.514582,1210338314.04322
Grenada,2012,2.40354751880737,2267.694495,1419118982.85462
Grenada,2006,2.12545500414459,2162.801271,1431488952.66234
Grenada,2016,2.31232182451695,2308.384661,1721679317.38406
Grenada,2014,2.14881497304445,2263.595295,1559127026.70391
Grenada,2017,2.37758536565195,2328.911027,1798099078.35128
Grenada,2008,2.32489909137787,2209.350132,1533540027.42044
Grenada,2007,2.2447974938465,2188.053502,1519145476.49628
Grenada,2005,2.06795218314075,2144.34314,1491061764.47811
Grenada,2011,2.26509337092536,2238.779194,1435698982.62757
Grenada,2018,2.62890067138331,2372.204092,1876522097.87231
Grenada,2004,1.97961941634099,2122.141488,1316306442.20306
Grenada,2009,2.31701825181679,2220.637163,1432122710.82299
Grenada,2010,2.39917922815879,2241.516194,1424802470.19097
Guam,2002,NA,NA,NA
Guam,2010,NA,NA,NA
Guam,2003,NA,NA,NA
Guam,2009,NA,NA,NA
Guam,2012,NA,NA,NA
Guam,2006,NA,NA,NA
Guam,2005,NA,NA,NA
Guam,2015,NA,NA,NA
Guam,2019,NA,NA,NA
Guam,2001,NA,NA,NA
Guam,2011,NA,NA,NA
Guam,2004,NA,NA,NA
Guam,2000,NA,NA,NA
Guam,2014,NA,NA,NA
Guam,2016,NA,NA,NA
Guam,2017,NA,NA,NA
Guam,2018,NA,NA,NA
Guam,2008,NA,NA,NA
Guam,2013,NA,NA,NA
Guam,2007,NA,NA,NA
Guatemala,2000,0.814796784851732,18676.57226,75332093803.0512
Guatemala,2015,1.05707310890778,30899.84197,126495484346.146
Guatemala,2014,0.914557101787262,27986.60793,121522573075.635
Guatemala,2016,1.1026182595186,32299.46827,129882783658.342
Guatemala,2018,1.10575367270347,33500.81336,138444204157.747
Guatemala,2017,1.02751728089616,31729.51546,133882980507.73
Guatemala,2001,0.828871340888922,19365.96504,77089271289.1994
Guatemala,2019,1.14537281500282,34769.23985,144006750976.874
Guatemala,2005,0.892596490718621,22582.88152,87448653551.4229
Guatemala,2010,0.804898452539667,24360.44408,104608906608.961
Guatemala,2013,0.867210613999047,26770.76379,116351919840.696
Guatemala,2002,0.863904873407061,20544.86141,80048949726.1641
Guatemala,2009,0.848874193850226,24253.11297,101676381400.524
Guatemala,2012,0.824228643300048,25661.46375,112206107054.982
Guatemala,2003,0.851253780204383,20791.59448,82098505158.4365
Guatemala,2006,0.874124842110202,22605.31674,92128378862.436
Guatemala,2008,0.82044214919553,22882.91786,101193790131.394
Guatemala,2004,0.850047957326968,21237.73555,84674687973.9829
Guatemala,2011,0.810858922089052,24954.82672,108964724071.413
Guatemala,2007,0.923216168681838,24086.53635,97967216348.5439
Guinea,2001,0.185715434225419,12294.21357,14564094246.3596
Guinea,2000,0.179309813748813,11372.67365,14050093159.1415
Guinea,2012,0.228832188369081,21658.74558,21328791923.2602
Guinea,2011,0.24902846886389,20419.66106,20137595503.1023
Guinea,2015,0.216953417676487,22730.85844,23869471373.5037
Guinea,2014,0.196384745395564,22242.30182,22989898419.9392
Guinea,2003,0.194693404910528,13581.84152,15507512012.0359
Guinea,2002,0.190083926046219,13441.6611,15316272836.3856
Guinea,2019,0.350765779082478,28653.67333,32775142205.4232
Guinea,2009,0.211958041867326,16844.42361,18191865746.9088
Guinea,2007,0.207236095803933,15758.00993,17668185133.1037
Guinea,2008,0.205812295464573,16334.34187,18398414079.6214
Guinea,2016,0.235227854196447,25596.38581,26452297884.6273
Guinea,2013,0.195379103300369,21727.8728,22170359311.8274
Guinea,2006,0.203780561323598,15350.8868,16540538686.3085
Guinea,2004,0.197845361458643,13617.70274,15870405985.3779
Guinea,2018,0.297494261984837,26413.05756,31032095919.6998
Guinea,2005,0.2008290049774,15052.44446,16346085309.3816
Guinea,2010,0.243682823651839,19133.89094,19067505766.8914
Guinea,2017,0.271355057259789,26121.37339,29176885980.0038
Guinea-Bissau,2019,0.16508860634868,2514.69303,3725214186.97916
Guinea-Bissau,2010,0.153775475044984,2109.857653,2660349037.09413
Guinea-Bissau,2006,0.153243320267225,1952.395496,2308510834.8939
Guinea-Bissau,2009,0.153614860175118,2019.255614,2543087989.91513
Guinea-Bissau,2007,0.158489202879967,1978.203635,2383836515.13534
Guinea-Bissau,2016,0.166253123378351,2362.479252,3322925818.84943
Guinea-Bissau,2003,0.148291380782015,1918.750729,2105927482.04036
Guinea-Bissau,2018,0.165094768449133,2488.83697,3564798265.34134
Guinea-Bissau,2014,0.151206699443415,2244.292204,2946351087.35449
Guinea-Bissau,2004,0.15248598932895,1838.241193,2164080605.4475
Guinea-Bissau,2005,0.151843173181669,1776.705057,2256402425.0323
Guinea-Bissau,2015,0.157581198477963,2375.320292,3127082706.78979
Guinea-Bissau,2008,0.150225304364126,1892.247674,2460204322.38494
Guinea-Bissau,2013,0.145722021990242,2247.081317,2918203244.22682
Guinea-Bissau,2012,0.148845809657673,2285.940729,2826185354.72066
Guinea-Bissau,2001,0.117864130175444,1823.448202,2114857853.88112
Guinea-Bissau,2017,0.16310020182719,2381.442511,3519615667.21345
Guinea-Bissau,2000,0.119429759458715,1536.101439,2069557175.82522
Guinea-Bissau,2011,0.151334634749042,2109.817741,2875432396.89844
Guinea-Bissau,2002,0.119470038376639,1872.641866,2094022749.61917
Guyana,2014,2.74710077684509,4300.879425,8583646882.55661
Guyana,2013,2.64322603087956,4087.595464,8441323821.95855
Guyana,2000,2.1873365557782,3246.38673,5806701863.53504
Guyana,2012,2.6893702131549,3927.558503,8143790063.68535
Guyana,2001,2.16343844308241,3295.680874,5939066890.2006
Guyana,2011,2.46106714322185,3670.424541,7735632516.52885
Guyana,2015,2.7547610627908,4437.684387,8642661275.4736
Guyana,2010,2.35221918570137,3575.46518,7353524865.93003
Guyana,2009,2.16596695143346,3348.467902,7061297204.80957
Guyana,2004,2.19837879919624,3398.701109,6061667286.74211
Guyana,2008,2.1265000331499,3324.441023,6815166875.70006
Guyana,2002,2.13317234912004,3184.882119,6006334363.08992
Guyana,2003,2.12711126772045,3394.666764,5968360792.34229
Guyana,2018,3.29351227349226,4768.25759,9720122659.60009
Guyana,2016,3.26523837188623,4470.524055,8971766802.20281
Guyana,2006,1.75746043802011,2860.328066,6248280275.54174
Guyana,2017,3.24113136945596,4616.558322,9306806134.43556
Guyana,2005,1.95022041334248,3040.823088,5943406728.42674
Guyana,2019,3.50033114116629,5069.396758,10240404610.916
Guyana,2007,2.12181816499476,3172.463045,6697608871.12916
Haiti,2006,0.185489594107155,7877.413521,26979592286.9866
Haiti,2010,0.249743977372476,8938.707434,28973004532.5506
Haiti,2018,0.298729952296593,10194.95506,35343590249.5281
Haiti,2015,0.310537245413729,10087.15494,33308788915.456
Haiti,2019,0.297241022260954,10321.15836,34734585907.8744
Haiti,2004,0.185995876354923,7718.485077,25720505863.4137
Haiti,2016,0.314036533462437,10332.15075,33912500081.8754
Haiti,2009,0.204652562349971,8385.535456,30708498889.3487
Haiti,2008,0.211931869747068,8328.645478,29000272918.3738
Haiti,2012,0.238940563023005,9014.772317,30603098958.1924
Haiti,2001,0.188034674040336,7505.127981,24925110930.8507
Haiti,2003,0.205430057834298,7839.716412,26063991943.0699
Haiti,2007,0.2171147200893,8305.170899,28249394875.6859
Haiti,2005,0.187095995346744,7822.671543,26510684396.8885
Haiti,2013,0.258338055000553,9307.168359,31926616920.551
Haiti,2000,0.17622731445625,7322.144215,25010835038.5289
Haiti,2011,0.270992108746441,9254.390676,30450110173.7619
Haiti,2002,0.210955411424242,7797.484446,25187278266.1681
Haiti,2017,0.30618371925255,10312.34705,34763795853.9554
Haiti,2014,0.290138810726091,9726.1116,32848904255.1722
Honduras,2019,1.02385531471622,22120.91325,55905485859.0894
Honduras,2015,1.13380970799413,21850.19864,48147271125.4224
Honduras,2010,0.937979274004421,18084.03064,40480895061.5572
Honduras,2018,0.922234078945353,21043.05227,54460609798.3686
Honduras,2000,0.749197240384724,12537.80293,27013182175.2807
Honduras,2014,1.08285131015576,21060.37278,46366750814.2298
Honduras,2009,0.975305721598656,18031.89329,39024824105.0691
Honduras,2017,0.974047356339701,20955.29299,52444135530.2339
Honduras,2012,1.13568962715046,20635.38586,43769053767.6593
Honduras,2003,0.933950449889411,15578.00123,30099706118.4787
Honduras,2016,1.09871281471182,22037.22061,50021631004.0765
Honduras,2008,1.05990327800926,18186.86434,39997412334.6285
Honduras,2007,1.07718353624511,17962.59789,38373595236.3599
Honduras,2001,0.848233095115563,13417.02307,27748803335.1589
Honduras,2005,0.921871350193328,16194.44899,33910327064.1473
Honduras,2013,1.08083592531217,20637.24082,44990893058.8619
Honduras,2011,1.09833523997205,20100.2172,42033616973.3577
Honduras,2004,1.02361958375043,16180.89206,31975610994.0599
Honduras,2002,0.867219342475713,13825.0752,28790587164.8006
Honduras,2006,1.0296054330424,17235.76954,36137300831.6536
"Hong Kong SAR, China",2006,NA,NA,318597962517.024
"Hong Kong SAR, China",2011,NA,NA,378131201923.921
"Hong Kong SAR, China",2017,NA,NA,442425449123.253
"Hong Kong SAR, China",2012,NA,NA,384560642164.156
"Hong Kong SAR, China",2005,NA,NA,297664334598.261
"Hong Kong SAR, China",2002,NA,NA,247437844189.716
"Hong Kong SAR, China",2013,NA,NA,396487994128.189
"Hong Kong SAR, China",2009,NA,NA,337893888185.631
"Hong Kong SAR, China",2008,NA,NA,346412361053.529
"Hong Kong SAR, China",2019,NA,NA,447411035683.314
"Hong Kong SAR, China",2016,NA,NA,426244758439.969
"Hong Kong SAR, China",2001,NA,NA,243405359365.649
"Hong Kong SAR, China",2003,NA,NA,255000266464.271
"Hong Kong SAR, China",2010,NA,NA,360761500916.675
"Hong Kong SAR, China",2014,NA,NA,407440515933.653
"Hong Kong SAR, China",2018,NA,NA,455020950081.498
"Hong Kong SAR, China",2004,NA,NA,277185451523.41
"Hong Kong SAR, China",2007,NA,NA,339194799885.859
"Hong Kong SAR, China",2015,NA,NA,417169572345.071
"Hong Kong SAR, China",2000,NA,NA,242047953766.724
Hungary,2011,4.7040297031798,61921.44964,249303997362.225
Hungary,2010,4.78803898751033,62677.52148,244735189135.841
Hungary,2001,5.52441522890234,73476.09746,206258125754.449
Hungary,2013,4.1203135686128904,55683.30565,250624711407.754
Hungary,2014,4.11750182537459,55974.26258,261231675020.569
Hungary,2012,4.37758218903705,58042.78844,246187133909.65
Hungary,2002,5.47318097125118,71855.04171,216037414521.872
Hungary,2018,5.03325434726835,64259.82831,304188946322.631
Hungary,2017,5.05210173390467,64674.46869,288707447254.494
Hungary,2007,5.35516886805399,69922.36962,256656435814.409
Hungary,2015,4.40759693053804,58909.76685,270916358651.763
Hungary,2004,5.57524349603736,73505.9578,236091673382.28
Hungary,2019,4.8368762665486,62093.73864,318985383333.043
Hungary,2003,5.74427180984904,74626.82268,224839318333.975
Hungary,2009,4.77309893092146,62717.91203,242129263152.418
Hungary,2008,5.28125195503412,68556.38057,259233120210.27
Hungary,2000,5.3504510002036,71353.1736,198183937667.142
Hungary,2016,4.50869128796621,59654.94567,276879232833.969
Hungary,2005,5.54385244865578,72819.17737,246230105251.626
Hungary,2006,5.50645046304525,72091.27376,255946509884.272
Iceland,2009,6.61854511317147,3357.714227,15533498911.2936
Iceland,2012,5.79921176367877,3032.881879,15535564849.5489
Iceland,2006,7.61022707072835,3769.111569,15175991395.1664
Iceland,2018,4.81768876817655,2918.513378,20040396188.0518
Iceland,2015,6.21948823360488,3310.731627,17249664316.7094
Iceland,2014,6.25408539155614,3260.884932,16516866493.4188
Iceland,2017,4.86604542807222,2896.350838,19106258173.1223
Iceland,2004,7.90892034210508,3350.723499,13450517044.2415
Iceland,2010,6.15997308523115,3237.18338,15093469850.6493
Iceland,2011,5.91933269386297,3043.706753,15372061971.1062
Iceland,2013,6.27555874031702,3200.271996,16242815274.836
Iceland,2005,7.62046142336234,3290.410535,14274285751.1382
Iceland,2019,4.54345010442003,2848.394617,20402157612.7481
Iceland,2008,6.87628775038278,3687.409466,16822763466.1092
Iceland,2007,7.64836342861545,3796.564034,16459100235.8284
Iceland,2016,4.86824728192011,2843.253099,18337029182.1567
Iceland,2002,7.80379308785732,3320.273886,12215275524.8462
Iceland,2000,7.91394178624135,3379.409734,11678589124.047
Iceland,2003,7.68997758366405,3291.271978,12477010813.9395
Iceland,2001,7.59134358945566,3260.358588,12147309012.9683
India,2019,1.75253436625037,3412419.303,9152232057791.67
India,2011,1.39687849773199,2681723.455,5501127199128.23
India,2010,1.33803383522422,2569051.744,5227155513074.6
India,2018,1.79559529858433,3436071.569,8811115285731.86
India,2008,1.18036124666151,2310910.823,4466602754869.29
India,2013,1.52767440026001,2900894.985,6171766642358.14
India,2009,1.27887360284089,2457277.941,4817762098070.4
India,2016,1.63991401876928,3147642.844,7750273455775.05
India,2005,0.984261472618751,1966216.303,3724338354435.93
India,2012,1.49820412282441,2832703.035,5801290084908.24
India,2017,1.70492672078233,3269577.732,8276934253114.33
India,2003,0.905456601736005,1803992.147,3197566854313.91
India,2006,1.03653392155165,2064473.083,4024547309301.9
India,2007,1.1235994817209,2209296.069,4332860435872.94
India,2000,0.885077949226179,1719664.722,2724476758631.99
India,2002,0.897242648505059,1762141.225,2964542504459.12
India,2015,1.63132348717228,3104049.558,7159188945023.47
India,2001,0.883746998008724,1742348.302,2855904598336.36
India,2004,0.955470157428994,1892154.676,3450908049335.18
India,2014,1.64246527737333,3083573.891,6629108597811.81
Indonesia,2000,1.3109381334086,666121.1638,1203357174106.19
Indonesia,2015,1.88756448144649,874598.9869,2622487705196.92
Indonesia,2009,1.62287572364692,762564.4916,1886596607760.4
Indonesia,2017,1.94857443086369,914633.3455,2894125530220.37
Indonesia,2016,1.84830385185678,870044.0137,2754479325709.95
Indonesia,2019,2.24528577070833,1020913.716,3196656916889.19
Indonesia,2014,1.89142782676209,873788.9487,2500552696432.02
Indonesia,2001,1.39123766548666,681089.5762,1247201088984.9
Indonesia,2011,1.92554222355036,858226.358,2127659069439.35
Indonesia,2018,2.12683683837158,980509.8039,3043876022674.53
Indonesia,2013,1.77040203245853,829244.3071,2381327523213.48
Indonesia,2012,1.92545004760659,863277.5023,2255957989050.89
Indonesia,2010,1.70290597910492,788131.7963,2004015629604
Indonesia,2007,1.61781217779373,749377.001,1700847995305.04
Indonesia,2005,1.49536891530725,711329.9782,1515974717436.42
Indonesia,2008,1.58083241547306,742749.2517,1803131952430.77
Indonesia,2003,1.49667347544607,705534.9012,1365622034733.52
Indonesia,2006,1.57235136177763,738257.4233,1599367755718.47
Indonesia,2002,1.38851451403432,682865.7632,1303318595058.28
Indonesia,2004,1.51030150470751,713132.3024,1434324757866.34
"Iran, Islamic Rep.",2000,5.19428491683261,515091.7748,722699039858.494
"Iran, Islamic Rep.",2001,5.31037407192706,528521.1935,739987249080.441
"Iran, Islamic Rep.",2012,7.2308576752779,765329.9451,1124440519320
"Iran, Islamic Rep.",2013,7.43960075518748,786882.8685,1107326768444.01
"Iran, Islamic Rep.",2008,7.13393012945701,732454.9642,1065005412933.37
"Iran, Islamic Rep.",2015,7.32579213851096,812279.2427,1145959880347.85
"Iran, Islamic Rep.",2002,5.49371213979057,542457.7185,799769555625.583
"Iran, Islamic Rep.",2009,7.29652191655885,753555.7431,1075734122589.15
"Iran, Islamic Rep.",2014,7.57057831407027,812674.1389,1162524517108.68
"Iran, Islamic Rep.",2016,7.28896617589145,849361.6076,1246977236689.01
"Iran, Islamic Rep.",2007,7.10933265530428,725947.8679,1062340462263.36
"Iran, Islamic Rep.",2010,7.1798251528995,756069.3143,1138104523307.17
"Iran, Islamic Rep.",2011,7.23119486664987,765898.4463,1168215558606.58
"Iran, Islamic Rep.",2018,7.44512790495015,891700.9915,1252494720571.44
"Iran, Islamic Rep.",2006,6.79304015839326,693677.4861,982231856565.379
"Iran, Islamic Rep.",2019,7.22298000274987,856657.5668,1219200822468.61
"Iran, Islamic Rep.",2005,6.42318378827662,652633.9409,935460735057.847
"Iran, Islamic Rep.",2004,6.04764373362858,613251.4185,906543764989.163
"Iran, Islamic Rep.",2003,5.73583734069663,578105.2097,868864034026.041
"Iran, Islamic Rep.",2017,7.41290262847642,878974.7647,1281375169176.87
Iraq,2018,4.14268046621517,268363.8209,405706056270.421
Iraq,2019,4.34726413932218,285961.7366,428075838564.981
Iraq,2013,3.92042117367214,214614.68,337214593387.241
Iraq,2005,2.96626493396004,130606.9208,199538773778.898
Iraq,2017,3.94880897233655,255110.1837,395294585902.049
Iraq,2016,3.70255080483218,239848.8803,402621288208.154
Iraq,2012,3.80943176187109,201901.0445,313313267727.502
Iraq,2014,3.6478560889955,213140.503,337878962485.983
Iraq,2004,3.16265711110125,134619.2703,196257563934.086
Iraq,2000,3.55804154622192,139558.9167,216236264275.536
Iraq,2015,3.52694421151988,220379.4837,353836526432.467
Iraq,2003,3.00264625469678,118345.8338,127953623818.28
Iraq,2007,2.67437989619791,125424.3413,214780213696.352
Iraq,2002,3.47223801265899,138562.7883,202004881798.637
Iraq,2011,3.49124674266319,177435.4573,274989542194.448
Iraq,2006,2.86996567828519,130227.0479,210805327175.454
Iraq,2009,3.11021742518086,151525.0474,240307826962.624
Iraq,2008,3.01646761331506,141436.0044,232452559717.129
Iraq,2010,3.47195694849252,167515.3092,255693691410.824
Iraq,2001,3.83680457024857,149502.589,220045223016.119
Ireland,2006,11.0593877607848,74132.51295,252049086927.887
Ireland,2015,7.88760935074481,63761.73336,337095372914.354
Ireland,2008,10.2262724232127,71564.12425,253530979827.462
Ireland,2011,7.96668794720795,61002.32595,246701073804.547
Ireland,2010,8.84787907428585,64973.31016,244661016487.314
Ireland,2007,10.5945475071051,72642.59746,265433191231.986
Ireland,2017,7.84814955647433,65833.87287,374825455529.611
Ireland,2014,7.63385246922327,61932.73433,271041381216.392
Ireland,2009,8.9481685637902,66194.12967,240611591878.012
Ireland,2016,8.2033757874051,66671.39759,343859711086.748
Ireland,2005,11.2142943339694,73545.99123,240074521565.029
Ireland,2000,11.1778068493057,71316.26098,185073113907.989
Ireland,2013,7.71834346349422,61588.71639,249464336142.56
Ireland,2004,10.9790475404286,72285.08463,227042761618.001
Ireland,2001,11.5914338545197,73549.62596,194892761887.418
Ireland,2019,7.25774875667262,61602.32693,428921977882.827
Ireland,2002,11.1725310641268,72148.22791,206390198753.211
Ireland,2018,7.69902755440575,63536.40425,406788851395.719
Ireland,2003,11.0312944683639,73060.96073,212610465154.204
Ireland,2012,8.04636035875816,62444.78301,246687401604.713
Isle of Man,2005,NA,NA,NA
Isle of Man,2019,NA,NA,NA
Isle of Man,2004,NA,NA,NA
Isle of Man,2003,NA,NA,NA
Isle of Man,2002,NA,NA,NA
Isle of Man,2010,NA,NA,NA
Isle of Man,2017,NA,NA,NA
Isle of Man,2016,NA,NA,NA
Isle of Man,2015,NA,NA,NA
Isle of Man,2018,NA,NA,NA
Isle of Man,2000,NA,NA,NA
Isle of Man,2006,NA,NA,NA
Isle of Man,2007,NA,NA,NA
Isle of Man,2014,NA,NA,NA
Isle of Man,2012,NA,NA,NA
Isle of Man,2008,NA,NA,NA
Isle of Man,2011,NA,NA,NA
Isle of Man,2001,NA,NA,NA
Isle of Man,2013,NA,NA,NA
Isle of Man,2009,NA,NA,NA
Israel,2015,7.9133542559158,87305.97286,315366791867.847
Israel,2011,8.99106338046306,89014.75001,276437264807.618
Israel,2012,9.61547310536628,95546.6129,283590504316.228
Israel,2010,9.25026234324991,89228.54643,261874082856.269
Israel,2000,9.0630147877246,73843.96949,191666026921.289
Israel,2001,9.00023295542786,73682.68714,192306326850.683
Israel,2009,8.7805519931602,83771.1408,247826027047.001
Israel,2013,8.31348098517278,87043.01639,296112447535.968
Israel,2008,9.12707968476357,84298.00767,245656583658.576
Israel,2006,9.12017806257709,80475.56842,224383816351.744
Israel,2016,7.63316171308214,87087.25003,329626669996.251
Israel,2014,7.8773324245043,85194.99147,307717470100.306
Israel,2005,8.80397108266836,76206.03959,212519555234.376
Israel,2018,6.91499302021885,85002.89328,357714122484.264
Israel,2007,9.27534435453545,83624.97415,237921371210.296
Israel,2019,6.9357521537442,87191.31386,372581215020.769
Israel,2003,9.40632614317533,76471.31764,194764193813.821
Israel,2017,7.56387361849127,88636.37571,343723470819.241
Israel,2004,9.27594360405346,77562.88982,204082623224.858
Israel,2002,9.29689497716895,75657.85739,192086672779.729
Italy,2017,5.43791206092819,404050.901,2517184209191.25
Italy,2014,5.38744255964141,402289.1041,2425397110830.38
Italy,2002,7.77218397789502,525102.4007,2505768279550.37
Italy,2003,8.06442103750509,543887.6027,2509241948206.38
Italy,2001,7.66262915956549,515805.3063,2499421174463.09
Italy,2016,5.49824437749353,409370.5756,2475889856374.81
Italy,2015,5.56329428886422,413893.09620000003,2444274082066.12
Italy,2004,8.18934076598023,555580.6633,2544963369995.62
Italy,2012,6.32766192019354,453884.9483,2471000141707.7
Italy,2019,5.31103098673157,390001.3633,2552764174037.99
Italy,2018,5.37694036055885,399052.2971,2540488576005.39
Italy,2013,5.75187766207853,421945.3474,2425507411807.47
Italy,2007,7.86078687080444,538073.2137,2650559353331.67
Italy,2008,7.5643247964943,523072.8123,2625060632005.45
Italy,2009,6.71892118781227,474075.6134,2486432828349.62
Italy,2011,6.6805503702131,472079.5591,2546921470741.52
Italy,2005,8.17381434687257,556897.8378,2565777326796.92
Italy,2006,8.02584391412222,544959.7886,2611721153731.97
Italy,2010,6.83687516276224,482672.1703,2529032778541.47
Italy,2000,7.66210832939307,517178.2688,2451581706371.57
Jamaica,2014,2.58257818248811,8670.429722,27136914194.4561
Jamaica,2013,2.66929522571795,8860.981507,26951000169.7492
Jamaica,2002,3.88569063361842,11969.55406,25642682981.3849
Jamaica,2009,2.89780969078398,9241.648613,26910999029.8941
Jamaica,2003,3.99731877495024,12394.63451,26582825178.7948
Jamaica,2010,2.73594899001279,8845.542062,26518866158.4881
Jamaica,2015,2.53671122530592,8561.597238,27386977364.9835
Jamaica,2007,4.45335646361405,13394.26831,28363722571.79
Jamaica,2012,2.5215440009247,8402.191092,26812197175.2479
Jamaica,2011,2.74178318959977,8929.297177,26977742324.8965
Jamaica,2001,3.84180726402212,11794.812,25140552993.1629
Jamaica,2004,3.96843271682237,12303.46736,26934708707.9167
Jamaica,2008,3.55000953391511,10990.33486,28133483825.258
Jamaica,2000,3.85551669949334,11776.05935,24806917426.7813
Jamaica,2006,4.48376374709071,13469.94627,27963300954.9842
Jamaica,2005,3.94629833502873,12260.05742,27175450578.4008
Jamaica,2016,2.69365735479601,9060.687417,27763609394.364
Jamaica,2019,2.98328969678791,10009.78586,28825320993.5128
Jamaica,2017,2.57266121060713,8764.789197,28040446746.5718
Jamaica,2018,3.05458890724385,10165.89958,28570389789.9526
Japan,2018,8.76197885041518,1198175.185,5296111837550.73
Japan,2017,9.06369120751032,1241560.823,5262254961496.86
Japan,2003,9.50476440282497,1293013.863,4698091434761.48
Japan,2019,8.47840057488964,1157544.668,5274812506894.3
Japan,2000,9.33772380028855,1278174.014,4607330376800.63
Japan,2015,9.26804964566898,1268751.648,5136824615194.47
Japan,2016,9.16671440712644,1258297.359,5175547373033.96
Japan,2012,9.82785573811594,1336335.204,4943823715180.79
Japan,2014,9.56430591784783,1305365.322,5057889836119.82
Japan,2013,9.94449527247048,1352163.653,5042952333233.2
Japan,2004,9.44956363835599,1282942.055,4800797148955.08
Japan,2007,9.5936031749752,1304489.065,5027993827924.14
Japan,2008,9.04895324957248,1234744.142,4966436652531.57
Japan,2009,8.60923098549751,1177229.097,4683685675291.75
Japan,2002,9.46887049315391,1286295.876,4627060252951.37
Japan,2001,9.22020228236164,1255890.173,4625119437239.31
Japan,2005,9.51276404248159,1289536.108,4887398770601.17
Japan,2006,9.33129428879816,1269044.943,4954470993866.83
Japan,2011,9.49500989572333,1292827.395,4876780131592.51
Japan,2010,9.03600999453424,1234821.371,4875619269863.28
Jordan,2004,3.35854651750237,23768.42968,56455128188.1954
Jordan,2013,3.09347308459958,32285.36098,88815794268.8492
Jordan,2011,2.91931904168507,28261.57121,84503809635.3083
Jordan,2002,3.19844519946045,21730.26889,49922552175.2696
Jordan,2012,3.34494706846206,32045.56699,86556709695.8354
Jordan,2003,3.20782518244137,22305.44619,52000162831.9974
Jordan,2017,2.54731566057105,36766.92085,98364955803.8995
Jordan,2016,2.4817715734492,35007.8348,95990535684.7168
Jordan,2015,2.66573038027454,34860.89684,94113737553.8562
Jordan,2010,2.91387220039999,27362.05323,82252413127.1775
Jordan,2018,2.36236318537572,35966.76761,100252650754.252
Jordan,2007,3.25796556615731,27458.82247,71391304755.6042
Jordan,2009,3.04771349221952,27636.00414,80391483555.3654
Jordan,2000,3.21747234173507,20836.4549,44830453819.7202
Jordan,2008,3.01664150662918,26811.47676,76546032795.543
Jordan,2005,3.49896645859653,25323.17278,61054298731.605
Jordan,2001,3.14738026575975,20939.6314,47192999716.7603
Jordan,2006,3.31937135547279,26124.35458,65995408034.1829
Jordan,2019,2.16362144761182,34899.00556,102008315009.56
Jordan,2014,2.95137713839159,34457.96826,91821390111.4515
Kazakhstan,2014,12.1042254914238,286216.0566,421069253173.842
Kazakhstan,2006,12.1046688726905,254147.1883,277271955944.089
Kazakhstan,2017,11.9137581041033,299615.3021,448472613650.923
Kazakhstan,2005,11.1716693748985,234299.3053,250471504917.876
Kazakhstan,2001,7.90420999391924,162079.9846,173587577090.332
Kazakhstan,2018,11.8675495659661,299700.6771,466859990810.033
Kazakhstan,2003,9.80226935118937,201454.3464,208324881492.087
Kazakhstan,2015,10.8910512947587,267016.6944,426122084210.952
Kazakhstan,2009,13.274060944687,286740.2125,315656444090.368
Kazakhstan,2013,15.2631047859855,335321.5973,404097171949.419
Kazakhstan,2016,11.3788397304605,276330.7622,430809427136.853
Kazakhstan,2012,14.5663225959365,320318.4463,381223747124.771
Kazakhstan,2000,8.07276392190989,162133.7495,152940596557.466
Kazakhstan,2008,15.3412531633198,314334.1282,311913482304.495
Kazakhstan,2002,8.82077519889026,190192.2798,190599159644.505
Kazakhstan,2007,12.8125768525733,266717.2093,301949160023.096
Kazakhstan,2010,14.0732754184079,307085.8759,338699364509.476
Kazakhstan,2019,11.0508703486337,286967.6223,487868690396.88
Kazakhstan,2004,10.5261951921084,219781.2762,228324070118.178
Kazakhstan,2011,14.824684750479,322212.4585,363763117485.494
Kenya,2013,0.32120873806002,61498.93917,176969335033.056
Kenya,2014,0.364375325524079,64589.02561,185853392091.792
Kenya,2010,0.323340092266238,59566.78403,155102258423.612
Kenya,2011,0.327520882772203,61508.38007,163045209671.545
Kenya,2009,0.307805552827632,58120.16226,143535488936.831
Kenya,2007,0.25945667922109,56560.65093,138618812707.925
Kenya,2016,0.403178474765564,71983.95568,203306055187.482
Kenya,2015,0.386120073710359,66551.27366,195086070317.093
Kenya,2002,0.233826765934642,35592.6765,106343526018.299
Kenya,2019,0.382362032876395,78594.30095,234438391189.46
Kenya,2018,0.385437968227287,70817.67523,223032171628.642
Kenya,2006,0.264463997037475,39978.99257,129731273718.319
Kenya,2012,0.296879604689277,60591.00222,170494222928.146
Kenya,2000,0.27973260127852,35347.18812,101912925963.812
Kenya,2008,0.265693416128019,57644.9151,138940800290.91
Kenya,2001,0.247786635508931,34713.54816,105765139274.572
Kenya,2004,0.220244197518061,39145.91017,115049293754.964
Kenya,2017,0.41058150997657,69774.597,211108856550.069
Kenya,2005,0.242937186357954,39565.8602,121844871364.238
Kenya,2003,0.202475058431098,36601.44803,109462023913.23
Kiribati,2000,0.399657757863689,55.101068,183300602.735321
Kiribati,2011,0.493305785876164,79.586655,199930954.258048
Kiribati,2008,0.615585864609584,87.767433,197111494.472298
Kiribati,2002,0.472943722943723,64.851414,187445352.834818
Kiribati,2004,0.527934818756235,72.64646,188090678.780331
Kiribati,2005,0.629558697689581,84.033984,197404236.317254
Kiribati,2010,0.502801055604426,79.106865,196468055.444755
Kiribati,2014,0.522676870896204,87.340126,216547019.11615
Kiribati,2007,0.570599423518108,81.500316,201322017.141012
Kiribati,2009,0.552851050983056,82.829549,198693944.749294
Kiribati,2001,0.383294120246104,54.827991,180605005.636272
Kiribati,2018,0.598719133656685,103.357249,249342731.662017
Kiribati,2006,0.682433580128493,90.9665,197306925.261979
Kiribati,2019,0.59239703479527706,104.45706,243951537.46392
Kiribati,2003,0.493096646942801,67.929137,191206115.127556
Kiribati,2015,0.520105906243841,88.522816,237909760.905967
Kiribati,2016,0.47842852682828,85.354927,236772084.150313
Kiribati,2012,0.516941711910265,83.816646,210199696.627019
Kiribati,2017,0.60401123278111,102.097438,237212544.716298
Kiribati,2013,0.563052130861081,90.342436,218947313.552998
"Korea, Dem. People's Rep.",2002,3.01196218307567,87882.89269,NA
"Korea, Dem. People's Rep.",2004,3.10342466239619,91723.68342,NA
"Korea, Dem. People's Rep.",2010,2.09385437792051,73580.61986,NA
"Korea, Dem. People's Rep.",2011,1.49690186597376,59412.86463,NA
"Korea, Dem. People's Rep.",2008,2.9764747274383,92865.68162,NA
"Korea, Dem. People's Rep.",2001,3.16363765656445,90358.71638,NA
"Korea, Dem. People's Rep.",2014,1.24266246960187,53733.95686,NA
"Korea, Dem. People's Rep.",2013,1.10508359411769,50080.81999,NA
"Korea, Dem. People's Rep.",2000,3.07368163019574,87411.18898,NA
"Korea, Dem. People's Rep.",2017,2.12750106098759,77903.97402,NA
"Korea, Dem. People's Rep.",2009,2.24790512250489,76160.38554,NA
"Korea, Dem. People's Rep.",2005,3.22303049726356,95342.67678,NA
"Korea, Dem. People's Rep.",2018,1.95495002388823,74192.7318,NA
"Korea, Dem. People's Rep.",2003,3.05857775474233,89585.91005,NA
"Korea, Dem. People's Rep.",2007,2.69471327291361,84767.18071,NA
"Korea, Dem. People's Rep.",2015,0.993803353113853,47459.54444,NA
"Korea, Dem. People's Rep.",2006,3.25705060385766,97621.07449,NA
"Korea, Dem. People's Rep.",2019,2.15676369121383,79306.40199,NA
"Korea, Dem. People's Rep.",2012,1.54627754917375,60849.24701,NA
"Korea, Dem. People's Rep.",2016,1.10784288896746,50975.94013,NA
"Korea, Rep.",2011,11.9848036225426,669063.4132,1767206529267.27
"Korea, Rep.",2007,10.3462645909905,566265.5009,1536939102172.75
"Korea, Rep.",2004,10.1057434199735,552731.2093,1323036273738.77
"Korea, Rep.",2019,11.8252835873752,699175.6839,2213390819401.97
"Korea, Rep.",2009,10.6806453781635,593082.0802,1595797226566.06
"Korea, Rep.",2013,11.8900369278382,672869.5503,1866934813500.06
"Korea, Rep.",2005,9.98249418522252,548063.1407,1380039856716
"Korea, Rep.",2003,9.68660117392493,527071.8194,1257670229835.22
"Korea, Rep.",2010,11.6078298406397,645046.5305,1704388433877.57
"Korea, Rep.",2006,10.0716206095789,556372.9417,1452689661910.11
"Korea, Rep.",2018,12.2164561683734,714466.5463,2164812897274.32
"Korea, Rep.",2000,9.51404535272647,502291.3249,1079477269584.2
"Korea, Rep.",2012,11.95852704987,672464.7083,1809664213833.72
"Korea, Rep.",2008,10.496943534961,579146.0193,1583246844825.55
"Korea, Rep.",2015,11.9146864937447,683376.3225,1980846164069.89
"Korea, Rep.",2002,9.67578244110745,519073.4658,1219295451465.64
"Korea, Rep.",2017,12.1914934200949,707446.3487,2103651261121.49
"Korea, Rep.",2014,11.5887156236236,662402.3129,1926722538277.21
"Korea, Rep.",2001,9.64054082649999,513662.9886,1131857819988.08
"Korea, Rep.",2016,12.0162045997951,693722.7469,2039219357482.86
Kosovo,2004,NA,NA,NA
Kosovo,2009,NA,NA,12907093632.2606
Kosovo,2011,NA,NA,14400703520.4417
Kosovo,2002,NA,NA,NA
Kosovo,2006,NA,NA,NA
Kosovo,2007,NA,NA,NA
Kosovo,2005,NA,NA,NA
Kosovo,2003,NA,NA,NA
Kosovo,2013,NA,NA,15429569001.2151
Kosovo,2008,NA,NA,12288387592.4733
Kosovo,2015,NA,NA,16889699832.0987
Kosovo,2000,NA,NA,NA
Kosovo,2010,NA,NA,13544694254.3538
Kosovo,2017,NA,NA,18691209711.5713
Kosovo,2018,NA,NA,19327950257.4467
Kosovo,2016,NA,NA,17830752781.5528
Kosovo,2001,NA,NA,NA
Kosovo,2019,NA,NA,20247348113.4066
Kosovo,2014,NA,NA,15946275073.1071
Kosovo,2012,NA,NA,14647271671.1688
Kuwait,2010,27.4263799553979,107627.9677,175953909551.364
Kuwait,2004,28.7524245628357,85466.28902,150148485091.357
Kuwait,2005,31.2743160852875,94641.08153,166077805417.527
Kuwait,2009,27.7777897014899,103448.764,180225735495.181
Kuwait,2002,27.1537450106576,74993.41761,116087707792.595
Kuwait,2007,28.1635443872172,96387.26364,189256623413.761
Kuwait,2019,21.1352142487222,137496.5792,210129744234.565
Kuwait,2015,22.7750200000358,125805.1357,210322134913.322
Kuwait,2011,26.4935548257298,113298.5243,192895468050.998
Kuwait,2001,26.7055251009954,73203.3538,112690885419.638
Kuwait,2018,21.4612299449757,134809.5027,211296012291.938
Kuwait,2008,28.6115061506717,103274.8605,193949727672.545
Kuwait,2014,22.7499904295637,121302.6476,209082236236.316
Kuwait,2000,25.757493535845,70128.98759,112450990823.615
Kuwait,2006,30.6497944283025,98323.32973,178558175498.435
Kuwait,2016,22.5726979547119,131400.6888,216475883430.819
Kuwait,2003,27.6568327665969,80240.84842,136201087746.964
Kuwait,2013,23.9581430833469,122083.3087,208040210707.249
Kuwait,2017,21.9104008238737,130517.5087,206275309887.727
Kuwait,2012,25.1324210974698,117824.2601,205676371273.265
Kyrgyz Republic,2001,0.801217366686215,8877.586977,15884321603.7424
Kyrgyz Republic,2002,0.99487045905384,9846.753928,15881569708.2519
Kyrgyz Republic,2011,1.39455264207739,13529.72303,23903920386.6097
Kyrgyz Republic,2004,1.08878092738065,10632.25813,18192514565.9742
Kyrgyz Republic,2003,1.10635893165189,10480.28628,16998090623.644
Kyrgyz Republic,2013,1.65308762850549,15636.96519,26489774123.7282
Kyrgyz Republic,2017,1.52286147591236,15986.0521,31280403475.28
Kyrgyz Republic,2000,0.947921770374,9463.893925,15081729078.291
Kyrgyz Republic,2012,1.80945926665716,16148.32206,23882849032.7395
Kyrgyz Republic,2008,1.39912008573524,12741.87634,22031180060.5334
Kyrgyz Republic,2010,1.17373666917528,12095.6822,22560174508.3854
Kyrgyz Republic,2009,1.2510170341612,12389.23032,22667064815.5119
Kyrgyz Republic,2014,1.687687430383,16274.42821,27555732866.3458
Kyrgyz Republic,2005,1.02797040251036,10323.14048,18160583898.9833
Kyrgyz Republic,2007,1.22866524941159,11653.56625,20323663854.199
Kyrgyz Republic,2018,1.78825836654647,18119.54822,32455892924.5573
Kyrgyz Republic,2019,1.55159381679626,16932.27455,33949067064.7258
Kyrgyz Republic,2006,1.0275755020696,10443.39447,18724088428.9303
Kyrgyz Republic,2015,1.72348033373063,16613.28524,28623744973.2215
Kyrgyz Republic,2016,1.59151245990624,16168.27247,29864829313.3557
Lao PDR,2012,0.502688435953585,13097.20573,35374268307.0201
Lao PDR,2005,0.214810600430209,9226.956162,20615845411.9041
Lao PDR,2010,0.454991272125297,12377.9376,30309558822.0562
Lao PDR,2019,2.65817514097581,29982.98087,56543010338.6593
Lao PDR,2006,0.276259027648268,9616.501071,22392780009.1365
Lao PDR,2007,0.287071693271104,10173.08698,24093921170.1042
Lao PDR,2009,0.407307947280307,11440.26159,27928151712.7976
Lao PDR,2011,0.474258871157907,12119.93157,32746038984.8469
Lao PDR,2008,0.333808083331744,10604.53669,25979247073.3644
Lao PDR,2001,0.180772276499459,8303.479686,16108642928.032
Lao PDR,2013,0.630353375423551,14053.02819,38213513284.2258
Lao PDR,2018,2.76759794432264,30205.46266,53616750150.2587
Lao PDR,2003,0.202395296942468,8832.731624,18097228527.8197
Lao PDR,2017,2.72288168036289,29814.15084,50463792572.0591
Lao PDR,2000,0.166285112117747,7964.474717,15232555754.1036
Lao PDR,2004,0.209981784507973,9280.809493,19247795207.9614
Lao PDR,2016,2.27853328869775,26546.74763,47209839789.6086
Lao PDR,2002,0.197192308879201,8599.991955,17062072213.5544
Lao PDR,2015,1.3076988469402,19257.13492,44111931099.5629
Lao PDR,2014,0.649260982740074,14395.87406,41122311944.8449
Latvia,2012,3.72149107391712,12012.26721,48763546980.9853
Latvia,2013,3.7027854362936,11940.18079,49742702853.2751
Latvia,2003,3.31877156674847,11701.00995,37966136921.0718
Latvia,2002,3.18253221728416,11441.08179,35016726314.3241
Latvia,2011,3.83418240149458,12213.05601,45555421597.0899
Latvia,2001,3.14790965141603,11401.59019,32698980506.5237
Latvia,2010,4.06096622019446,12854.22932,44412374815.6104
Latvia,2000,2.92689489134337,10908.84958,30754234009.7331
Latvia,2009,3.43848652616254,11713.74072,46483477416.689
Latvia,2005,3.44604406201718,11874.26318,45518589699.1828
Latvia,2004,3.36548361069355,11682.83699,41111307125.7726
Latvia,2018,4.03969750525899,12237.61476,57914281683.9174
Latvia,2015,3.69951965257617,11928.83139,52658290346.9335
Latvia,2014,3.65250564003487,11884.57289,50688894959.1365
Latvia,2017,3.66415617367092,11701.90069,55691171159.2716
Latvia,2008,3.72287608355585,12493.79279,54214547862.7269
Latvia,2007,3.87751809391794,12832.0173,56035199129.8609
Latvia,2006,3.69638430604272,12408.13996,50968000468.1504
Latvia,2016,3.64642259880778,11764.31672,53905562377.4217
Latvia,2019,3.95496550880907,12086.47033,59402507231.8887
Lebanon,2002,3.78625244171701,20216.84045,58914233269.8313
Lebanon,2000,3.62742388746857,18914.12517,54857899350.8854
Lebanon,2003,3.86584819283046,20909.8872,60815453471.5928
Lebanon,2001,3.84828670372733,20239.55841,56964261258.9542
Lebanon,2014,4.00854782860099,30738.15285,105681330028.789
Lebanon,2010,4.17636814924537,25240.22771,96001743454.8895
Lebanon,2005,3.72145945633942,20887.88218,66620056840.0353
Lebanon,2004,3.90821712963439,21469.86074,64877588004.6349
Lebanon,2015,4.2220742810528,32882.9577,106169916790.577
Lebanon,2006,3.43944232291439,19950.31403,67652344615.1679
Lebanon,2011,4.19719820751246,25928.66787,96834404858.6501
Lebanon,2009,4.42377353879464,26142.04016,88910972843.6004
Lebanon,2013,4.0931695513758,28548.95469,103119772889.556
Lebanon,2012,4.53236241673727,28569.79313,99318005286.0252
Lebanon,2019,4.65529798386588,34132.38906,99362343650.8379
Lebanon,2018,4.60461121532611,34289.86847,106743581998.554
Lebanon,2016,4.43470037080065,33992.81229,107820380605.131
Lebanon,2007,3.12699080673519,18884.74627,73951199051.3474
Lebanon,2017,4.77487260306172,35779.79728,108794029331.901
Lebanon,2008,3.81495016074309,22677.60272,80657928150.0113
Lesotho,2005,0.96160459264174,3733.837092,3931775814.66956
Lesotho,2013,1.06391750191303,3920.397077,5303062686.42201
Lesotho,2006,0.972794139964994,3701.045198,4098093661.08039
Lesotho,2004,0.942840276742434,3538.510805,3800061044.49769
Lesotho,2014,1.12111154701939,4047.125728,5393773907.24493
Lesotho,2011,1.41592607660586,4692.885375,4899314725.25259
Lesotho,2007,0.987816775188874,3792.326405,4269718316.37577
Lesotho,2012,1.42092491524384,4733.792526,5209677577.67646
Lesotho,2008,1.00620847773499,3759.410411,4505493365.92078
Lesotho,2010,1.0672615013148,3921.741124,4683219179.46929
Lesotho,2003,0.915741358634842,3566.594318,3736820065.56761
Lesotho,2002,0.901511563758114,3485.839832,3573860024.88448
Lesotho,2009,1.0460543637693,3880.463218,4448926237.75053
Lesotho,2000,0.874348929016376,3640.151058,3426151830.05583
Lesotho,2015,1.01212119209581,3835.802779,5562467299.68687
Lesotho,2018,1.03575177080068,3952.152334,5499511578.82524
Lesotho,2001,0.885633364391517,3638.687645,3548177043.46664
Lesotho,2019,1.03342675704115,3846.161753,5457482882.49267
Lesotho,2017,1.10673601100517,4227.946916,5582162959.79372
Lesotho,2016,0.991756970565407,3792.343497,5763016498.37673
Liberia,2008,0.142752677339466,1097.349398,5104570388.587
Liberia,2018,0.230417244192579,2015.124597,7440349935.94077
Liberia,2015,0.270535774876424,2214.130412,7292346348.3915
Liberia,2019,0.229916460209228,2142.257192,7256774357.91125
Liberia,2001,0.150343031773033,848.693287,5140539306.31548
Liberia,2007,0.176470102457099,1162.58541,4764139681.99937
Liberia,2000,0.147073248909238,827.85035,4994680900.35527
Liberia,2004,0.178920570949643,986.032297,3823660386.77286
Liberia,2010,0.181534325251321,1385.289874,5703014368.72264
Liberia,2005,0.204450393378722,1089.925333,4025596015.28309
Liberia,2003,0.154314523042954,902.68996,3726043745.41079
Liberia,2002,0.144991225573817,843.235523,5333978706.02098
Liberia,2016,0.297038076350742,2252.354607,7178953380.43013
Liberia,2011,0.202858065364792,1539.893062,6170705358.93835
Liberia,2014,0.266650558326574,2026.934224,7293700421.65451
Liberia,2009,0.136704475673395,1358.928286,5375140209.53387
Liberia,2017,0.264435600737267,2130.949002,7355207879.35259
Liberia,2012,0.217960911781409,1671.189649,6663980095.31372
Liberia,2013,0.204460357783604,1640.048137,7242899226.22102
Liberia,2006,0.198862822419537,1164.451722,4349411334.58488
Libya,2006,8.86106316217866,121779.1548,191392438179.087
Libya,2011,6.70741994514661,70056.8579,101215331193.161
Libya,2009,8.86828713162859,119680.6484,194054900837.881
Libya,2012,9.93464931932053,124549.1409,189097312190.534
Libya,2010,9.17432379727135,126229.1078,203810521323.388
Libya,2013,9.98581338934686,108118.018,155063650603.94
Libya,2007,8.10137215960764,117701.74,203316154130.62
Libya,2004,8.52192758128569,110329.7824,160641018743.367
Libya,2008,8.55374680694949,122299.6365,202986683883.655
Libya,2019,8.32576759513649,114301.1899,148037325396.086
Libya,2014,9.72308866003998,92388.51843,119332634685.122
Libya,2015,8.28960787179427,82792.48703,118327070778.13
Libya,2003,8.82819219213368,107032.5411,153779914125.96
Libya,2002,8.43540241606149,98302.78124,136069108306.088
Libya,2005,9.07917559240464,119486.3473,179710322953.84
Libya,2018,8.35162531436247,109310.5031,166700617401.435
Libya,2001,8.42638510544899,98936.53022,137386503826.98
Libya,2017,8.16760242329375,100218.2488,154436265462.741
Libya,2000,8.6763767292169,102689.1765,139851866897.954
Libya,2016,7.75123857963044,79813.73022,116562883827.047
Liechtenstein,2007,5.71248719772404,212.994353,NA
Liechtenstein,2018,3.74401935517666,157.72812,NA
Liechtenstein,2003,6.74572105882353,239.285085,NA
Liechtenstein,2004,6.68777930029154,240.228124,NA
Liechtenstein,2009,5.75682334968465,218.206622,NA
Liechtenstein,2019,3.8726083883374,164.196559,NA
Liechtenstein,2008,6.20140298296658,232.916596,NA
Liechtenstein,2015,4.27717290857984,173.718315,NA
Liechtenstein,2005,6.61752801780193,240.223466,NA
Liechtenstein,2010,5.31176415409453,204.193604,NA
Liechtenstein,2011,4.88496485119788,190.382326,NA
Liechtenstein,2014,4.34707704334699,175.416468,NA
Liechtenstein,2006,6.62446043165468,242.605337,NA
Liechtenstein,2017,4.1112037002824,170.153986,NA
Liechtenstein,2016,3.98410635752081,163.829719,NA
Liechtenstein,2013,5.23134507960659,207.025486,NA
Liechtenstein,2002,6.53008853471047,229.212405,NA
Liechtenstein,2012,5.07671406656622,199.317423,NA
Liechtenstein,2001,6.43189866970278,222.965393,NA
Liechtenstein,2000,6.56634160964089,224.439149,NA
Lithuania,2012,3.99153483213082,20704.41837,81658512980.3964
Lithuania,2013,3.83106540275195,19812.43774,84557449673.47
Lithuania,2011,3.91187256758743,20784.51278,78635856993.3067
Lithuania,2014,3.70448173779067,19359.6328,87548255021.8647
Lithuania,2007,4.08802170276057,24649.59766,83481669656.9603
Lithuania,2010,4.06905151032421,21316.66855,74157480683.2931
Lithuania,2018,4.15931506316341,19652.27895,99305476902.7311
Lithuania,2019,4.20015196105273,19779.96072,103898457632.234
Lithuania,2003,3.28901886939409,21386.50126,60926657922.7044
Lithuania,2017,3.96768070179532,19565.53059,95492177900.252808
Lithuania,2009,3.69662046036,20511.30012,72952853508.4314
Lithuania,2002,3.25965193241956,21211.75369,55104355429.1282
Lithuania,2006,3.9816704379235,23636.62887,75135958038.9915
Lithuania,2016,3.90592668442674,19644.71503,91570579072.6829
Lithuania,2015,3.80989428243904,19619.97824,89320742945.6501
Lithuania,2008,4.08550852017881,24087.47404,85664233657.0446
Lithuania,2000,3.00494122649403,20400.98797,48456966648.5672
Lithuania,2001,3.21408382692495,20851.17552,51619321062.895
Lithuania,2004,3.52820118001525,22363.22279,64929228693.8814
Lithuania,2005,3.86127671459804,23504.22752,69949795338.678
Luxembourg,2006,24.7911187655643,12697.30746,53571530313.6657
Luxembourg,2016,15.1987752871924,9839.11791,67678741186.3037
Luxembourg,2015,16.0346486330854,10124.50943,64469334920.607
Luxembourg,2011,21.0415030857707,11901.70845,58572376708.3729
Luxembourg,2004,25.4527990918914,12663.55929,49306980746.2262
Luxembourg,2014,17.3339397000642,10634.67368,63038496898.925
Luxembourg,2017,15.1030627029057,10011.86329,68570197215.6406
Luxembourg,2018,15.331523974011,10311.59007,69406288659.8932
Luxembourg,2003,22.6769700861325,11211.35535,47305081129.9502
Luxembourg,2010,21.7556657126006,12034.51682,57967027793.8481
Luxembourg,2009,20.9788200882714,11443.09647,55866226614.5878
Luxembourg,2013,18.7229461130742,11156.60756,61427208385.876
Luxembourg,2012,20.1489417002859,11672.88304,59538763540.5786
Luxembourg,2005,25.6104377437344,12901.12298,50531211320.2321
Luxembourg,2000,19.6119642447857,9437.068241,43325256229.7298
Luxembourg,2007,23.1553376820079,12109.87906,57910110485.5414
Luxembourg,2008,22.5570449196767,12032.55031,57736278119.6883
Luxembourg,2002,22.0054911189556,10793.08364,46097610202.6895
Luxembourg,2001,20.6522846950909,10008.44868,44657228410.5875
Luxembourg,2019,15.3230398015487,10494.95324,71016462641.5494
"Macao SAR, China",2007,NA,NA,48510147047.46
"Macao SAR, China",2004,NA,NA,34579077741.9112
"Macao SAR, China",2005,NA,NA,37371490443.7751
"Macao SAR, China",2010,NA,NA,63555540507.516
"Macao SAR, China",2011,NA,NA,77294042274.8435
"Macao SAR, China",2003,NA,NA,27306993908.054
"Macao SAR, China",2019,NA,NA,81511271361.8895
"Macao SAR, China",2015,NA,NA,71894081707.8081
"Macao SAR, China",2006,NA,NA,42375678870.352
"Macao SAR, China",2008,NA,NA,50155407414.4915
"Macao SAR, China",2009,NA,NA,50794548243.7307
"Macao SAR, China",2000,NA,NA,21827988951.5201
"Macao SAR, China",2018,NA,NA,83611541312.0895
"Macao SAR, China",2013,NA,NA,93517215478.1919
"Macao SAR, China",2002,NA,NA,24459745307.2109
"Macao SAR, China",2014,NA,NA,91601626967.0288
"Macao SAR, China",2012,NA,NA,84437747749.8865
"Macao SAR, China",2017,NA,NA,78534544016.2994
"Macao SAR, China",2016,NA,NA,71405877149.0033
"Macao SAR, China",2001,NA,NA,22458510090.9532
Madagascar,2000,0.101996549055708,25877.2261,25453656125.659
Madagascar,2016,0.124763836603653,29175.3846,38981290520.8233
Madagascar,2013,0.124225069169491,27451.09288,35171564947.4465
Madagascar,2018,0.123102264831808,29200.57375,41808723575.655
Madagascar,2001,0.0998847074432671,24733.22046,26975844772.5941
Madagascar,2011,0.0981687170817389,27517.39399,33375688540.8726
Madagascar,2004,0.0901627514537192,23702.19075,27304436747.2428
Madagascar,2017,0.133017230488787,28081.75803,40514544581.3315
Madagascar,2010,0.0860427702237899,27667.71075,32857063758.2731
Madagascar,2005,0.0909761836458385,27368.04191,28602993463.4479
Madagascar,2003,0.0876423398146388,24919.10789,25940731550.2098
Madagascar,2002,0.0651832617996327,22467.66973,23628689748.6158
Madagascar,2015,0.132173016426922,27759.67667,37484480464.4979
Madagascar,2009,0.0798509567510527,27474.27648,32654851936.1368
Madagascar,2008,0.0867882812762402,26781.68571,34007928308.7951
Madagascar,2014,0.124323710925382,27686.75302,36346014939.0802
Madagascar,2006,0.0846028270674267,26257.00048,30147128482.5379
Madagascar,2019,0.142653575143316,30834.39778,43653003423.197
Madagascar,2007,0.0864794796556158,27838.46475,31868699608.0561
Madagascar,2012,0.119381317969332,28804.75503,34380679957.2629
Malawi,2007,0.0687038303168998,5168.37098,16000000468.2256
Malawi,2008,0.0727097878723976,5689.260358,17222358327.8905
Malawi,2014,0.0634544336358019,7791.483427,23737890008.6234
Malawi,2006,0.0657054298241381,4735.398802,14598540589.6795
Malawi,2009,0.0725012189721582,5765.672836,18656655248.5669
Malawi,2004,0.0723991007580002,4393.381882,13501870605.6526
Malawi,2019,0.0871188127927116,11765.31867,28635017162.8855
Malawi,2003,0.0739115310145256,4376.09724,12807633163.9328
Malawi,2005,0.0669763699970397,4468.106724,13943209763.5214
Malawi,2012,0.0690843116512275,6924.125421,21320187792.3985
Malawi,2010,0.0668862463652693,6369.508614,19939126016.5101
Malawi,2001,0.0736840951826527,3785.700157,11913785301.4232
Malawi,2016,0.0702973935321135,8444.877316,25012614702.1528
Malawi,2011,0.0708162777809249,6677.355617,20922657303.4814
Malawi,2002,0.07297043964028,4144.422299,12116319655.0607
Malawi,2015,0.0643204280409013,8204.93103,24402550929.1628
Malawi,2013,0.0720340847219384,7294.602924,22473684572.5176
Malawi,2000,0.0779410309752438,3963.605916,12537522483.4493
Malawi,2018,0.087620331640832,10530.26139,27155534405.6584
Malawi,2017,0.0779926724021984,9125.424201,26013119290.3345
Malaysia,2001,5.4989319960988,163921.681,371095410688.772
Malaysia,2013,7.40295101276076,275412.5439,673540221651.772
Malaysia,2012,6.92563492128782,256173.5197,643343464539.826
Malaysia,2007,6.99322959136745,234709.0911,522302637436.132
Malaysia,2015,7.60342044388986,291460.2253,750351345032.755
Malaysia,2006,6.54985834654279,216878.9091,491353342260.003
Malaysia,2003,5.82107633847871,182491.1792,413740006476.166
Malaysia,2014,7.71943595304507,290459.5458,713997909958.051
Malaysia,2017,7.03982567319804,281063.6498,829296989955.658
Malaysia,2016,7.34842125102826,287585.9629,783740339600.78
Malaysia,2004,6.230942287027,198774.0219,441805802153.521
Malaysia,2005,6.44099632087228,209389.8407,465363502347.553
Malaysia,2018,7.4523713820598,297793.9565,869460564471.453
Malaysia,2010,6.95970722756613,248443.0408,579290570878.449
Malaysia,2008,7.31840781345023,249865.2192,547539099001.908
Malaysia,2002,5.64888518954895,172668.6269,391101120886.55
Malaysia,2000,5.41970307450594,158087.7799,369184235021.714
Malaysia,2009,6.43127859159965,227748.7334,539251937507.257
Malaysia,2019,7.46499971649816,302134.912,907831488735.835
Malaysia,2011,6.93531995622416,251672.3365,609957708757.146
Maldives,2011,2.70483922657836,1201.190868,6474145879.95108
Maldives,2010,2.6633478531425,1126.955931,5963286975.13221
Maldives,2016,3.22706339212596,1805.517341,8361084209.65743
Maldives,2007,2.49318725663281,943.566254,5473413103.961
Maldives,2019,3.96326718307737,2490.697111,10379951630.0061
Maldives,2008,2.58428000225598,1012.972346,5992584544.75941
Maldives,2009,2.62608262161318,1070.047238,5559390108.34501
Maldives,2000,1.63606565501032,553.200282,3732190086.11859
Maldives,2006,2.51430497994599,912.003961,5081437741.15739
Maldives,2004,2.29400764558889,799.547952,4638284528.03537
Maldives,2014,3.25192327073605,1618.802881,7642276131.94899
Maldives,2018,3.62648491704066,2216.909588,9692060901.42097
Maldives,2013,2.8161246531313,1367.638143,7120378969.23521
Maldives,2003,1.77810824086722,631.086034,4374347178.07753
Maldives,2017,3.27257102459138,1936.164464,8963910866.51982
Maldives,2005,2.04189982346312,737.269469,4029321674.09061
Maldives,2012,2.95350919520358,1359.213806,6637124988.72736
Maldives,2002,2.10206511475141,713.124117,3845578252.47613
Maldives,2015,3.07473678893985,1627.844418,7862721295.74148
Maldives,2001,1.67511241664462,576.132399,3585006155.72206
Mali,2004,0.11380180120836,24068.53284,23489893740.4851
Mali,2014,0.180858798982259,33161.45031,35145277199.1621
Mali,2003,0.103652803215643,21716.55484,23129080396.1117
Mali,2002,0.104035419730838,20940.92774,21196190850.9999
Mali,2018,0.194032415889438,39735.21105,43567915125.3895
Mali,2005,0.113864739038603,24850.14334,25024906330.8644
Mali,2001,0.103325119580546,20458.33824,20557608171.9297
Mali,2006,0.116100505734889,25013.37313,26191614229.9494
Mali,2010,0.138706606613704,29096.26959,31347227356.9123
Mali,2015,0.184608688158118,34417.05827,37314373425.8626
Mali,2017,0.187961952954622,38485.66359,41593677730.7733
Mali,2013,0.165466627828822,32019.92826,32820078395.4881
Mali,2000,0.0973209512041933,20910.12504,17817887173.7521
Mali,2016,0.18227704163816,37815.98223,39498122203.1308
Mali,2011,0.146305418780636,29835.46584,32354455708.3495
Mali,2009,0.129311993539389,27376.9364,29765507550.239
Mali,2012,0.152028312737626,30826.0532,32083734772.5945
Mali,2007,0.13048870698148,26028.99542,27106648868.1619
Mali,2019,0.191438655613848,41162.2077,45640075229.3188
Mali,2008,0.138587298830736,27635.77461,28400488545.353
Malta,2004,6.47447591136098,2927.819696,11339830134.9415
Malta,2000,5.45826956550718,2413.159153,10734676848.4458
Malta,2014,5.42229115561099,2837.453533,16199706586.8961
Malta,2007,6.67676360381979,3147.405984,12591699921.6224
Malta,2005,6.50366239593496,2984.627492,11723490568.9981
Malta,2012,6.46528326682983,3163.79579,14269859079.4773
Malta,2006,6.53971794289775,3057.62581,12017807855.6795
Malta,2001,6.33313657042246,2786.8907599999998,10608566242.8068
Malta,2018,3.20347481583889,2047.36036,21612344256.011
Malta,2002,5.85500380080259,2620.46509,10880680958.0729
Malta,2010,6.24016906790701,3005.876934,13641792739.281
Malta,2016,2.96976431627123,1874.91518,18356553184.465
Malta,2013,5.56733268070062,2826.247911,15050856731.5822
Malta,2008,6.65471360279839,3093.518509,13073406911.049
Malta,2017,3.25043429579978,2027.25402,20362067055.2672
Malta,2011,6.1813543198132,2991.674811,13705380903.8144
Malta,2003,6.54319562850304,2922.187435,11324021904.0938
Malta,2015,3.72337676636266,2158.905823,17756195653.395
Malta,2009,6.08494534240697,2899.37186,12925271354.566
Malta,2019,3.29046823605033,2141.341401,23127115740.6349
Marshall Islands,2013,2.77107026016514,181.38278,205333096.32653
Marshall Islands,2004,2.19160466611555,152.1999,189105383.371699
Marshall Islands,2012,2.66268222132828,176.835765,198045642.240565
Marshall Islands,2019,3.40502593453765,204.553892,252586387.417702
Marshall Islands,2014,2.85804954481445,184.429795,203033512.291755
Marshall Islands,2005,2.18819588862101,152.035515,192458235.352641
Marshall Islands,2010,2.63591433278418,176.141735,201257673.305397
Marshall Islands,2011,2.66372165902097,177.68875,200639330.135537
Marshall Islands,2003,2.09201181803167,146.664284,186627932.210379
Marshall Islands,2002,2.13043159130945,148.528668,189693137.927439
Marshall Islands,2017,3.16400703583614,196.215351,218712556.142221
Marshall Islands,2015,2.96093908115766,187.87681,207319770.167983
Marshall Islands,2016,3.03130625504356,190.746081,211499534.350612
Marshall Islands,2006,2.30593270365998,158.576759,192847956.954751
Marshall Islands,2018,3.28556828806889,200.684622,227885401.769556
Marshall Islands,2009,2.561901740899,172.200491,190907392.616803
Marshall Islands,2008,2.47695852534562,167.759247,184143230.414602
Marshall Islands,2001,1.95541506625255,138.593052,182851824.442959
Marshall Islands,2007,2.44642658869684,166.218003,199389388.7297
Marshall Islands,2000,1.89583948067276,134.757437,171167766.88761
Mauritania,2008,0.555803665316565,9536.004904,15891310437.9654
Mauritania,2007,0.54444130156004,10130.17304,15944098029.4156
Mauritania,2014,0.65948093945265,11945.84326,19293259241.7585
Mauritania,2002,0.449976485831429,9147.365624,11304769895.8535
Mauritania,2015,0.751732037240701,12623.02171,20330530308.4595
Mauritania,2012,0.647779648212253,11418.07285,17764928843.5027
Mauritania,2006,0.473642173301627,9869.667769,16264413081.0492
Mauritania,2003,0.452116756828746,9320.455383,12087994826.3656
Mauritania,2001,0.426819531881659,9063.485866,11150724426.259
Mauritania,2016,0.637776445066376,12257.44049,20586879840.5052
Mauritania,2019,0.872475306517173,13997.3509,24135922163.6354
Mauritania,2010,0.606440605697799,10904.27984,16323660548.0988
Mauritania,2013,0.561374035889787,11351.8425,18502317852.4706
Mauritania,2000,0.415101578736647,8953.202407,11240592266.286
Mauritania,2005,0.480686239360501,9496.146201,13744590065.6059
Mauritania,2004,0.479709493225185,9347.304042,12660090359.4261
Mauritania,2011,0.619394373099063,11005.93299,17004811526.6308
Mauritania,2009,0.600340213855588,10323.25127,15906864196.6245
Mauritania,2018,0.870135939862018,13589.51153,22921835653.4219
Mauritania,2017,0.819299930408905,13221.27666,21877789547.8453
Mauritius,2001,2.1446358607926,4416.707153,15031168461.3046
Mauritius,2004,2.26887239425292,4651.358901,16879508834.5939
Mauritius,2003,2.26526121463362,4623.160085,16178956793.1752
Mauritius,2007,2.73888176310673,5410.284703,19047174476.5774
Mauritius,2005,2.41139047786533,4838.941597,17179549365.7517
Mauritius,2000,2.04899766023829,4312.263738,14544292351.3438
Mauritius,2014,3.13144223633215,6329.03096,25022590331.0577
Mauritius,2017,3.30021575049787,6725.636996,28009438332.8875
Mauritius,2002,2.16881492187169,4434.320269,15273909605.3955
Mauritius,2018,3.26641523984712,6740.285765,29131703862.5566
Mauritius,2006,2.67764239106124,5269.332648,18015428003.5537
Mauritius,2011,2.90561192714172,5835.308465,22529098693.8603
Mauritius,2012,2.96604298811513,5994.153164,23316742650.6997
Mauritius,2010,2.92850287907869,5786.682867,21646456202.2511
Mauritius,2019,3.296800515014,6846.455334,29973984444.6754
Mauritius,2016,3.19328156664269,6526.771728,26948221725.2548
Mauritius,2008,2.78654568164994,5517.224058,20073238630.9538
Mauritius,2009,2.74428444424492,5510.831312,20738681947.5437
Mauritius,2013,3.032741374202,6123.672062,24100279892.9948
Mauritius,2015,3.13640499208554,6375.657959,25946063266.0037
Mexico,2015,3.92536832553423,674268.1244,2348076207005.29
Mexico,2008,4.18972731869134,643156.3892,2038647605904.25
Mexico,2014,3.8923552480392,659021.4495,2273215767224.61
Mexico,2012,4.20241354590373,678448.8568,2180700554407.38
Mexico,2003,3.95094019007698,574856.9349,1773610644818.55
Mexico,2016,3.92032302445388,682791.4067,2409843112983.73
Mexico,2018,3.58748930492536,651037.0505,2514779898431.96
Mexico,2004,3.98382568810155,585563.9438,1843146660769.6
Mexico,2009,4.03759396221293,632549.2187,1930889909604.8
Mexico,2017,3.86275941197886,679728.327,2460766209923.96
Mexico,2007,4.22076132665352,639933.8222,2015597543061.93
Mexico,2013,4.05605522675517,663759.5724,2210229245319.37
Mexico,2001,3.81139205906883,540750.6513,1749020088772.35
Mexico,2011,4.19098978654326,671736.1767,2104063762786.11
Mexico,2010,4.11321091425038,650218.3115,2029715136393.72
Mexico,2002,3.82496794571377,550227.3621,1748323200787.2
Mexico,2000,3.8741459608624,539609.133,1756121671424.3
Mexico,2005,4.09880078414754,607693.6384,1885682929642.06
Mexico,2006,4.19418339721868,628006.0582,1970445846167.37
Mexico,2019,3.6121651406375,659740.4104,2509774285066.56
"Micronesia, Fed. Sts.",2013,1.27521660267565,214.206043,367316999.765913
"Micronesia, Fed. Sts.",2015,1.32374705377209,222.702404,375433008.376916
"Micronesia, Fed. Sts.",2004,1.3433478705648,214.793137,372959456.11403
"Micronesia, Fed. Sts.",2016,1.33818512622242,226.838412,378812582.795465
"Micronesia, Fed. Sts.",2017,1.32844335778321,227.10162,388973040.647034
"Micronesia, Fed. Sts.",2009,1.41098379500871,221.319958,368275495.446014
"Micronesia, Fed. Sts.",2008,1.0772372681778,183.545965,364293406.979121
"Micronesia, Fed. Sts.",2014,1.2932932198415,217.371273,358847493.476971
"Micronesia, Fed. Sts.",2000,1.67667779677555,251.752739,368801006.925953
"Micronesia, Fed. Sts.",2010,0.977804216083578,174.42145,376596275.000012
"Micronesia, Fed. Sts.",2005,1.10149630430864,187.483287,380574792.78329
"Micronesia, Fed. Sts.",2012,1.22329810037697,205.931112,381349786.374975
"Micronesia, Fed. Sts.",2003,1.5070882339788,233.500488,384812262.75225
"Micronesia, Fed. Sts.",2011,1.10578661006423,192.390681,388604328.751951
"Micronesia, Fed. Sts.",2019,1.33059194282585,232.848437,394375640.204456
"Micronesia, Fed. Sts.",2007,1.23799437607275,201.829672,373283922.581703
"Micronesia, Fed. Sts.",2002,1.41349382098721,223.040538,378856207.23442
"Micronesia, Fed. Sts.",2006,1.09518499378972,186.18958,380266316.76833
"Micronesia, Fed. Sts.",2018,1.33238377701052,230.025528,389796316.091086
"Micronesia, Fed. Sts.",2001,1.55339979276092,238.515388,376795146.552686
Moldova,2016,2.90490891435674,12777.28434,30319511534.9952
Moldova,2014,2.69863514608188,12325.28536,29071734036.266
Moldova,2000,2.29414073665797,11426.03223,14636990529.8543
Moldova,2013,2.5114021117949,11703.89774,27687464404.2816
Moldova,2015,2.82816016203229,12561.44277,28973403067.1626
Moldova,2011,2.91694442512127,12828.1974,25541753552.7679
Moldova,2002,2.46700453564197,11788.25924,16741175023.9148
Moldova,2010,2.89799933900559,12677.23059,24137399537.8808
Moldova,2003,2.67477450728473,12391.73665,17846092581.816
Moldova,2001,2.40489216571543,11652.11233,15529847012.6061
Moldova,2012,2.84488750225499,12577.21672,25391125171.3332
Moldova,2006,2.76820248201385,12348.99059,21593208022.0943
Moldova,2009,2.6658052996409,11760.42556,22537254452.8443
Moldova,2004,2.68502701808653,12382.32526,19166703377.5316
Moldova,2005,2.82992123531275,12689.58047,20604206157.4248
Moldova,2017,2.92684095356072,12762.92852,31585536712.4739
Moldova,2008,2.84087641211601,12441.25464,23975802683.2209
Moldova,2007,2.83171653331821,12573.42042,22241004314.5149
Moldova,2019,3.34866737931946,13451.76146,34040581777.2776
Moldova,2018,3.16042055213444,13307.76689,32872835414.5919
Monaco,2004,NA,NA,NA
Monaco,2005,NA,NA,NA
Monaco,2019,NA,NA,NA
Monaco,2009,NA,NA,NA
Monaco,2007,NA,NA,NA
Monaco,2006,NA,NA,NA
Monaco,2008,NA,NA,NA
Monaco,2003,NA,NA,NA
Monaco,2001,NA,NA,NA
Monaco,2018,NA,NA,NA
Monaco,2000,NA,NA,NA
Monaco,2010,NA,NA,NA
Monaco,2014,NA,NA,NA
Monaco,2011,NA,NA,NA
Monaco,2017,NA,NA,NA
Monaco,2013,NA,NA,NA
Monaco,2012,NA,NA,NA
Monaco,2002,NA,NA,NA
Monaco,2016,NA,NA,NA
Monaco,2015,NA,NA,NA
Mongolia,2014,6.24288838830339,44820.09828,32244525892.7547
Mongolia,2017,6.32277465011644,51464.86134,35392260803.7048
Mongolia,2011,5.73241815230519,36384.07279,23833241422.8799
Mongolia,2013,6.46156111815428,42281.39185,29887805071.4064
Mongolia,2000,3.67064344492548,30534.77515,10844731165.415
Mongolia,2012,6.13873838836048,39773.83702,26769453830.1637
Mongolia,2001,3.62792055814909,28014.25199,11164944685.9376
Mongolia,2008,4.92595164485037,34394.98887,19349268103.5553
Mongolia,2015,5.83543497274137,46229.34141,33011892665.7025
Mongolia,2016,5.99850473089282,48596.96653,33503698720.8571
Mongolia,2003,3.70050873173124,25981.27137,12512457589.8989
Mongolia,2007,4.99742290098835,34163.55242,17767862926.8016
Mongolia,2006,4.81132726028788,31434.71377,16116265411.0967
Mongolia,2002,3.85007397929221,26171.49473,11693379113.6528
Mongolia,2005,4.32084727782108,28532.65595,14846006255.9872
Mongolia,2010,5.2954649734322,32729.92206,20319791473.7049
Mongolia,2004,3.76732550575287,25772.77501,13841957004.3899
Mongolia,2019,7.16083565614723,56965.22748,40269672499.9901
Mongolia,2009,5.11434488825757,35418.92221,19103803493.3923
Mongolia,2018,6.80965906666612,53370.23536,38133349151.7365
Montenegro,2007,3.40718489953318,4050.223541,10006953394.2673
Montenegro,2009,2.82632534037206,3411.688516,10107932568.1737
Montenegro,2019,4.18164455619361,3832.010535,13394728418.5991
Montenegro,2006,3.54343319377261,4268.963553,9368916140.02125
Montenegro,2004,3.32806342677055,4414.238838,8283368255.62632
Montenegro,2008,4.36537330076552,4497.111529,10729730879.9445
Montenegro,2011,4.08964019100792,3993.112172,10719569495.4368
Montenegro,2010,4.17191344272458,4138.037945,10384316910.1671
Montenegro,2002,2.89630760804686,4278.851714,7740120636.07059
Montenegro,2012,3.7570032919702,3752.9289,10427590850.7963
Montenegro,2005,3.26375921635917,4217.36062,8629663122.40608
Montenegro,2003,3.08557107928404,4405.198187,7932281455.36108
Montenegro,2015,3.79179598784234,3617.484583,11362873523.5366
Montenegro,2018,4.01830843084598,3740.763147,12871756050.7931
Montenegro,2017,3.64251019886788,3525.503759,12249728459.9081
Montenegro,2016,3.45603347565414,3404.286871,11697996516.2636
Montenegro,2014,3.567649281935,3516.706455,10990261734.2053
Montenegro,2013,3.64983008884317,3615.660027,10797663955.4436
Montenegro,2000,2.51399850070254,4015.137159,7512877454.00842
Montenegro,2001,2.74497598738206,4173.993167,7595506988.43519
Morocco,2017,1.7736629145678,84413.58902,285550398889.943
Morocco,2016,1.71730556958241,80137.99096,271802885729.109
Morocco,2015,1.74053353043953,81360.9103,270393633302.945
Morocco,2000,1.1513631079467,49443.00674,137533078357.696
Morocco,2018,1.78932796096006,85788.26699,294304349937.034
Morocco,2019,1.95530801659126,92532.30265,302812614415.33
Morocco,2013,1.70383108247846,77993.70826,252275304511.392
Morocco,2011,1.69961134156983,75694.68352,235088473158.107
Morocco,2008,1.53722814281097,67297.48021,207476325289.52
Morocco,2002,1.27876028984824,54512.98702,153679546881.599
Morocco,2014,1.71369617616228,79184.64053,259135285790.758
Morocco,2012,1.74129604584338,77498.95589,242287690167.84
Morocco,2001,1.2538153605223,52990.67898,148153142276.677
Morocco,2010,1.59401556113047,70743.44395,222780633511.869
Morocco,2004,1.36545897238466,59117.71341,170622082019.529
Morocco,2006,1.45918230136508,64055.46817,189785965539.782
Morocco,2005,1.43204654115934,62104.13385,176068764953.563
Morocco,2003,1.25588351409093,54492.91196,163163268707.594
Morocco,2009,1.52188893650217,67336.95663,215247909991.476
Morocco,2007,1.48373657770064,64801.20789,196316629231.533
Mozambique,2012,0.148679264792307,28780.11589,27849388139.4062
Mozambique,2013,0.164364969672772,30220.90592,29788710118.8997
Mozambique,2019,0.248639658557146,34717.30227,38922524558.1222
Mozambique,2007,0.104823600822029,25817.53041,19891669023.0327
Mozambique,2010,0.116175443382067,27103.67554,24171834501.0452
Mozambique,2009,0.111170735751221,25017.3419,22696056748.0606
Mozambique,2011,0.138646533241141,27096.05227,25964752362.1171
Mozambique,2005,0.0845623848344035,26243.52771,16832601158.0554
Mozambique,2017,0.250697939802182,32115.43737,36775580595.8018
Mozambique,2003,0.099266400142515,24563.61794,14625797460.571
Mozambique,2016,0.261542138205007,31812.58521,35449309348.5047
Mozambique,2002,0.0840280576365398,23812.0766,13684504331.7473
Mozambique,2004,0.0969818290072244,24375.01037,15783635236.8726
Mozambique,2006,0.0897473772884255,25227.82666,18464416483.6883
Mozambique,2014,0.18523579360939,31336.78684,31992631649.1491
Mozambique,2008,0.102478438306785,27204.40535,21347292691.9843
Mozambique,2000,0.0803050115921401,20048.66142,11170939678.119
Mozambique,2018,0.233657167828116,34533.02892,38042062851.8396
Mozambique,2015,0.204084856205542,30962.91206,34143585464.0944
Mozambique,2001,0.0774667691434299,21861.80416,12521157126.4963
Myanmar,2004,0.216910373441494,78883.67585,71536511955.6956
Myanmar,2006,0.2091549386863,85213.25854,92052573062.9383
Myanmar,2014,0.333541952061969,100795.3804,186853284338.746
Myanmar,2007,0.216851268391565,87772.44097,103559592341.859
Myanmar,2015,0.369707459697779,104222.8504,192976988566.372
Myanmar,2019,0.640928810767197,129006.2203,256159650802.764
Myanmar,2016,0.421272122408643,108641.1932,213254587482.142
Myanmar,2017,0.621496099866699,124412.8191,225516863812.204
Myanmar,2005,0.227478686982198,82116.79922,81241829047.8949
Myanmar,2000,0.207308866736709,72065.1732,44326809181.5622
Myanmar,2003,0.223479126259825,76267.04089,62919504957.2552
Myanmar,2013,0.268370130397576,95306.01103,172693036061.316
Myanmar,2002,0.179456943306864,72160.75033,55687717090.5035
Myanmar,2018,0.622498220579214,126490.1209,239961167803.758
Myanmar,2009,0.150382011234084,86927.84542,127002300715.735
Myanmar,2001,0.181502370562044,71630.53557,49853356084.229
Myanmar,2012,0.238240390408375,92134.79037,160051126576.817
Myanmar,2010,0.164631248113522,89150.32555,139790525720.746
Myanmar,2008,0.163014237416746,86051.6479,115028058777.222
Myanmar,2011,0.1745754281967,88427.88981,150302853253.21
Namibia,2007,1.26617456097265,11726.16591,17528349389.3099
Namibia,2006,1.25407866269195,12383.15622,16634408910.1102
Namibia,2001,1.3249824122146,10749.1234,12355748076.7622
Namibia,2018,1.77883176482325,11616.69332,24697121179.7855
Namibia,2012,1.6182000212229,19168.19369,21128106807.62
Namibia,2005,1.28663968230113,11087.85112,15535552075.1448
Namibia,2014,1.75305316404228,11600.85457,23673899299.2519
Namibia,2015,1.81245575422832,11658.02501,24683395685.2363
Namibia,2002,1.12871156060947,9356.780006,12947422993.2093
Namibia,2008,1.43724565279669,10319.95991,17992817701.456
Namibia,2004,1.22547831655672,10492.35731,15152310347.6682
Namibia,2010,1.47837034856386,12644.0574,19135918469.9993
Namibia,2003,1.18448908205751,10009.28121,13496367094.7313
Namibia,2019,1.76417165717612,10788.72919,24489874130.0563
Namibia,2016,1.78707315981392,12318.84188,24691737303.1004
Namibia,2013,1.70668311779035,12346.56113,22314390766.4197
Namibia,2009,1.45078216313115,13237.34331,18046071208.4615
Namibia,2000,1.06770173395025,10653.9439,12211898181.5372
Namibia,2017,1.78639850389125,12376.72675,24438091227.4492
Namibia,2011,1.54937767898178,17621.69514,20110192785.2421
Nauru,2003,6.6415313225058,73.380869,NA
Nauru,2001,7.77767055871852,85.216061,NA
Nauru,2018,4.52868165045287,59.627431,118004225.508903
Nauru,2015,4.87259722843093,59.716183,108260757.347617
Nauru,2016,4.60785170936434,58.049099,116921617.935426
Nauru,2017,4.79369970895395,61.494515,109343364.921093
Nauru,2013,4.42304095754629,52.39139,99599896.7598077
Nauru,2019,4.40158259149357,59.162847,127747693.670188
Nauru,2002,7.53550381605642,82.648465,NA
Nauru,2000,8.48029295557483,92.583658,NA
Nauru,2008,4.12964951674314,47.170792,71452099.8494273
Nauru,2014,4.62522851919561,55.753786,114756402.788474
Nauru,2011,3.89964018282602,45.066598,72534707.4229034
Nauru,2012,4.03102259670624,47.128994,95269466.465903
Nauru,2010,4.16951469583049,47.604202,66039061.9820464
Nauru,2007,4.04207655595598,46.316587,43304302.9390468
Nauru,2005,6.05737546036053,67.245677,50882555.95338
Nauru,2006,4.28404896055955,48.862382,46552125.6594753
Nauru,2004,6.192549588776,68.713273,55212986.2472847
Nauru,2009,3.94801133587413,45.287497,67121669.5555226
Nepal,2016,0.38532817662536,39891.57805,90400474175.0547
Nepal,2013,0.222332150237633,34650.88974,81659655509.1701
Nepal,2015,0.260272198896608,36045.56905,90010625807.2267
Nepal,2011,0.190681578451192,32970.22112,75359645823.9819
Nepal,2017,0.470677340646946,43035.48884,98515977279.2828
Nepal,2018,0.531081943087649,45363.09484,106025235593.668
Nepal,2004,0.108045061589646,27182.28487,56665058493.8931
Nepal,2007,0.100832327137563,27911.027290000002,62677159421.8757
Nepal,2008,0.111411011212749,29003.61957,66503373830.1246
Nepal,2001,0.138827942908161,26928.59886,52013443156.7968
Nepal,2003,0.117658015984794,26965.4128,54130349011.038
Nepal,2014,0.259710599034175,36095.41084,86568611687.9666
Nepal,2010,0.17086274882447,31721.86702,72866300416.3933
Nepal,2009,0.143664057282694,30632.21974,69518024120.3915
Nepal,2005,0.121308223553183,27869.13564,58636538470.0179
Nepal,2000,0.131150878478796,26541.08889,49631199129.5235
Nepal,2019,0.480724943133609,44489.74544,113083394294.836
Nepal,2006,0.0986501323901293,27681.78282,60609432110.1905
Nepal,2012,0.219452897902995,34020.98283,78879048236.7726
Nepal,2002,0.110006332657224,26439.36423,52075933760.0647
Netherlands,2006,10.0147857889781,198420.7132,835242650078.475
Netherlands,2008,10.0465760036747,195227.3733,885566439963.833
Netherlands,2016,9.30689240374546,187630.899,917045394441.436
Netherlands,2007,10.0447841297995,197907.4734,866755039931.981
Netherlands,2004,10.5711114246177,208834.2779,791077987029.629
Netherlands,2014,8.88190506639546,178496.49,880134128412.903
Netherlands,2013,9.34814101422768,185684.4457,867782157148.544
Netherlands,2012,9.39861278109733,186021.9823,868913267500.893
Netherlands,2003,10.499823054141,207092.1178,775681137534.12
Netherlands,2009,9.70868318396398,190160.2349,853093746422.164
Netherlands,2010,10.2983113129908,200804.2066,864548571731.448
Netherlands,2018,8.78514410481566,177770.9977,966020584715.913
Netherlands,2015,9.29024293675951,186745.193,897377449761.458
Netherlands,2019,8.41396927991521,172216.6275,984911971364.286
Netherlands,2005,10.2896665585776,203063.9173,807302016462.365
Netherlands,2011,9.51101037472188,187637.6544,877959356777.055
Netherlands,2002,10.3678330618705,207149.6259,774475697879.233
Netherlands,2001,10.4146968312707,207331.5018,772796614892.407
Netherlands,2000,10.1784287890757,206297.6914,755222916811.528
Netherlands,2017,9.08926563407696,183624.9553,943739691874.959
New Caledonia,2002,NA,NA,NA
New Caledonia,2016,NA,NA,NA
New Caledonia,2015,NA,NA,NA
New Caledonia,2009,NA,NA,NA
New Caledonia,2010,NA,NA,NA
New Caledonia,2019,NA,NA,NA
New Caledonia,2014,NA,NA,NA
New Caledonia,2001,NA,NA,NA
New Caledonia,2013,NA,NA,NA
New Caledonia,2003,NA,NA,NA
New Caledonia,2008,NA,NA,NA
New Caledonia,2007,NA,NA,NA
New Caledonia,2006,NA,NA,NA
New Caledonia,2000,NA,NA,NA
New Caledonia,2012,NA,NA,NA
New Caledonia,2011,NA,NA,NA
New Caledonia,2018,NA,NA,NA
New Caledonia,2005,NA,NA,NA
New Caledonia,2004,NA,NA,NA
New Caledonia,2017,NA,NA,NA
New Zealand,2019,6.83005302056555,83180.27228,215462765153.687
New Zealand,2004,8.03329663608563,82969.51427,149036217255.141
New Zealand,2005,8.28084859333801,84374.95409,154033872271.164
New Zealand,2006,8.1885723844573,84525.10732,158344453951.942
New Zealand,2003,8.29300754866905,83584.88145,143181583965.481
New Zealand,2014,7.07864496844902,82810.63762,182243689449.574
New Zealand,2001,8.14812524159258,79897.75436,130562297035.345
New Zealand,2015,7.00334099882848,82190.23208,189053098638.363
New Zealand,2000,7.63537859346243,77211.86374,126255859359.396
New Zealand,2018,6.61327184426397,81806.76913,210318412218.633
New Zealand,2017,6.84049360146252,82414.82108,203156764100.159
New Zealand,2012,7.28372768312879,82553.95054,170830304222.738
New Zealand,2010,7.13662169306089,80643.49163,163403440535.595
New Zealand,2008,8.02042349406075,83368.12502,161222042168.624
New Zealand,2011,6.90935218978102,80100.90182,167033578400.379
New Zealand,2007,7.87691178559591,83401.24961,163197898044.148
New Zealand,2002,7.98862859313663,81063.1493,136716954941.922
New Zealand,2016,6.61540909187332,80796.86373,196240440031.016
New Zealand,2013,7.17802390761126,82181.45126,175553627155.626
New Zealand,2009,7.24438711476781,80493.8501,161041364446.549
Nicaragua,2017,0.837724433734761,18401.06355,38334779852.6714
Nicaragua,2016,0.846846296935392,18544.33805,36637927326.7563
Nicaragua,2015,0.839345517843812,18256.21155,35039314715.2557
Nicaragua,2000,0.735474668089729,12237.58212,20119318138.3353
Nicaragua,2011,0.802045854702516,15755.22817,28556510132.39
Nicaragua,2001,0.755955787707664,12440.47099,20715019647.0402
Nicaragua,2010,0.770731730642136,14606.29421,26859657606.4749
Nicaragua,2007,0.837510363439515,14331.73925,25717438391.9191
Nicaragua,2005,0.795409004894514,13828.50507,23498960980.5296
Nicaragua,2006,0.822378920364548,14141.44896,24474919725.9589
Nicaragua,2009,0.761527449559745,14262.56682,25725058678.7814
Nicaragua,2014,0.766443602468546,17267.95178,33436994937.1735
Nicaragua,2013,0.73100554811199,16344.61021,31909848259.2197
Nicaragua,2018,0.764549887382264,18268.13765,37045509697.0422
Nicaragua,2002,0.7725604420303,12897.86076,20871198229.5034
Nicaragua,2008,0.791702298837641,14195.11273,26601185714.2521
Nicaragua,2004,0.841387369219581,13520.8995,22533966756.936
Nicaragua,2012,0.777036208792913,16142.03034,30411535099.1236
Nicaragua,2019,0.770101819888702,18598.08645,35972490925.3445
Nicaragua,2003,0.857157027289932,13901.26503,21397305388.3056
Niger,2005,0.0535624079904608,23298.22364,13091080581.2625
Niger,2019,0.092100576055693,42749.68305,28541064717.3782
Niger,2003,0.0581282231553261,21541.28372,12152613942.6961
Niger,2006,0.0513407152634762,24227.03104,13867519112.6088
Niger,2004,0.0581178786231796,22399.78963,12196825344.0757
Niger,2018,0.0866494651340312,40817.76548,26940427030.8937
Niger,2012,0.105019898457242,31160.9543,19303608548.4906
Niger,2016,0.100195284876599,37526.32325,23931559623.362
Niger,2015,0.104907441945409,35844.07658,22632265446.5212
Niger,2002,0.0550394624757466,20639.54081,11894432163.0773
Niger,2009,0.067045498121171,27988.49122,15711608053.4228
Niger,2013,0.105880498031464,32934.47349,20329620559.9087
Niger,2010,0.0817572298807097,28101.15571,17059375990.1928
Niger,2014,0.111334835913292,34640.59799,21679941738.9319
Niger,2017,0.0874508612184734,38958.44011,25128463060.5944
Niger,2008,0.0552636899938047,26650.30783,15409187205.5732
Niger,2001,0.0547624014767987,19851.4084,11336833350.4894
Niger,2007,0.0546061843861872,25429.76163,14303336975.5956
Niger,2011,0.0809715287385744,29122.97411,17461594610.8465
Niger,2000,0.0568051303207999,19006.03069,10568686927.234
Nigeria,2004,0.721900961039991,269532.6105,521525989891.598
Nigeria,2002,0.711803102977392,246031.2029,444694328612.319
Nigeria,2015,0.58559167537452,299724.3287,998931446583.028
Nigeria,2001,0.808110470710737,263675.0113,385587083999.677
Nigeria,2012,0.560545509755019,284111.8858,858113305207.652
Nigeria,2018,0.572783212388204,320860.8254,1009748886411.97
Nigeria,2016,0.587371085185034,307195.0662,982780034192.258
Nigeria,2014,0.640072080671911,306117.3401,973117620702.128
Nigeria,2008,0.570485433544452,256598.9361,669995486886.938
Nigeria,2007,0.547038886825571,252091.9785,627545352358.029
Nigeria,2003,0.758676765149311,267050.8537,477366887957.523
Nigeria,2017,0.560638215463648,311186.0027,990700126987.351
Nigeria,2009,0.491376017988942,244087.5116,723842522354.13
Nigeria,2006,0.615033916358375,262406.4445,588740686241.184
Nigeria,2000,0.791318925708192,256054.6234,364044102047.63
Nigeria,2013,0.618778681422468,296354.0768,915360921849.015
Nigeria,2010,0.559512915251027,271562.9226,781790864062.299
Nigeria,2019,0.588005207479626,332247.0358,1032048476445.27
Nigeria,2011,0.574122748158516,280956.332,823287730557.914
Nigeria,2005,0.702672735926291,273892.8306,555104526933.413
North Macedonia,2006,4.33917189647431,11771.17389,24013945773.3676
North Macedonia,2002,4.02369716809139,10910.36416,20383329701.0549
North Macedonia,2016,3.35958195214452,10028.79318,32234426538.2126
North Macedonia,2000,4.20564068398845,11473.43576,20718851972.0302
North Macedonia,2010,4.05332544364877,11251.16748,27773409506.5714
North Macedonia,2017,3.5845711404472,10526.33717,32583129776.7963
North Macedonia,2014,3.60000212820397,10416.16744,30178121540.9242
North Macedonia,2015,3.44991319788274,10151.01668,31341749209.4535
North Macedonia,2009,4.15098277588165,11367.94207,26870883477.2959
North Macedonia,2005,4.36054603788684,11773.93046,22840617505.0816
North Macedonia,2018,3.34772328711305,10011.07466,33521718341.0453
North Macedonia,2013,3.80914636982372,10792.046,29121274520.0988
North Macedonia,2003,4.35623525673571,11678.22249,20836369924.8084
North Macedonia,2007,4.56463454199267,12260.08482,25568485396.9794
North Macedonia,2011,4.44834904755266,12133.21352,28423275639.8928
North Macedonia,2001,4.26098417500376,11509.37056,20083351612.3943
North Macedonia,2004,4.20291024450147,11476.51493,21810280520.2327
North Macedonia,2008,4.4555224539767,12057.00874,26967593273.3439
North Macedonia,2012,4.26914709244441,11706.26546,28293613424.8238
North Macedonia,2019,3.83113737507789,10891.85905,34832558164.6615
Northern Mariana Islands,2018,NA,NA,NA
Northern Mariana Islands,2005,NA,NA,NA
Northern Mariana Islands,2015,NA,NA,NA
Northern Mariana Islands,2003,NA,NA,NA
Northern Mariana Islands,2019,NA,NA,NA
Northern Mariana Islands,2016,NA,NA,NA
Northern Mariana Islands,2002,NA,NA,NA
Northern Mariana Islands,2008,NA,NA,NA
Northern Mariana Islands,2006,NA,NA,NA
Northern Mariana Islands,2007,NA,NA,NA
Northern Mariana Islands,2017,NA,NA,NA
Northern Mariana Islands,2011,NA,NA,NA
Northern Mariana Islands,2014,NA,NA,NA
Northern Mariana Islands,2004,NA,NA,NA
Northern Mariana Islands,2013,NA,NA,NA
Northern Mariana Islands,2001,NA,NA,NA
Northern Mariana Islands,2010,NA,NA,NA
Northern Mariana Islands,2012,NA,NA,NA
Northern Mariana Islands,2000,NA,NA,NA
Northern Mariana Islands,2009,NA,NA,NA
Norway,2004,8.13491553623656,49605.69565,280421746961.523
Norway,2017,7.42375166951931,49218.35839,340837019722.395
Norway,2016,7.56103855960786,49555.44922,332641575269.002
Norway,2014,7.71680157719176,49413.87239,322816033824.815
Norway,2000,7.63379022825151,47470.80042,258110175190.185
Norway,2018,7.26131587924207,48529.45976,343662325088.06
Norway,2019,7.04232094266605,47609.66673,347524220033.9
Norway,2015,7.76485866052295,50089.67668,328811824264.339
Norway,2001,7.69541784648732,47733.75149,263445649243.31
Norway,2011,7.88827091301427,48984.39785,304868579818.816
Norway,2007,8.01844832818131,49228.64167,303636710543.714
Norway,2005,7.86591196617302,48582.47524,287951307613.869
Norway,2006,7.98394739648339,48903.33578,295039256734.491
Norway,2013,7.80116949624017,49358.48472,316337033812.044
Norway,2008,7.73304542667147,47915.59298,305099995186.178
Norway,2003,8.14632666316893,49302.93647,269598377748.58
Norway,2002,7.57597959877563,47266.93883,267074763229.516
Norway,2010,8.20501786367322,50072.21256,301534643854.529
Norway,2009,7.75345298117972,47509.93508,299179942594.983
Norway,2012,7.72532351327758,48622.79297,313154783635.532
Oman,2019,16.4563584347506,99951.67634,155638510926.183
Oman,2009,16.1610758258367,59686.44292,115657204689.888
Oman,2013,16.5105274741398,83498.28364,138661810901.148
Oman,2002,12.4693644148359,44839.02216,90578090742.1801
Oman,2018,16.3795758327742,99261.03454,157415274542.985
Oman,2017,15.7717971559632,94109.56444,155414922984.09
Oman,2010,16.3350814771017,64023.90219,117639552189.941
Oman,2005,12.3307087490736,45950.22562,91523923712.1787
Oman,2011,16.7204158572066,71404.01234,121044758120.326
Oman,2012,17.1257381039994,79576.51729,131773103016.49
Oman,2014,16.558313527136,87083.04609,140453671333.574
Oman,2001,11.8047984273913,43184.18444,91586369936.3973
Oman,2003,13.0368892910018,46644.19228,88160931866.0336
Oman,2008,15.5842940927067,56718.15714,108994999149.034
Oman,2006,15.3035812405371,54220.50999,96440487187.2113
Oman,2007,16.2191733507311,57096.14427,100734676910.57
Oman,2015,16.7307842785492,91493.13854,147500313483.563
Oman,2004,12.6604843135786,45910.1304,89300152435.7906
Oman,2016,16.4157459976763,94831.77524,154943804623.205
Oman,2000,10.7134340875324,39434.53923,87656884881.9361
Pakistan,2018,0.850427079681196,422019.6189,1123582479821.53
Pakistan,2019,0.824459652346009,427522.6496,1151645490770.2
Pakistan,2001,0.627048268312485,237055.4256,538506966621.57
Pakistan,2017,0.918472672488548,426734.3012,1058468637040.17
Pakistan,2015,0.778086202855925,375636.6688,960460018888.771
Pakistan,2016,0.84820716877717806,400203.7366,1013542107027.34
Pakistan,2002,0.626753893800197,243433.5506,552014540011.61
Pakistan,2004,0.693317062862858,270309.9867,627971070988.893
Pakistan,2009,0.764440547930542,329561.5845,776620161226.157
Pakistan,2010,0.72190976009205,323172.4462,789098029047.005
Pakistan,2003,0.633183138590725,252859.8902,583904607628.883
Pakistan,2011,0.713434272995773,332269.0769,810785645972.131
Pakistan,2000,0.637262087399875,233585.3354,520023168397.642
Pakistan,2005,0.697409169212382,279294.6422,668907111475.199
Pakistan,2006,0.742989902217322,298656.5236,708365837909.72
Pakistan,2014,0.740619420271711,361321.5768,917071990560.495
Pakistan,2013,0.710993636907017,347984.2431,876116120354.645
Pakistan,2008,0.756912387652784,317305.6294,755234499189.925
Pakistan,2012,0.711250896926277,336413.2706,839220169540.934
Pakistan,2007,0.80150437774136,315898.0102,742599864508
Palau,2014,12.2387053270398,242.92517900000001,304503553.619292
Palau,2010,11.5857605177994,235.764258,273368287.778458
Palau,2000,10.7218898915137,228.478731,262380541.30099
Palau,2001,10.8835989509784,233.135957,279278128.775021
Palau,2008,11.1454297979269,232.9845,292024633.980602
Palau,2013,12.4178601516428,245.184949,286473307.881352
Palau,2002,10.9364767518009,234.793183,289274587.216227
Palau,2011,11.655701754386,234.604488,291639315.288127
Palau,2009,10.8679485817486,225.124379,272778830.47726
Palau,2006,11.6570671288037,247.904741,303805071.598533
Palau,2005,11.4315969946044,245.464862,305042456.927083
Palau,2003,10.8450704225352,233.65041,279834448.894858
Palau,2012,12.3704446673353,245.044719,296517266.719047
Palau,2019,12.1344050011163,252.704186,315425251.926403
Palau,2017,11.9414699781353,243.734798,313841905.376755
Palau,2018,11.8618450515002,244.919492,314181193.923108
Palau,2007,11.5356810905711,243.04462,309945402.614252
Palau,2004,10.9408750690712,236.207636,293423294.464852
Palau,2016,11.6692860350247,236.350104,327187254.866649
Palau,2015,11.2903225806452,227.065409,327460269.050282
Panama,2006,2.2235825080828,13049.35742,61133120868.3525
Panama,2019,3.09505043316861,20588.87322,138777666578.947
Panama,2016,2.64568083736678,17681.07532,122729854564.379
Panama,2014,2.76643678385556,17600.29831,110597092488.197
Panama,2017,2.47466896871459,17283.27162,129591863447.803
Panama,2018,2.38131879080632,17297.37902,134367880780.372
Panama,2015,2.68123188224505,17486.64482,116937683850.356
Panama,2005,2.15265703288819,12521.73034,56264826136.0827
Panama,2012,2.78614766667856,17186.34788,98465937740.9962
Panama,2013,2.68275540120307,17164.5288,105263974930.997
Panama,2009,2.44384989027469,14745.60657,76141227971.3131
Panama,2007,2.180985390548,13061.41851,68459305144.5934
Panama,2004,1.7295596999486,10852.52252,52490115287.1742
Panama,2008,2.08781795772351,13162.32269,75206417973.4377
Panama,2003,1.7366375744592,10768.8473,48817987388.4572
Panama,2000,1.7598845466166,9922.767248,45564603728.9243
Panama,2011,2.7094018067197,16486.52187,89695110287.0432
Panama,2002,1.73342433010038,10579.53359,46847804855.0432
Panama,2010,2.53630557534088,15393.12455,80578733783.9504
Panama,2001,2.03085634088462,11304.62567,45826268850.3001
Papua New Guinea,2001,0.593806533626721,11773.22901,16768758905.4539
Papua New Guinea,2008,0.66688260053113,12566.26492,21171759095.065
Papua New Guinea,2005,0.665336373475915,12139.63959,18684643823.7698
Papua New Guinea,2009,0.686244800506598,12928.27944,22611527948.9416
Papua New Guinea,2012,0.611184513386519,14634.4943,26350071041.3272
Papua New Guinea,2000,0.512898995823936,11297.16754,16789122197.654
Papua New Guinea,2011,0.663473913286861,13933.88953,25177523653.2663
Papua New Guinea,2014,0.6896023736811,17504.08296,31063244720.2409
Papua New Guinea,2004,0.732731346988145,12906.97722,17569871343.0995
Papua New Guinea,2010,0.664884761439954,12945.05815,24901726172.2329
Papua New Guinea,2003,0.668332517919941,12320.10295,17104429750.1063
Papua New Guinea,2018,0.762549780383734,20064.63485,36057569798.5349
Papua New Guinea,2013,0.633608578219704,15850.71888,27357947116.0496
Papua New Guinea,2017,0.713597978495624,19157.78881,36158543357.0678
Papua New Guinea,2007,0.68446103533762,12527.46291,21234711062.0586
Papua New Guinea,2015,0.733652654277604,19094.40193,33106695643.4371
Papua New Guinea,2006,0.647772724108358,12284.1262,19695472608.2519
Papua New Guinea,2016,0.737248612763731,19066.40777,34924111919.2525
Papua New Guinea,2002,0.612141066518051,12004.09038,16742113258.1618
Papua New Guinea,2019,0.782552890305524,20327.16169,37673104197.2361
Paraguay,2019,1.24066887329392,49371.36829,88871845102.8092
Paraguay,2006,0.714513498985939,33958.05688,52312422860.0508
Paraguay,2004,0.733652565836165,32482.10962,48870398926.0772
Paraguay,2002,0.714157085049651,32023.36552,45019654248.4648
Paraguay,2012,0.874070327427751,42493.62369,67386123645.4735
Paraguay,2017,1.24632517460731,49749.92728,86460026414.3883
Paraguay,2003,0.735552619023868,34320.54787,46964838927.0002
Paraguay,2005,0.675293479241276,33479.24037,49913044324.9159
Paraguay,2018,1.29748167406657,48376.14553,89230422105.3981
Paraguay,2013,0.882701828211158,43946.28825,72974506422.6375
Paraguay,2007,0.665546242539326,35984.30548,55148605142.824
Paraguay,2016,1.14776478210326,47413.73092,82492091751.5538
Paraguay,2001,0.69361442229851,32600.39397,45029292496.0957
Paraguay,2014,0.924028534552806,46010.29691,76843059119.7061
Paraguay,2009,0.801024239229513,37592.47978,58577850495.1486
Paraguay,2008,0.765825802972748,35515.65358,58731219632.8468
Paraguay,2000,0.687826794818474,30409.20902,45408020230.6101
Paraguay,2010,0.8742656163622,39952.63228,65077198479.732
Paraguay,2015,1.03068169862171,46437.31596,79115424975.5924
Paraguay,2011,0.892890907998869,41155.80824,67866648777.7044
Peru,2000,1.07427509541656,62721.2921,169938476178.581
Peru,2018,1.69513088210562,97101.62001,408868882462.974
Peru,2013,1.65625408117878,91156.36111,349070319002.42
Peru,2012,1.61752150592736,89212.99587,329770443729.172
Peru,2002,1.0145053670813,62642.82627,180313421017.577
Peru,2010,1.53948542250294,84787.4463,292206199250.197
Peru,2015,1.7763005780535,96579.81659,369008781843.158
Peru,2006,1.08676985419652,67464.68605,225301341565.557
Peru,2001,0.982316838453907,60783.81423,170988512981.172
Peru,2008,1.32931868624742,76320.47982,266807239125.777
Peru,2009,1.41921946066586,80432.88721,269730975976.69
Peru,2017,1.71724301281113,97009.7592,393259049121.626
Peru,2005,1.11171716955682,67705.51406,209526316709.744
Peru,2004,1.11985372004664,66494.69603,197136188349.39
Peru,2019,1.73564177469023,100394.9369,418030128535.975
Peru,2011,1.64284749150045,89039.03353,310694647686.192
Peru,2007,1.18209589261852,71287.08464,244493383489.085
Peru,2016,1.8263804846975,99281.9726,383596875076.523
Peru,2014,1.75159405113357,94868.22585,357385723339.321
Peru,2003,0.983143204871561,62452.7187,187823516721.464
Philippines,2018,1.28139072984074,227857.6762,908257834444.197
Philippines,2005,0.883249431233607,147127.4745,436313498745.595
Philippines,2019,1.32152779028498,235302.3833,963829823123.725
Philippines,2008,0.822328627546436,150006.0184,510731333780.83
Philippines,2001,0.882362847773279,137747.0198,357948005500.658
Philippines,2017,1.25031454207887,221322.0186,854095492048.794
Philippines,2010,0.865602879221275,158249.7774,556130498823.889
Philippines,2006,0.788442016028448,140739.1949,459509742986.811
Philippines,2016,1.15275130744364,204105.5615,798735245433.432
Philippines,2000,0.922837864069837,138556.8307,347356307520.268
Philippines,2009,0.821133982114163,152894.7426,518128373476.702
Philippines,2007,0.817880457554823,146901.0628,489466522833.647
Philippines,2004,0.883116734531611,146081.8062,415764325667.434
Philippines,2003,0.881835040197624,142602.2802,390135437286.547
Philippines,2012,0.878944848360567,165180.2372,617423226034.986
Philippines,2014,1.00490794980017,183726.7873,700942323076.64
Philippines,2011,0.856822588631331,160090.2289,577587308295.791
Philippines,2013,0.957913716180866,176101.2119,659102574170.73
Philippines,2002,0.876627896522645,139473.1837,371250266158.145
Philippines,2015,1.07725351401488,192590.656,745440312681.171
Poland,2014,7.5168891922455,347384.6849,1006862448644.24
Poland,2002,7.51549998320707,347723.1045,639492288012.437
Poland,2000,7.73091999715933,356692.1414,618943037196.466
Poland,2008,8.08705998482548,373575.7752,851530472386.161
Poland,2001,7.67691948740114,354133.0927,626732865241.537
Poland,2016,7.89575225360953,361341.4439,1082037503386.78
Poland,2013,7.84182079398329,360557.2136,969657107885.238
Poland,2007,8.22063999059825,379775.7841,817207893948.714
Poland,2003,7.79306768797555,359244.4313,661864230026.65
Poland,2006,8.2349912497663,379241.399,763306725189.133
Poland,2012,7.96968428583604,366348.324,961421979842.391
Poland,2009,7.79155465630107,358807.8559,875647382633.127
Poland,2019,7.76885578278686,355380.9081,1258926207096.21
Poland,2017,8.23624313643991,374716.3482,1137654421219.15
Poland,2015,7.6100211833642,350541.6712,1050996236612.72
Poland,2011,8.15993272251677,373328.3673,946791946450.916
Poland,2005,7.89596453021837,364880.8723,719210922128.597
Poland,2018,8.20953133332017,372925.7055,1205290348309.06
Poland,2010,8.24700467583953,377248.2243,901344465050.676
Poland,2004,7.90561638869524,363465.7299,694843895872.382
Portugal,2019,4.33244804259817,61575.13853,359460265041.436
Portugal,2006,5.7447581742678,77908.08279,331712494082.697
Portugal,2018,4.8096126128982,66613.16462,350068760634.558
Portugal,2016,4.71603567572635,66390.76779,328840222198.501
Portugal,2014,4.41600098143824,63414.4256,316656174341.047
Portugal,2015,4.81285327506769,67508.48674,322330798791.347
Portugal,2013,4.45193522799156,63799.82422,314167370897.143
Portugal,2009,5.32724112144616,73486.2919,330462853299.407
Portugal,2007,5.57695160488075,76536.74874,340027131941.013
Portugal,2005,6.23362305097526,82959.22104,326408248490.475
Portugal,2008,5.38392186454158,74282.36094,341112661504.386
Portugal,2004,5.92613732669672,79874.65009,323876029531.764
Portugal,2012,4.58592633423758,65489.81718,317093012692.047
Portugal,2011,4.72343041384562,67196.13929,330502468207.923
Portugal,2017,5.1719561566168,70957.67981,340370495824.125
Portugal,2003,5.78684729378197,78021.2855,318184548971.072
Portugal,2002,6.29627863021253,82670.82672,321173133039.012
Portugal,2000,5.99240147958707,78714.35724,312639389062.2
Portugal,2010,4.81763153663542,68073.96507,336205060026.742
Portugal,2001,5.92350156648031,78052.09705,318716074253.315
Puerto Rico,2002,NA,NA,123159202861.016
Puerto Rico,2011,NA,NA,122224272360.019
Puerto Rico,2013,NA,NA,121884927215.212
Puerto Rico,2000,NA,NA,114793306229.869
Puerto Rico,2016,NA,NA,117665043373.674
Puerto Rico,2015,NA,NA,119170166056.761
Puerto Rico,2010,NA,NA,122664035966.044
Puerto Rico,2018,NA,NA,109286450155.476
Puerto Rico,2007,NA,NA,127986037812.627
Puerto Rico,2001,NA,NA,122040748965.379
Puerto Rico,2003,NA,NA,123224994266.642
Puerto Rico,2012,NA,NA,122260053650.798
Puerto Rico,2019,NA,NA,111117067161.133
Puerto Rico,2014,NA,NA,120434053585.887
Puerto Rico,2006,NA,NA,129491776857.303
Puerto Rico,2009,NA,NA,123173053683.253
Puerto Rico,2017,NA,NA,114269283455.236
Puerto Rico,2004,NA,NA,134005550907.772
Puerto Rico,2005,NA,NA,131342942711.984
Puerto Rico,2008,NA,NA,125625803454.388
Qatar,2008,36.8899456267738,73843.49913,132971423351.579
Qatar,2018,31.4809674373955,119194.0438,253049780990.654
Qatar,2017,32.2566382287485,119437.9943,249963056688.56
Qatar,2001,42.2057920159804,40079.84195,53286967171.4749
Qatar,2006,43.2885740744389,60227.93844,95782712601.8808
Qatar,2004,47.6569620139265,51849.96799,70623782772.5375
Qatar,2003,46.4168865435356,47924.09638,59238739566.8301
Qatar,2019,31.8772030129291,121514.2112,255010431920.528
Qatar,2007,40.6094522819758,68218.93779,113009862579.536
Qatar,2016,33.5495686981102,119021.7969,253763429745.086
Qatar,2013,37.6028800771898,108729.7147,223143078678.384
Qatar,2010,35.5482683436981,86697.95181,178037382447.324
Qatar,2011,37.9794930746587,97690.00704,201850196426.811
Qatar,2009,33.7273035520663,75998.98187,148870232868.591
Qatar,2005,45.4060868848016,53556.7409,75915452247.0945
Qatar,2000,44.3792506080314,40410.68294,51287677757.7007
Qatar,2015,35.2904219503821,116592.5642,246218812863.693
Qatar,2014,37.1050343988277,113517.1842,235046251898.732
Qatar,2012,39.5821395212157,106658.8745,211397734624.145
Qatar,2002,45.5646913988777,44067.82676,57114117979.5166
Romania,2015,3.69982946782982,100784.118,474250837782.684
Romania,2001,4.30240959119319,125732.5947,287538671370.47
Romania,2006,4.68318505069417,129071.4022,388389615684.522
Romania,2000,3.96574499873479,120734.5942,273278620587.673
Romania,2014,3.5933033029971,98499.64262,459721327435.966
Romania,2003,4.54884198931637,127729.295,311052590228.486
Romania,2002,4.31343122586801,122830.7988,303936977790.507
Romania,2007,4.63193427068988,126730.562,416484973779.356
Romania,2017,3.78830872775473,102254.6223,527785559982.293
Romania,2019,3.81706295716296,101844.4251,581168382185.867
Romania,2008,4.6455195583769,124732.2029,455249175985.074
Romania,2013,3.60747135176666,99156.94285,441527417679.972
Romania,2009,3.96215792355729,108964.484,430131283406.56
Romania,2005,4.44110220202597,125492.7396,359524104556.991
Romania,2018,3.86106171468889,103464.5622,559605851890.763
Romania,2016,3.63334838574668,99274.84313,487802773897.5
Romania,2010,3.83278482882614,106101.8782,413350845725.872
Romania,2011,4.17170285108923,110692.839,432022262895.141
Romania,2012,4.08034984483774,108406.7203,440338662347.974
Romania,2004,4.44422058286346,126078.2048,343489505883.233
Russian Federation,2019,11.7971941673637,2419133.843,4000008095032.46
Russian Federation,2005,11.2318521528474,2243990.685,2876520823211.47
Russian Federation,2006,11.568369096945,2281588.052,3112397494085.71
Russian Federation,2016,10.8874269283473,2246727.882,3738837933428.46
Russian Federation,2008,11.5956540891301,2291990.939,3552550981878.81
Russian Federation,2014,11.2082077063911,2264924.245,3806705792055.25
Russian Federation,2013,11.3770043056089,2280313.549,3778883114348.69
Russian Federation,2009,10.8321085519776,2161029.099,3275452221520.73
Russian Federation,2017,11.0351992095822,2282284.734,3807101264909.28
Russian Federation,2007,11.6112690474096,2291497.557,3376950589149.21
Russian Federation,2018,11.4965712497165,2371535.611,3913975940441.31
Russian Federation,2012,11.7020653683345,2316611.01,3713692139974.43
Russian Federation,2010,11.3254009458404,2249521.458,3422847571490.17
Russian Federation,2004,11.1127113661228,2218465.527,2703497892225.57
Russian Federation,2015,11.0520055015768,2249219.684,3731610175003.83
Russian Federation,2003,11.1303980795724,2223272.488,2521920901963
Russian Federation,2000,10.6676603031679,2137885.669,2135907084569.99
Russian Federation,2002,10.7726387485619,2152108.54,2350346712051.79
Russian Federation,2001,10.73578413816,2150698.86,2244839440007.34
Russian Federation,2011,11.884949695479,2340370.262,3570031016049.49
Rwanda,2014,0.0812705266531034,5125.387999,19737995865.4879
Rwanda,2001,0.0819619206898493,3357.063898,7470261840.91665
Rwanda,2007,0.0686053212544397,4268.549959,11940331947.4032
Rwanda,2003,0.0799382165622937,3689.00994,8641972935.69129
Rwanda,2006,0.0777017121560947,4140.258936,11093531589.6696
Rwanda,2013,0.0814036130740856,5124.304081,18591431927.3539
Rwanda,2002,0.0950502764710224,3578.623254,8455743723.32861
Rwanda,2009,0.0667958549691215,4612.472504,14102356894.1449
Rwanda,2012,0.0751019295161939,4943.253063,17753492743.5784
Rwanda,2016,0.0962207458130356,5704.471848,22769046384.4796
Rwanda,2018,0.111987033315544,6106.433212,25686359537.3492
Rwanda,2000,0.0814452399380566,3198.596743,6886014899.56199
Rwanda,2015,0.0927977157696768,5805.668917,21486160005.4666
Rwanda,2017,0.102654554383161,5903.81658,23665375199.0851
Rwanda,2010,0.0682585977285353,4890.541827,15136715178.9757
Rwanda,2008,0.0667900498016969,4480.395281,13273023598.8577
Rwanda,2019,0.113057797770289,6338.045843,28117323112.9437
Rwanda,2004,0.075335654497408,3800.605627,9285599892.46965
Rwanda,2011,0.0695920140169191,4781.368045,16341351947.8988
Rwanda,2005,0.0794234713474482,3859.291313,10156394008.637
Samoa,2011,0.998212384963662,533.160095,1174256561.45083
Samoa,2006,0.935161765560067,487.068172,1029488441.23345
Samoa,2003,0.902688860435339,474.251638,916932163.910748
Samoa,2007,0.978065708375771,489.338086,1034491575.41229
Samoa,2010,0.988329086874332,519.21343,1130733738.48788
Samoa,2009,0.913156913902348,487.240016,1065476299.31314
Samoa,2008,0.883792957812573,470.597601,1071279178.67715
Samoa,2019,1.31521200537977,580.183607,1344803449.9217
Samoa,2015,1.14112520938641,600.133054,1182972605.34566
Samoa,2005,0.949497948321016,488.325257,1007996670.58141
Samoa,2012,0.999878863741899,542.07146,1130431777.5909
Samoa,2016,1.20022963453081,594.781343,1277419516.04634
Samoa,2014,1.02747364403713,558.68889,1139112646.93929
Samoa,2004,0.93048975663705,483.287298,945240246.016299
Samoa,2000,0.807573583757228,434.651659,768117067.866101
Samoa,2018,1.18597431581156,598.977619,1287486373.02067
Samoa,2017,1.22910947358282,594.713131,1295383641.871
Samoa,2001,0.876408128065542,463.410919,824881910.526581
Samoa,2013,0.983800059018,545.883325,1131644654.88355
Samoa,2002,0.91196485023844,472.045778,871503899.548679
San Marino,2009,NA,NA,2379339474.47613
San Marino,2010,NA,NA,2249101945.34691
San Marino,2004,NA,NA,2340936100.50213
San Marino,2001,NA,NA,2148919230.63213
San Marino,2013,NA,NA,1901801867.66899
San Marino,2018,NA,NA,2011722071.68654
San Marino,2006,NA,NA,2489540460.66239
San Marino,2000,NA,NA,2035378820.62204
San Marino,2015,NA,NA,1931717975.60554
San Marino,2011,NA,NA,2062094211.21265
San Marino,2008,NA,NA,2653172228.02987
San Marino,2014,NA,NA,1888444172.37369
San Marino,2003,NA,NA,2239083673.87543
San Marino,2019,NA,NA,2053277915.72687
San Marino,2002,NA,NA,2155598078.27978
San Marino,2016,NA,NA,1977005285.03501
San Marino,2012,NA,NA,1916829274.87621
San Marino,2005,NA,NA,2397706305.50717
San Marino,2017,NA,NA,1982111206.95374
San Marino,2007,NA,NA,2666529923.32518
Sao Tome and Principe,2009,0.526587622383904,118.593092,567715713.94612
Sao Tome and Principe,2011,0.5401947926297,126.204118,632228844.10972
Sao Tome and Principe,2007,0.481615590685625,104.595398,521767820.436052
Sao Tome and Principe,2017,0.64604203118691,169.384403,818599649.86904
Sao Tome and Principe,2006,0.492985367325388,103.391551,503435363.38701
Sao Tome and Principe,2010,0.564407207721618,127.584838,605593613.596147
Sao Tome and Principe,2008,0.50860899749431,112.176545,554267616.533403
Sao Tome and Principe,2000,0.372267141684178,71.679613,NA
Sao Tome and Principe,2005,0.49480455220188,101.648705,462435340.391224
Sao Tome and Principe,2019,0.6533115252168,176.419767,861340705.428923
Sao Tome and Principe,2018,0.650598077068665,172.808885,842709610.84351
Sao Tome and Principe,2004,0.47242496686684,95.888646,433744752.630447
Sao Tome and Principe,2016,0.628933891082529,161.28902,788259685.008913
Sao Tome and Principe,2013,0.62604189784111,150.561278,683490267.09914
Sao Tome and Principe,2012,0.624986836839999,145.926598,652093325.561949
Sao Tome and Principe,2002,0.389079090502599,78.79703,386848047.526686
Sao Tome and Principe,2001,0.365791956679293,72.699972,374271810.435444
Sao Tome and Principe,2015,0.614546250074581,154.973338,756743083.842216
Sao Tome and Principe,2003,0.42858443568632,87.482788,418923628.672626
Sao Tome and Principe,2014,0.603553471698304,149.789958,728258435.017987
Saudi Arabia,2003,12.3031481310381,387518.3573,929829719908.44
Saudi Arabia,2019,14.7030166496769,720673.9994,1684765372101.24
Saudi Arabia,2018,15.0655004937014,715864.5017,1670859140188.4
Saudi Arabia,2004,12.6739850141629,404867.6845,1003829675758.28
Saudi Arabia,2005,12.9231002796827,425133.8514,1059781637362.15
Saudi Arabia,2002,12.0340452579772,366455.9791,835861641116.959
Saudi Arabia,2012,15.9780157664397,632986.9568,1419075166224.49
Saudi Arabia,2017,16.0777919021258,728091.5477,1625946533880.28
Saudi Arabia,2011,15.3813984934801,596451.9677,1346021284223.87
Saudi Arabia,2009,14.2722088631653,519924.5867,1154518086345.29
Saudi Arabia,2006,13.2149871153262,447639.8093,1089332612109.3
Saudi Arabia,2015,17.2577930743373,726205.8227,1589519056009.33
Saudi Arabia,2013,15.9839190651263,649104.8343,1459523675762.86
Saudi Arabia,2014,16.8252361265938,692677.301,1518308198824.01
Saudi Arabia,2001,11.5043474059887,348566.0693,860109631688.079
Saudi Arabia,2016,16.795103103967,734310.0122,1627080576754.64
Saudi Arabia,2010,15.1683862693943,564852.8807,1212699943202.23
Saudi Arabia,2008,14.2037535472172,507309.0052,1178792358426.73
Saudi Arabia,2000,11.5863127738441,344717.9039,870650985105.642
Saudi Arabia,2007,13.4324426740113,467557.6683,1109454004364.26
Senegal,2019,0.768574983933597,31081.73062,54890421321.3684
Senegal,2017,0.646584895307648,27718.1194,49402166472.861
Senegal,2005,0.516326824254694,19073.17683,30590478998.7414
Senegal,2008,0.542081907505722,20527.29477,33380452577.4236
Senegal,2010,0.560744784507668,22095.5606,35462162599.407
Senegal,2004,0.503818644729528,18387.20636,29326439504.7858
Senegal,2009,0.546632566433421,21029.13048,34299117509.7702
Senegal,2011,0.588029711367301,23084.72027,35935260147.2834
Senegal,2012,0.563383773056991,22605.52005,37373747012.1851
Senegal,2007,0.536334335852473,19590.36526,32188459502.9596
Senegal,2018,0.65339707602786,28040.84391,52469666065.1249
Senegal,2016,0.686906342711816,27523.87759,45995086773.7203
Senegal,2015,0.64679457579979,25224.60478,43246320958.7908
Senegal,2014,0.613587044752342,24473.3203,40657631795.07
Senegal,2013,0.589383332771876,23798.30412,38275345782.2174
Senegal,2002,0.449820498087114,16989.83833,26540487584.1433
Senegal,2006,0.494469381190578,19448.33324,31303473006.8973
Senegal,2000,0.418753072739914,17763.78929,25426182723.9435
Senegal,2003,0.42995814654918,16298.18229,28025149440.0477
Senegal,2001,0.448318363393458,17535.14296,26522267694.6931
Serbia,2002,6.64204013541213,66323.13424,76064089484.6975
Serbia,2012,6.36056538914641,62462.4487,107224663933.682
Serbia,2004,7.70482250339903,74706.72298,86570129446.5577
Serbia,2011,7.08176650609841,67306.68346,107960460212.157
Serbia,2019,6.62757991630233,62153.38565,127145110728.912
Serbia,2003,7.1122722790218,69382.36391,79401596913.0402
Serbia,2015,6.39995050302429,61517.8547,110533522438.026
Serbia,2006,7.15219678856123,69221.81494,96024120670.3564
Serbia,2014,5.4666972205331,55198.86327,108572636281.111
Serbia,2005,6.81180937077875,67014.41899,91357758108.4447
Serbia,2009,6.4029553026053,63457.51652,105038082967.504
Serbia,2008,6.77882926529294,65919.78603,107988048634.141
Serbia,2000,5.851965835527,60568.40216,66900068714.0271
Serbia,2013,6.48682910923473,63190.29773,110326283950.062
Serbia,2001,6.15875426621388,62954.76975,71501973758.5397
Serbia,2010,6.4601677913651,62994.96792,105805958151.133
Serbia,2018,6.61535438641515,61655.12499,121866190419.785
Serbia,2007,6.97189585046777,68138.41124,102207618459.084
Serbia,2017,6.7431359528992,63354.39643,116623808759.793
Serbia,2016,6.60709443405954,62973.06836,114223779989.505
Seychelles,2012,4.79825147503482,546.69724,2209030180.02081
Seychelles,2007,4.7569767031623,508.163328,1973394802.52812
Seychelles,2019,6.09782330345711,760.365611,2849727469.08839
Seychelles,2010,4.94263116854183,555.948733,1956343379.06911
Seychelles,2006,4.59810874704492,488.63296,1812514785.63556
Seychelles,2003,4.13621483190587,436.120392,1564406738.75915
Seychelles,2011,4.66829061881726,526.396387,2142387396.03578
Seychelles,2018,6.22455096008764,761.134384,2717210571.41101
Seychelles,2008,4.80242881457289,523.925096,1919601120.68301
Seychelles,2017,5.95452980395021,723.153956,2620022555.75612
Seychelles,2002,4.20792374855177,443.796942,1662266503.63524
Seychelles,2009,5.13528374075007,557.376465,1872006992.21344
Seychelles,2013,4.58259680485608,540.639694,2236725563.71835
Seychelles,2005,4.60909025079051,478.257491,1656684876.37401
Seychelles,2014,4.99896014623628,591.043548,2327619197.31596
Seychelles,2000,3.62007124280485,383.632243,1680514800.33934
Seychelles,2016,5.97399579623351,711.996529,2549058184.23737
Seychelles,2001,3.98635501588631,413.073592,1642347571.9082
Seychelles,2004,4.64625644134586,477.804141,1519814044.66002
Seychelles,2015,5.35008938224558,639.890701,2425253207.8158
Sierra Leone,2018,0.132764621949018,6818.439085,12659203398.0597
Sierra Leone,2008,0.0852753141592485,4211.801094,8195393846.12327
Sierra Leone,2007,0.0847257433412755,4442.245921,7772869000.77171
Sierra Leone,2003,0.102861066357535,3661.860438,6212515824.73826
Sierra Leone,2004,0.0962530874271167,3998.174806,6615015158.77247
Sierra Leone,2009,0.08271774271619,4517.494967,8458419402.87257
Sierra Leone,2017,0.145879585519628,6323.730128,12234317466.221
Sierra Leone,2016,0.156233465747467,6408.656571,11791680967.0932
Sierra Leone,2010,0.0870322019147085,4535.29694,9019846352.82722
Sierra Leone,2002,0.0968072102695019,3156.663069,5674378663.21785
Sierra Leone,2019,0.129094346244259,5872.882542,13324285829.8498
Sierra Leone,2006,0.101656277851772,5094.587748,7198662947.55771
Sierra Leone,2015,0.148261607024579,6150.176513,11087958421.7302
Sierra Leone,2005,0.078563040637766507,4127.412275,6902999840.39445
Sierra Leone,2000,0.0727083613742993,2442.106032,4788682914.31925
Sierra Leone,2012,0.125902488986294,5844.26075,11015503477.4716
Sierra Leone,2011,0.111139929087614,5062.796395,9561923879.24804
Sierra Leone,2013,0.148000124625638,5937.443904,13337463015.6844
Sierra Leone,2014,0.159312379983553,6329.480559,13945551769.4001
Sierra Leone,2001,0.0911038200603818,2804.8239,4484819175.58732
Singapore,2011,8.63611004366003,58993.01375,421629448738.64
Singapore,2002,9.88776206611669,54037.20577,231731397502.852
Singapore,2006,8.44547089368866,50054.47353,311730192894.584
Singapore,2001,10.1573654208833,54783.81103,222982971097.67
Singapore,2017,8.43229982682534,65736.4066,535039344470.297
Singapore,2015,8.20810904856042,62379.85457,493988551367.292
Singapore,2012,8.22453047443198,58591.52623,440330812792.133
Singapore,2013,8.13316955483092,59488.82101,461544326493.039
Singapore,2003,9.27322321770106,50887.77632,242271133364.523
Singapore,2000,10.4564750699312,54856.63919,225396659971.311
Singapore,2007,8.34372321486362,51332.50527,339852993073.512
Singapore,2004,9.50851808545158,52348.81806,266352842070.134
Singapore,2009,7.78571060513801,52195.79653,346629054191.761
Singapore,2016,8.0198912735455,62652.87413,511780319860.235
Singapore,2010,8.35450837270906,55950.37906,396958725285.662
Singapore,2008,7.93975115902894,51630.4847,346186097369.469
Singapore,2018,8.01821207673574,64328.24466,554169316204.88
Singapore,2019,7.91841038479591,65005.72752,561546757997.059
Singapore,2014,8.11713717182074,60657.51579,479708589358.797
Singapore,2005,8.65059982249361,49627.4788,285973251118.626
Sint Maarten (Dutch part),2001,NA,NA,NA
Sint Maarten (Dutch part),2019,NA,NA,1563236264.05652
Sint Maarten (Dutch part),2002,NA,NA,NA
Sint Maarten (Dutch part),2013,NA,NA,1593266099.05672
Sint Maarten (Dutch part),2005,NA,NA,NA
Sint Maarten (Dutch part),2004,NA,NA,NA
Sint Maarten (Dutch part),2003,NA,NA,NA
Sint Maarten (Dutch part),2017,NA,NA,1538327625.27771
Sint Maarten (Dutch part),2000,NA,NA,NA
Sint Maarten (Dutch part),2018,NA,NA,1436798036.81666
Sint Maarten (Dutch part),2006,NA,NA,NA
Sint Maarten (Dutch part),2009,NA,NA,1436948467.20484
Sint Maarten (Dutch part),2008,NA,NA,NA
Sint Maarten (Dutch part),2014,NA,NA,1618445831.7244
Sint Maarten (Dutch part),2011,NA,NA,1551145590.3663
Sint Maarten (Dutch part),2016,NA,NA,1633044244.60122
Sint Maarten (Dutch part),2010,NA,NA,1482930732.24807
Sint Maarten (Dutch part),2007,NA,NA,NA
Sint Maarten (Dutch part),2015,NA,NA,1624919615.0513
Sint Maarten (Dutch part),2012,NA,NA,1572714993.71766
Slovak Republic,2018,6.05957180869179,39884.28728,170559207125.957
Slovak Republic,2001,7.1719564733614,46598.00342,87169548654.2761
Slovak Republic,2003,7.13354402652784,46409.32544,96110098027.0314
Slovak Republic,2000,7.06516575364836,45991.7078,84422619000.8113
Slovak Republic,2010,6.57195088202977,43071.85402,138184591602.053
Slovak Republic,2019,5.68970729978492,38040.32725,174839771021.617
Slovak Republic,2017,6.17302222078411,40432.84011,163951329601.324
Slovak Republic,2011,6.3198357137988,41566.34562,141876127714.687
Slovak Republic,2002,7.07941658706708,46152.64336,91100410756.0743
Slovak Republic,2012,5.98180812522572,39207.7126,143747193272.906
Slovak Republic,2005,7.16912034993998,46543.51953,107885494354.257
Slovak Republic,2007,6.91961220714685,45149.44878,129727116493.298
Slovak Republic,2014,5.6172857847039,37218.38948,148558406101.049
Slovak Republic,2013,6.08128765083193,39867.27252,144656739274.106
Slovak Republic,2004,6.96733975146493,45720.56559,101183635459.64
Slovak Republic,2008,6.89637351644742,45180.71764,136959255796.591
Slovak Republic,2009,6.29527369455626,41539.12029,129487398581.991
Slovak Republic,2015,5.67013797150744,37650.02496,156234688735.479
Slovak Republic,2006,7.04874732321693,46105.58041,117048400072.346
Slovak Republic,2016,5.79984746256443,38503.02744,159271814312.37
Slovenia,2003,7.72297697136842,18751.58987,57487857659.8042
Slovenia,2018,6.78573736169737,16968.5195,78799088224.0188
Slovenia,2002,7.7835881134904,18790.80783,55834996434.7709
Slovenia,2012,7.35169230963674,18134.54044,67091135563.7047
Slovenia,2005,7.95636434165103,19212.07351,62272414748.5536
Slovenia,2000,7.3113365260128,17745.16722,52262871956.5387
Slovenia,2019,6.54333372438511,16533.88594,81518507202.3676
Slovenia,2009,7.60378277063582,18512.11234,67415603899.1685
Slovenia,2004,7.86154514845179,18961.84317,59993864199.3903
Slovenia,2007,8.06859050146621,19517.75294,70447328991.0078
Slovenia,2008,8.58851362181866,20489.17942,72919918591.5486
Slovenia,2006,8.11896945887821,19544.76978,65850834859.6213
Slovenia,2017,6.83497000563302,17098.37017,75438769514.6355
Slovenia,2001,7.72070118369929,18709.38982,53943938765.5783
Slovenia,2014,6.35927603565505,16006.08164,68238651529.0566
Slovenia,2013,7.06234559720537,17508.57904,66400578063.7812
Slovenia,2011,7.64831991535641,18746.41536,68909972073.9005
Slovenia,2015,6.36758061788265,16103.85818,69746781415.028
Slovenia,2016,6.73255071809677,16917.94554,71972995813.7254
Slovenia,2010,7.70151856185471,18806.32624,68321500046.5894
Solomon Islands,2007,0.621657131419943,677.52198,1086908438.72958
Solomon Islands,2004,0.606844219294806,619.830288,938043016.041422
Solomon Islands,2006,0.616095494801694,657.042346,1048737817.52749
Solomon Islands,2005,0.610794924619574,636.992511,1007062738.43055
Solomon Islands,2003,0.583024006105599,592.625464,871112806.106029
Solomon Islands,2015,0.496360134495479,780.410112,1552951980.18237
Solomon Islands,2012,0.626317671281855,782.552895,1434359808.79242
Solomon Islands,2019,0.451560238402472,889.504888,1766394854.68873
Solomon Islands,2018,0.456428451161852,858.439419,1736022886.26672
Solomon Islands,2016,0.474604443227374,801.285781,1639214293.52831
Solomon Islands,2008,0.626355375280281,698.003615,1154579027.09346
Solomon Islands,2009,0.631828627615174,718.238149,1187649263.56597
Solomon Islands,2013,0.667965966361303,832.752201,1509401275.73326
Solomon Islands,2002,0.571479279439169,572.965541,817766105.311019
Solomon Islands,2017,0.458335016484524,825.34125,1689625838.08142
Solomon Islands,2014,0.570328520611006,800.932306,1527351339.41062
Solomon Islands,2010,0.634351972819831,737.518284,1302950864.16263
Solomon Islands,2000,0.547469870551517,538.103194,914050394.952081
Solomon Islands,2011,0.642742464165166,765.99899,1399759456.90104
Solomon Islands,2001,0.558135310346394,553.533118,841323005.468767
Somalia,2001,0.0561695745675632,25739.66928,NA
Somalia,2001,0.0561695745675632,25739.66928,NA
Somalia,2002,0.0606730156922095,26136.39944,NA
Somalia,2002,0.0606730156922095,26136.39944,NA
Somalia,2009,0.0523783514067347,24788.19632,NA
Somalia,2009,0.0523783514067347,24788.19632,NA
Somalia,2008,0.0540591548877357,24760.52607,NA
Somalia,2008,0.0540591548877357,24760.52607,NA
Somalia,2006,0.0539268851206211,25838.22286,NA
Somalia,2006,0.0539268851206211,25838.22286,NA
Somalia,2013,0.0505271937683646,25565.33239,11428001379.2737
Somalia,2013,0.0505271937683646,25565.33239,11428001379.2737
Somalia,2003,0.0591805052549727,26366.6387,NA
Somalia,2003,0.0591805052549727,26366.6387,NA
Somalia,2014,0.0485302122924421,25700.44983,12318722691.6694
Somalia,2014,0.0485302122924421,25700.44983,12318722691.6694
Somalia,2015,0.046948882097858,25760.90016,14172683247.1514
Somalia,2015,0.046948882097858,25760.90016,14172683247.1514
Somalia,2005,0.0554680236301806,27109.69021,NA
Somalia,2005,0.0554680236301806,27109.69021,NA
Somalia,2017,0.0440588174785614,25630.36542,15743349479.8493
Somalia,2017,0.0440588174785614,25630.36542,15743349479.8493
Somalia,2018,0.0425732267936332,25617.6715,16928976288.5459
Somalia,2018,0.0425732267936332,25617.6715,16928976288.5459
Somalia,2007,0.0560887605535194,24734.42912,NA
Somalia,2007,0.0560887605535194,24734.42912,NA
Somalia,2004,0.0570801417050347,26667.08055,NA
Somalia,2004,0.0570801417050347,26667.08055,NA
Somalia,2000,0.0557933787500151,25198.10952,NA
Somalia,2000,0.0557933787500151,25198.10952,NA
Somalia,2012,0.0502961096035586,25442.31125,NA
Somalia,2012,0.0502961096035586,25442.31125,NA
Somalia,2010,0.0524834473842215,24991.99617,NA
Somalia,2010,0.0524834473842215,24991.99617,NA
Somalia,2011,0.0517728115714403,25151.40521,NA
Somalia,2011,0.0517728115714403,25151.40521,NA
Somalia,2016,0.0457851399374806,25787.98404,15381938113.3973
Somalia,2016,0.0457851399374806,25787.98404,15381938113.3973
Somalia,2019,0.041029202880867,26122.38808,18191289052.5681
Somalia,2019,0.041029202880867,26122.38808,18191289052.5681
South Africa,2017,7.68370781068603,544358.7633,790170550983.232
South Africa,2009,7.90204894086135,505538.2399,676932851503.589
South Africa,2010,8.21761222731227,528517.785,697509801974.927
South Africa,2005,7.70429784499698,469918.5038,598794822615.523
South Africa,2015,7.60718852417825,530523.0827,775968813043.715
South Africa,2006,7.67271219877509,472757.5168,632350125561.164
South Africa,2008,8.44664968496897,527035.5,687507327004.33
South Africa,2018,7.66737702463575,548100.8783,802199549486.899
South Africa,2016,7.54458957113285,530872.059,781125531699.056
South Africa,2002,6.95051357369806,417929.0011,528419568909.918
South Africa,2007,7.94385857423182,493819.5196,666247089971.937
South Africa,2001,6.78372306044453,402757.7951,509563800465.117
South Africa,2013,8.11643495398564,542754.7068,755168618329.594
South Africa,2011,7.8080537418251,512737.4833,719610792599.171
South Africa,2019,7.68890762322173,555409.2845,804633849972.882
South Africa,2000,6.07655317191499,368777.7595,496167283801.528
South Africa,2004,7.82476407533056,469862.6868,568780006082.761
South Africa,2014,8.19115252745267,554961.0999,765845392014.537
South Africa,2003,7.33895617266971,441353.791,544003060782.332
South Africa,2012,8.03464925875575,532764.5699,736854339454.923
South Sudan,2004,0.130103732507799,59841.76517,NA
South Sudan,2003,0.107738790598377,57389.95213,NA
South Sudan,2015,0.175928836633719,52511.74593,NA
South Sudan,2017,0.141871639801971,51336.68517,NA
South Sudan,2001,0.0827413130269136,50861.92555,NA
South Sudan,2002,0.100854348125215,54718.08042,NA
South Sudan,2011,0.125081131987055,65005.48492,NA
South Sudan,2009,0.139846068148503,69258.66386,NA
South Sudan,2018,0.170162964539169,56397.91983,NA
South Sudan,2000,0.0752024146119677,52686.44656,NA
South Sudan,2014,0.13551783759334,51607.61045,NA
South Sudan,2007,0.139370794444122,66079.61528,NA
South Sudan,2005,0.119020541055358,62994.05954,NA
South Sudan,2016,0.156351308793835,53345.2521,NA
South Sudan,2010,0.135185668231934,68561.58247,NA
South Sudan,2012,0.132559567705925,50364.00829,NA
South Sudan,2013,0.130838820817266,50173.11067,NA
South Sudan,2019,0.174641876951273,49180.5281,NA
South Sudan,2008,0.140426225718187,67108.45694,NA
South Sudan,2006,0.124374630753008,62355.185,NA
Spain,2017,5.68159077854133,333287.681,1842771293467.92
Spain,2009,6.21468704771263,365092.6541,1735354244852.44
Spain,2008,7.05647934920114,401199.1964,1803211005178.5
Spain,2002,7.54867340494412,384461.0199,1505483468430.49
Spain,2016,5.34058533869093,316708.5994,1789519475668.72
Spain,2005,8.02919743143422,424168.8721,1657179300444.71
Spain,2001,7.21625035262802,367801.9101,1465462446238.28
Spain,2007,7.84232084677752,434497.876,1787355959474.85
Spain,2015,5.5388552164426,326263.0749,1736760610926.34
Spain,2019,5.13179880095904,309375.0948,1922264001275.94
Spain,2010,5.88576349343324,350175.3957,1738181475619.55
Spain,2018,5.52105983547843,326838.0012,1884868840138.08
Spain,2006,7.69812924965131,418157.2386,1725168159302.34
Spain,2000,7.23021305731058,369377.061,1410006838302.66
Spain,2013,5.22940078672168,317006.8865,1649535306148.45
Spain,2014,5.20600921471327,315739.0923,1672559113626.25
Spain,2003,7.55334174258838,393438.9247,1550376026713.72
Spain,2012,5.77854920958231,343393.9951,1673013403698.23
Spain,2004,7.81792835567954,409553.757,1598790138533.64
Spain,2011,5.89332917610638,349834.6367,1724025990291.58
Sri Lanka,2003,0.643018404221481,22420.35208,125319632432.661
Sri Lanka,2002,0.595749806639807,21248.59054,118292726196.841
Sri Lanka,2013,0.683729265092783,26161.51283,234960624066.459
Sri Lanka,2011,0.73875310927848,27164.46824,207867796859.988
Sri Lanka,2018,1.00093677895708,33285.05462,298028699426.597
Sri Lanka,2010,0.6324486029673,24596.57305,191284426040.554
Sri Lanka,2001,0.573353188576805,20392.06011,113781652678.939
Sri Lanka,2014,0.821974874404746,28830.96863,249946363085.324
Sri Lanka,2007,0.67691785132022,23887.84848,161430924181.075
Sri Lanka,2012,0.829817672208316,29048.20964,225811322109.296
Sri Lanka,2008,0.631515599480874,24157.25163,171036206462.715
Sri Lanka,2017,1.0759613709386,33847.33216,291299436997.471
Sri Lanka,2004,0.660231679843304,22553.30792,132143363213.054
Sri Lanka,2000,0.582056032020245,20640.53357,115567644456.245
Sri Lanka,2009,0.6000934359648,23307.97879,177089027388.523
Sri Lanka,2005,0.710810981430899,24497.85696,140391419001.369
Sri Lanka,2019,1.07452644131542,35477.98059,297371594166.248
Sri Lanka,2006,0.62428078801025,22944.12932,151157042814.461
Sri Lanka,2016,1.08130995719399,34744.83349,273621616469.349
Sri Lanka,2015,0.901775002944458,31300.28372,260458995828.115
St. Kitts and Nevis,2011,4.9683697274122,337.712666,1183668209.42904
St. Kitts and Nevis,2010,4.83513701664452,329.992182,1164837363.52777
St. Kitts and Nevis,2018,5.13389585645192,345.768727,1430469325.58854
St. Kitts and Nevis,2009,4.8344118766654,327.591488,1164325320.56573
St. Kitts and Nevis,2006,4.48862909075394,301.732804,1077414186.14068
St. Kitts and Nevis,2005,4.35741037988229,293.861209,1044508196.29545
St. Kitts and Nevis,2003,4.34838793047748,288.54709,915286857.174205
St. Kitts and Nevis,2008,4.69293409110187,318.734793,1205047566.65525
St. Kitts and Nevis,2017,5.08527780684315,342.030185,1401705997.99518
St. Kitts and Nevis,2016,5.1184397756759,342.188942,1401600728.55081
St. Kitts and Nevis,2001,4.10559735571696,277.67107,939907522.515688
St. Kitts and Nevis,2002,4.36192287739927,287.16768,952762779.369038
St. Kitts and Nevis,2007,4.77507178560034,318.796699,1083885160.80916
St. Kitts and Nevis,2004,4.70588235294118,307.206299,951864892.931786
St. Kitts and Nevis,2014,4.77934252652284,323.314916,1339039716.99523
St. Kitts and Nevis,2012,4.80021790600708,323.477149,1177444927.57084
St. Kitts and Nevis,2015,4.97175141242938,334.1377,1348600659.4719
St. Kitts and Nevis,2000,3.98583401157036,268.91896,892994504.249321
St. Kitts and Nevis,2019,5.18737424547284,349.65707,1488361327.67041
St. Kitts and Nevis,2013,4.75642179747524,321.999433,1244674948.60014
St. Lucia,2019,2.9935660169221,881.038526,2761019980.19319
St. Lucia,2002,2.30718360434861,628.297474,1981552716.86861
St. Lucia,2006,2.59265933801886,703.652199,2343850326.15831
St. Lucia,2017,2.99667537804169,865.537994,2701276271.30681
St. Lucia,2003,2.4299741792244,657.048661,2066058241.66072
St. Lucia,2004,2.53837395502895,680.413847,2216207141.57344
St. Lucia,2005,2.48570011971993,679.042333,2207113938.92719
St. Lucia,2011,2.91382264951059,799.461243,2544261398.2034
St. Lucia,2015,2.85384032843079,826.190561,2526148146.43047
St. Lucia,2007,2.62658341193185,716.973865,2383499333.63031
St. Lucia,2018,2.96759758949451,868.20671,2779083195.35901
St. Lucia,2016,2.86543508698339,835.070077,2612761513.3336
St. Lucia,2001,2.40731285104051,636.244888,1973334754.55387
St. Lucia,2014,2.89409853321434,824.362982,2523596279.46799
St. Lucia,2012,2.92853677133153,811.916022,2541459348.20538
St. Lucia,2010,2.97013484657911,800.120863,2438734193.81363
St. Lucia,2013,2.91071284875099,816.341902,2490522082.16992
St. Lucia,2008,2.63916571753986,726.119331,2501466389.09612
St. Lucia,2000,2.29968652037618,618.502802,2042960142.94131
St. Lucia,2009,2.6177455094055,731.083297,2430702417.71394
St. Martin (French part),2012,NA,NA,NA
St. Martin (French part),2011,NA,NA,NA
St. Martin (French part),2019,NA,NA,NA
St. Martin (French part),2007,NA,NA,NA
St. Martin (French part),2018,NA,NA,NA
St. Martin (French part),2008,NA,NA,NA
St. Martin (French part),2001,NA,NA,NA
St. Martin (French part),2000,NA,NA,NA
St. Martin (French part),2010,NA,NA,NA
St. Martin (French part),2004,NA,NA,NA
St. Martin (French part),2006,NA,NA,NA
St. Martin (French part),2015,NA,NA,NA
St. Martin (French part),2017,NA,NA,NA
St. Martin (French part),2009,NA,NA,NA
St. Martin (French part),2003,NA,NA,NA
St. Martin (French part),2013,NA,NA,NA
St. Martin (French part),2016,NA,NA,NA
St. Martin (French part),2014,NA,NA,NA
St. Martin (French part),2005,NA,NA,NA
St. Martin (French part),2002,NA,NA,NA
St. Vincent and the Grenadines,2017,2.13265876512331,306.588712,1432875084.02317
St. Vincent and the Grenadines,2013,2.10609585853886,307.152483,1303168575.11965
St. Vincent and the Grenadines,2006,2.04349035691529,308.116001,1294099154.1738
St. Vincent and the Grenadines,2005,2.050105762966,309.486081,1209473205.74181
St. Vincent and the Grenadines,2003,1.84071860522686,286.713654,1133466854.0966
St. Vincent and the Grenadines,2004,2.02738704177323,307.354118,1180105601.19092
St. Vincent and the Grenadines,2016,2.40838783348905,335.521497,1411030517.787
St. Vincent and the Grenadines,2009,2.6238164603059,371.305462,1324009705.46258
St. Vincent and the Grenadines,2002,1.73380343763773,275.865591,1062379467.39523
St. Vincent and the Grenadines,2019,2.24066943692577,317.174041,1488162161.49651
St. Vincent and the Grenadines,2012,2.22791743382401,323.152683,1271849482.90938
St. Vincent and the Grenadines,2015,2.31494524896227,326.941483,1354811720.54017
St. Vincent and the Grenadines,2008,2.07766779071032,311.346342,1342512121.67803
St. Vincent and the Grenadines,2011,2.06894013964656,308.083083,1257151966.1052
St. Vincent and the Grenadines,2018,2.39644380277543,333.973127,1478374241.41402
St. Vincent and the Grenadines,2001,1.64905271864908,266.658728,1008503907.12657
St. Vincent and the Grenadines,2000,1.36715489443209,234.630564,991175863.220137
St. Vincent and the Grenadines,2010,2.13708054305266,316.784882,1264820276.12256
St. Vincent and the Grenadines,2007,2.21973579730022,327.489322,1337101662.69777
St. Vincent and the Grenadines,2014,2.50205776713559,347.927383,1318099708.66341
Sudan,2002,0.279790026360958,79014.71927,147860682587.241
Sudan,2018,0.515971084018811,106861.0034,182662731984.259
Sudan,2019,0.511922936509227,107176.5381,178683879115.436
Sudan,2000,0.216388042134133,77778.20798,130969222600.924
Sudan,2001,0.232117537175311,73864.78273,139482694258.52
Sudan,2013,0.440480408496594,98743.85206,168878378191.795
Sudan,2017,0.530471761090042,105919.8738,187694696441.513
Sudan,2005,0.355307887181757,88417.05111,174564018799.666
Sudan,2006,0.425288089184019,88458.49057,185965513629.197
Sudan,2007,0.447880061413548,93341.10588,196631145821.417
Sudan,2011,0.463009125259474,96376.62411,199577392751.651
Sudan,2012,0.44955612934229,97894.22618,165639878987.62
Sudan,2003,0.281383038483447,80929.31193,157159357261.385
Sudan,2004,0.306185411467646,83857.11785,165238744613.212
Sudan,2016,0.546080394961862,106238.8833,186372835393.388
Sudan,2009,0.470141651330704,95545.72207,198543528913.545
Sudan,2010,0.486883005962104,93567.0219,206203818639.667
Sudan,2008,0.466535087012133,93597.10374,204195044063.221
Sudan,2014,0.450190246828352,99730.64924,176750440364.193
Sudan,2015,0.504548222221489,103118.5931,180126686429.935
Suriname,2001,3.11977578714551,2744.132265,6412944097.74508
Suriname,2009,2.67926820460493,2927.821497,9479075318.69831
Suriname,2010,3.19526443012013,3286.180597,9969032147.97268
Suriname,2000,3.09066008626341,2667.507982,6154456882.76866
Suriname,2007,2.67315217844249,2626.854198,8835664393.20051
Suriname,2004,2.72823421574234,2562.865515,7603500395.09884
Suriname,2002,2.25083019614014,2181.796348,6592506576.6355
Suriname,2006,2.92950693743379,2721.114799,8405993084.10906
Suriname,2003,2.44940251697169,2386.462732,7007834453.59334
Suriname,2008,2.72595320055887,2808.229398,9201761913.52346
Suriname,2011,3.53661893774473,3532.494146,10552157491.6206
Suriname,2005,3.26849017860602,2785.835899,7945657928.91171
Suriname,2015,4.73365480689865,4352.376443,10800972240.1633
Suriname,2016,5.08189999879612,4648.008337,10270019508.2888
Suriname,2014,4.59905701777483,4267.688094,11182415157.7752
Suriname,2018,3.61542154063819,3780.226024,10947122992.1426
Suriname,2019,4.42581305045302,4358.760518,11075072733.8069
Suriname,2017,4.16014391746191,4135.920431,10430970336.418
Suriname,2013,4.06032836419025,3870.207145,11153916562.81
Suriname,2012,4.3748107455327,4001.347796,10836047433.9666
Sweden,2004,5.95909437572406,68081.26882,398902591003.098
Sweden,2003,6.16223362899073,69556.38569,382321842642.945
Sweden,2019,3.40159396635064,46792.36081,543245028479.227
Sweden,2008,4.99187766286243,59447.76938,442206001645.583
Sweden,2005,5.54650873817718,64256.01605,410306431198.75
Sweden,2009,4.59865903318971,55495.49911,423015187266.165
Sweden,2001,5.90125180418977,67195.27646,365657106430.004
Sweden,2002,6.05310411544794,68557.21408,373690304416.503
Sweden,2011,4.70430712060359,57207.56826,462514779856.249
Sweden,2000,6.00505471697879,68330.26277,360432640290.285
Sweden,2006,5.36698124168204,62698.45871,429438090953.82
Sweden,2010,5.11674720514525,61014.40639,448193503870.461
Sweden,2017,3.79492404723228,50356.36951,522476835542.435
Sweden,2018,3.52974394445168,47719.34411,532665253199.002
Sweden,2012,4.41169765995117,54382.48139,459793784274.097
Sweden,2013,4.2069276640016,52592.53236,465255103186.95
Sweden,2014,4.02150965696553,51285.95807,477620645295.275
Sweden,2015,3.99217853401293,51265.79253,499062380984.548
Sweden,2016,3.89911000460038,50783.37711,509395932462.041
Sweden,2007,5.14361901913536,60690.57304,444207419292.345
Switzerland,2015,4.71974534905117,48392.16573,557087157176.96
Switzerland,2016,4.73723860185747,48900.51827,568611561634.219
Switzerland,2014,4.85956840988056,49167.61866,548073390452.537
Switzerland,2012,5.31666112490889,51951.56435,526062218175.594
Switzerland,2000,6.08397536277273,52787.05705,425238741441.482
Switzerland,2005,6.16511913557878,55215.00962,455325416196.41
Switzerland,2013,5.38130029300267,52977.68781,535490010955.144
Switzerland,2011,5.20604499419771,50649.0865,519930912954.323
Switzerland,2019,4.35860986463416,46475.84007,599617288817.874
Switzerland,2018,4.40214372735655,46682.73407,592847079950.251
Switzerland,2001,6.24558946833504,54393.75669,431939066561.202
Switzerland,2002,5.98143821760326,52761.11121,431622813371.825
Switzerland,2006,6.07692424866387,54932.86427,473873681890.407
Switzerland,2007,5.76619326650613,53006.82379,492432356174.795
Switzerland,2004,6.12803762031226,54495.82612,443140389406.832
Switzerland,2009,5.63914682538914,53186.47335,494629092470.91
Switzerland,2010,5.77742182049657,54762.18135,510671879276.728
Switzerland,2017,4.57876628047857,47920.92857,576360597477.87
Switzerland,2008,5.87923780756897,54631.74468,506259776133.314
Switzerland,2003,6.1097552650558304,53998.8257,431482974155.903
Syrian Arab Republic,2001,2.67390238181037,100080.0011,NA
Syrian Arab Republic,2006,3.09869658870578,106070.59,NA
Syrian Arab Republic,2007,3.07223516586119,108864.9765,NA
Syrian Arab Republic,2019,1.33545948848982,47606.12931,NA
Syrian Arab Republic,2008,3.03975601445446,109432.7372,NA
Syrian Arab Republic,2018,1.46394362975738,47033.21899,NA
Syrian Arab Republic,2003,2.5198911429648,101425.908,NA
Syrian Arab Republic,2000,2.72271535807664,100230.3761,NA
Syrian Arab Republic,2005,3.07908222306419,104048.2832,NA
Syrian Arab Republic,2002,2.57907514795047,102019.6105,NA
Syrian Arab Republic,2009,2.7807801451582,104961.4183,NA
Syrian Arab Republic,2004,2.56382891247498,94106.15328,NA
Syrian Arab Republic,2014,1.32540815590414,46286.62543,NA
Syrian Arab Republic,2017,1.35878908347847,45708.65357,NA
Syrian Arab Republic,2012,1.99239329303561,74801.71236,NA
Syrian Arab Republic,2011,2.53236444244891,99245.48167,NA
Syrian Arab Republic,2010,2.73488652275989,104400.8016,NA
Syrian Arab Republic,2015,1.31530673654782,44503.58762,NA
Syrian Arab Republic,2016,1.29080229475964,43527.15344,NA
Syrian Arab Republic,2013,1.42802640569067,52237.46435,NA
Tajikistan,2018,0.887070870578997,16021.22236,31082326212.0477
Tajikistan,2015,0.575406352580923,12418.62533,25230976943.311
Tajikistan,2013,0.392681964601966,10279.99391,22304099737.39
Tajikistan,2011,0.329384665205447,9063.632399,19318435668.7044
Tajikistan,2014,0.550493445625862,11819.94477,23798474573.7297
Tajikistan,2005,0.356638517450566,7439.920478,13061063053.9204
Tajikistan,2012,0.378966218565172,9857.954156,20767318240.1588
Tajikistan,2010,0.321040533975073,8792.343742,17987370168.3967
Tajikistan,2019,0.960233171179232,17416.13084,33382418351.7392
Tajikistan,2017,0.757120729592937,14623.35748,28886920271.4198
Tajikistan,2000,0.35086413226977,6617.470663,8234576035.18381
Tajikistan,2001,0.335483498496601,6635.253266,9023517275.10298
Tajikistan,2009,0.322035092003905,8699.999088,16889549598.8658
Tajikistan,2006,0.380663350344751,7930.139256,13975337887.0973
Tajikistan,2003,0.32598015853747,6823.689172,11097843710.6493
Tajikistan,2004,0.381847096484681,7371.928375,12240921495.3213
Tajikistan,2016,0.629971308782098,13231.9527,26971914352.3995
Tajikistan,2007,0.454594080928542,8645.111533,15065414258.8827
Tajikistan,2008,0.415182916481617,9021.62801,16255581724.9361
Tajikistan,2002,0.326183111412763,6670.936069,9998057480.02315
Tanzania,2006,0.147716885723632,57073.87628,68375709165.3949
Tanzania,2002,0.0980867580648493,51527.09696,52075152160.1362
Tanzania,2007,0.14158667253389,59541.57234,73003743109.7396
Tanzania,2000,0.0854928419765908,45589.43222,45842975034.749
Tanzania,2018,0.206899782120787,81072.95745,141484012289.165
Tanzania,2017,0.207213701977385,79828.43676,134162009400.539
Tanzania,2003,0.100967168782017,56073.57198,55550017616.9574
Tanzania,2004,0.132470895674732,56193.3884,59718387982.7962
Tanzania,2001,0.088333951865832,46988.77174,48626014162.8435
Tanzania,2011,0.172778667783982,69312.1093,92993179816.7342
Tanzania,2019,0.249877326981355,86307.75174,149690085001.89
Tanzania,2009,0.134869853866878,62265.66957,81220420541.8903
Tanzania,2005,0.143510928953089,59486.67382,64183125324.0154
Tanzania,2016,0.195708590682345,80421.45236,125651735505.658
Tanzania,2015,0.20489763178503,80273.02897,117577548620.927
Tanzania,2012,0.200641872348878,72663.24647,97178015708.6479
Tanzania,2010,0.15317710653214,65992.51273,86366971517.4208
Tanzania,2014,0.198919396160375,76899.20651,110754382277.782
Tanzania,2013,0.217202207763596,76460.78054,103768226028.946
Tanzania,2008,0.141657914028551,61633.86741,77155040266.1908
Thailand,2001,2.80874946339265,269362.4479,638811286780.735
Thailand,2002,2.96739713664571,281494.1642,678092023109.768
Thailand,2003,3.02075787568653,291807.1282,726841708472.143
Thailand,2000,2.67877754570038,257420.5913,617541615794.353
Thailand,2014,3.73604169400633,388973.4431,1085036935014.56
Thailand,2006,3.38804748676955,325300.8654,844893353918.06
Thailand,2007,3.47019249206688,339245.0976,890814589326.528
Thailand,2011,3.47778492539808,361290.8861,975672906627.678
Thailand,2012,3.7058564536533,383662.7283,1046338906857.69
Thailand,2004,3.2680460795938,309995.7177,772555270354.95
Thailand,2013,3.80405746007947,394292.9233,1074459218555.59
Thailand,2018,3.71842785188273,418543.855,1256760375191.65
Thailand,2008,3.47393164404612,343122.2668,906187366438.26
Thailand,2009,3.31570541826282,338798.1237,899929071266.833
Thailand,2005,3.37423596230768,320716.4928,804907091740.389
Thailand,2015,3.82467609758428,393386.9983,1119042505228.28
Thailand,2016,3.7944702310621,406605.3573,1157483380202.26
Thailand,2019,3.84904375698898,432151.273,1283335299685.86
Thailand,2010,3.52668193133932,361217.6687,967544256907.657
Thailand,2017,3.76789668093416,414733.0612,1205839343826.68
Timor-Leste,2006,0.186011156647536,5728.739746,2140381995.79109
Timor-Leste,2019,0.482334951008952,6064.569923,4786016731.06763
Timor-Leste,2007,0.187764503679753,6030.923325,2360036982.35024
Timor-Leste,2005,0.186420691768294,5372.561866,2232341179.34361
Timor-Leste,2018,0.404249333317484,6086.210039,3874884443.0769
Timor-Leste,2004,0.192919790822092,4397.69666,2167581421.3412
Timor-Leste,2000,0,656.976333,2033236598.56569
Timor-Leste,2013,0.313717387467662,6794.503819,3626326205.91723
Timor-Leste,2008,0.201423482085677,6409.899305,2628857991.8848
Timor-Leste,2009,0.220920847645325,6730.603484,2895537377.81418
Timor-Leste,2017,0.451885604893685,6368.614556,3901816989.7534
Timor-Leste,2001,0,1715.988539,2365623858.38608
Timor-Leste,2012,0.264047057334426,6910.640934,3517191791.94484
Timor-Leste,2003,0.180852705398928,3627.657853,2158945582.36408
Timor-Leste,2014,0.379632521121174,6771.222804,3788494066.9082
Timor-Leste,2002,0.185458187258902,2761.604646,2207110748.52069
Timor-Leste,2016,0.423743346600662,6535.020572,4024883799.4517202
Timor-Leste,2015,0.36257695015728,6708.725588,3893178464.89557
Timor-Leste,2011,0.226779373499518,6929.128449,3354223538.50401
Timor-Leste,2010,0.224256444272136,7041.484864,3165674468.89383
Togo,2001,0.228960634163235,4107.169425,8442615812.00688
Togo,2000,0.253392797773977,4387.95889,8373663819.42507
Togo,2002,0.254509197888948,4550.97426,8765682854.97992
Togo,2004,0.31952027755247,4887.497831,9263200056.45464
Togo,2013,0.246122099358183,6484.640542,12556671701.5894
Togo,2003,0.338277008249952,5163.559196,9354751769.23215
Togo,2008,0.25211804550017203,5240.54394,9322374067.08218
Togo,2016,0.300938972406183,7365.243704,14845731642.3475
Togo,2014,0.217949578116298,6230.39166,13300100571.5317
Togo,2007,0.248646680458507,4900.852916,8958458820.37638
Togo,2015,0.24428530157446,6973.128778,14063907851.4537
Togo,2012,0.322782996361148,6596.307325,11833375211.1376
Togo,2009,0.441454287671849,6731.327265,9838638843.48762
Togo,2010,0.400206638764854,6561.714289,10438722924.6315
Togo,2006,0.267200522961268,5199.043391,9064983287.42332
Togo,2019,0.296284380597868,7932.191681,17089003659.0897
Togo,2018,0.272149541444365,7569.133555,16287197015.9723
Togo,2011,0.372754817540399,7047.916407,11106613195.9474
Togo,2017,0.257067706466296,7198.497129,15491186678.2794
Togo,2005,0.306061509591801,5756.251166,8830951409.42805
Tonga,2007,1.12342692098501,256.002608,536659620.806567
Tonga,2005,1.10950176554675,251.858734,536005388.576294
Tonga,2010,1.09607666017899,255.66282,537206974.797517
Tonga,2006,1.27036444109615,270.111371,535208695.23624
Tonga,2019,1.53881335099237,310.508827,665853375.396797
Tonga,2015,1.03560053523303,253.507128,599019735.53156
Tonga,2016,1.17210780742997,269.366903,638381325.354874
Tonga,2014,1.06353047099207,255.828426,592081205.419877
Tonga,2009,1.28891958485776,276.033683,532924974.943627
Tonga,2004,1.11771202254465,251.4548,535571394.221836
Tonga,2013,1.07107172538729,256.207925,580365367.082624
Tonga,2008,1.19047619047619,264.710845,562151863.269146
Tonga,2000,1.00289465220315,234.611565,493130168.533515
Tonga,2012,1.01672527022753,249.674423,578558483.179758
Tonga,2003,1.18283689301791,256.950866,548801351.751816
Tonga,2017,1.26073139496277,279.510978,659591114.265762
Tonga,2018,1.27627199239182,281.787653,661182232.45686
Tonga,2002,0.979731031559477,234.546933,536420522.06499
Tonga,2001,0.917546749345994,226.940499,511617252.121511
Tonga,2011,0.998039233907314,245.860621,573835229.806581
Trinidad and Tobago,2013,15.3993568533708,33786.52166,42544117761.7589
Trinidad and Tobago,2007,14.7926759436507,30890.97909,37736491195.9601
Trinidad and Tobago,2012,15.0290447902896,32832.03494,40969337813.2846
Trinidad and Tobago,2011,15.663863889241,33334.67922,38429126532.2253
Trinidad and Tobago,2001,8.68062637133591,17525.32019,22468702277.6839
Trinidad and Tobago,2000,7.65986865365113,15788.3099,21569569596.2802
Trinidad and Tobago,2003,11.4121553132951,23302.19677,27754203546.3898
Trinidad and Tobago,2014,15.1752890578846,33773.07257,43957835140.9476
Trinidad and Tobago,2015,14.5945320327604,32832.58609,43625680082.3923
Trinidad and Tobago,2002,9.41681946916857,19301.71908,24251977947.9345
Trinidad and Tobago,2005,12.8407866625276,26565.82674,31820916849.4668
Trinidad and Tobago,2006,14.564836421024,30230.89042,36023842195.6479
Trinidad and Tobago,2019,11.3130322937192,28916.12791,38464920495.8177
Trinidad and Tobago,2008,14.3682200569643,30545.21996,39016413759.8176
Trinidad and Tobago,2009,13.5814460698078,29718.79474,37302918505.4171
Trinidad and Tobago,2010,15.2046095287798,32405.93841,38542578310.8424
Trinidad and Tobago,2018,11.8054055634678,29205.19888,38422504323.8036
Trinidad and Tobago,2016,12.4489393124758,29146.11712,40674647471.0488
Trinidad and Tobago,2017,12.3255875293435,29352.59245,38760092277.2199
Trinidad and Tobago,2004,11.8251036606689,24368.51265,29960677024.7123
Tunisia,2008,2.43069066830955,36773.95392,107590194054.393
Tunisia,2005,2.26586643645994,33573.07712,91906579462.1805
Tunisia,2009,2.40940148939627,37090.20445,110864647948.448
Tunisia,2007,2.39751918524781,36298.91028,103216120423.83
Tunisia,2019,2.57649522620126,42600.15085,133913700608.983
Tunisia,2011,2.42169337798191,38042.41588,111822175541.787
Tunisia,2006,2.33433153133698,34714.58355,96726252241.7849
Tunisia,2016,2.59444326113349,41625.79917,125637256161.771
Tunisia,2018,2.59976480429423,42463.58926,131820376153.99
Tunisia,2014,2.71031069526259,42427.86618,123058030691.874
Tunisia,2015,2.73646000671928,42882.92928,124248867079.794
Tunisia,2010,2.59948014986237,39561.75848,114158583812.554
Tunisia,2004,2.2366592257748,32858.75131,88810172356.1283
Tunisia,2003,2.15441781365493,31513.9135,83597224393.3679
Tunisia,2017,2.60278104885237,41921.08857,128448815276.222
Tunisia,2012,2.60472546895878,40624.05588,116537355627.751
Tunisia,2013,2.53107797998705,39888.61428,119369132917.318
Tunisia,2000,2.12959941843564,30633.83986,75918449092.979
Tunisia,2001,2.19817204850806,31521.70108,78800519662.1447
Tunisia,2002,2.19396366023248,31717.41989,79842701567.8257
Turkiye,2002,3.15368717199195,271454.735,979214387209.344
Turkiye,2001,3.03926489570371,261178.9429,919901683550.057
Turkiye,2018,5.00078952480992,503525.2445,2331742553286.64
Turkiye,2008,4.02695003413173,357394.6947,1403658930084.4
Turkiye,2015,4.43729766919889,433860.5305,2038516821336.51
Turkiye,2016,4.64578888358508,460806.4063,2106258451913.1
Turkiye,2017,5.09317926925561,503113.7066,2264269908091.15
Turkiye,2000,3.37520711496433,283075.6235,976023074296.955
Turkiye,2013,4.16694672570039,400372.7777,1831144168517.56
Turkiye,2014,4.37411896621922,425731.3098,1921597474636.28
Turkiye,2006,3.75112930667578,330635.1674,1325461495593.74
Turkiye,2003,3.27751399424116,282946.6069,1035648530177.5
Turkiye,2004,3.31343145965391,288963.7554,1137100001409.4
Turkiye,2019,4.77677115377788,491454.856,2350014325734.26
Turkiye,2009,3.9917569992008,360935.7454,1335958298911.15
Turkiye,2007,4.10064478259187,360254.5306,1392311251253.93
Turkiye,2011,4.29586953915055,393957.1712,1610779080942.57
Turkiye,2012,4.38109750253326,409510.1845,1687911119825.11
Turkiye,2005,3.42047849263329,301420.0799,1239351500966.41
Turkiye,2010,4.06875601173818,371145.2694,1448540898468.99
Turkmenistan,2002,8.81272228285019,128299.2207,21836644676.4873
Turkmenistan,2003,9.73950764322162,144490.4421,22550447154.1205
Turkmenistan,2009,10.1114137793462,135753.4659,40142797821.0059
Turkmenistan,2013,11.4730953338027,199582.1569,61558686953.4951
Turkmenistan,2010,11.2329986693166,151459.0477,43835935215.7434
Turkmenistan,2011,12.1393386187277,182457.5818,50279817660.8398
Turkmenistan,2008,11.6232814250278,178297.2827,37834870666.871
Turkmenistan,2004,10.242184724984,152501.9306,23678061390.8425
Turkmenistan,2014,10.9813404266741,197349.4807,67899231691.5735
Turkmenistan,2015,11.0601514177487,203460.494,72312681690.0883
Turkmenistan,2016,10.9191162876214,198238.0383,76796067930.5985
Turkmenistan,2005,10.3550613771612,157216.6617,26764268169.0701
Turkmenistan,2006,10.4796520165708,157435.4795,29701193836.2995
Turkmenistan,2007,11.638514165672,170854.4342,32985937808.9547
Turkmenistan,2012,12.2297836730551,190716.0511,55860877401.8627
Turkmenistan,2000,8.42774951566293,117807.8758,20873899290.7111
Turkmenistan,2001,8.44060551954286,119977.8833,21780629270.4636
Turkmenistan,2017,10.7016590590785,196842.4678,81787812382.0508
Turkmenistan,2018,10.4397215133356,199521.881,86858656701.7867
Turkmenistan,2019,10.2675361537537,216205.9786,92330752110.7119
Turks and Caicos Islands,2002,NA,NA,NA
Turks and Caicos Islands,2001,NA,NA,NA
Turks and Caicos Islands,2016,NA,NA,1030030870.06468
Turks and Caicos Islands,2008,NA,NA,NA
Turks and Caicos Islands,2013,NA,NA,793634320.255013
Turks and Caicos Islands,2014,NA,NA,862770159.665212
Turks and Caicos Islands,2015,NA,NA,960391172.185811
Turks and Caicos Islands,2000,NA,NA,NA
Turks and Caicos Islands,2011,NA,NA,792935224.728617
Turks and Caicos Islands,2012,NA,NA,785225520.65038
Turks and Caicos Islands,2006,NA,NA,NA
Turks and Caicos Islands,2003,NA,NA,NA
Turks and Caicos Islands,2004,NA,NA,NA
Turks and Caicos Islands,2017,NA,NA,1004380845.71015
Turks and Caicos Islands,2005,NA,NA,NA
Turks and Caicos Islands,2007,NA,NA,NA
Turks and Caicos Islands,2019,NA,NA,1117215662.76006
Turks and Caicos Islands,2010,NA,NA,NA
Turks and Caicos Islands,2009,NA,NA,NA
Turks and Caicos Islands,2018,NA,NA,1060736216.79613
Tuvalu,2009,1.0184473481937,23.456852,35980276.1617619
Tuvalu,2005,0.857546408393866,20.859521,32782029.3918275
Tuvalu,2003,0.879189077368639,20.68988,35180714.4692783
Tuvalu,2004,0.86814421407415,20.774701,34381152.7767947
Tuvalu,2012,0.902892942693938,23.033311,36779837.8542455
Tuvalu,2011,0.953271028037383,23.287923,37579399.5467291
Tuvalu,2008,0.924844236760125,22.208869,38378961.2392127
Tuvalu,2016,0.691116844821231,21.500998,44775454.7790815
Tuvalu,2010,0.909952606635071,22.515235,35180714.4692783
Tuvalu,2002,0.947028827141222,21.20506,36779837.8542455
Tuvalu,2015,0.707915785602648,21.429275,42376769.7016307
Tuvalu,2000,0.819672131147541,19.690619,33581591.0843111
Tuvalu,2017,0.711119320280754,21.98272,45871771.9323559
Tuvalu,2006,1.09670987038883,23.437704,33581591.0843111
Tuvalu,2007,1.30062075081289,25.755886,35980276.1617619
Tuvalu,2019,0.812340270171595,23.763466,52936474.6965762
Tuvalu,2001,1.0289990645463,21.77544,33581591.0843111
Tuvalu,2013,0.796849239787507,22.078699,38378961.2392127
Tuvalu,2014,0.779888063125057,22.039087,38378961.2392127
Tuvalu,2018,0.809940174873447,23.354443,46508128.4265694
Uganda,2001,0.0526544799617983,17385.64496,31368381336.9352
Uganda,2015,0.125731921963759,35408.10639,79034506631.0686
Uganda,2016,0.127652055126342,35498.4624,82813146623.4566
Uganda,2000,0.0540200810992287,17089.36095,29822484786.184
Uganda,2019,0.138373161893107,38185.42024,96636070871.0047
Uganda,2007,0.0968011803250538,23042.01641,49535750770.8902
Uganda,2017,0.128890498774082,36253.09841,85406362066.3514
Uganda,2018,0.14131143398732,37555.37683,90790314035.0401
Uganda,2011,0.112452831050028,31246.84003,66460476474.2973
Uganda,2012,0.11020533625378,32797.0134,69010867754.4785
Uganda,2013,0.104732807028038,32742.66756,71486222590.7661
Uganda,2014,0.113169831612196,33744.22193,75136528810.8443
Uganda,2005,0.072423867987033,21767.4806,41243900152.5124
Uganda,2002,0.0581794779348986,18124.99317,34107683508.3046
Uganda,2003,0.0594655928255172,19838.37918,36315562088.6365
Uganda,2004,0.0600307580275667,19797.34779,38787647140.3036
Uganda,2008,0.0974045703648217,29207.99866,53849696407.9886
Uganda,2006,0.0833934963221192,20348.71245,45691949358.9006
Uganda,2010,0.103024798180233,30981.82337,60754612566.0975
Uganda,2009,0.106877767208744,29536.54421,57512292851.0176
Ukraine,2005,6.27118411267417,358852.9821,533207489630.352
Ukraine,2011,6.19922694758856,345050.8317,591133120588.36
Ukraine,2004,6.47260433183048,371994.2211,517319418425.608
Ukraine,2009,5.46359176494747,309536.6611,538568283581.933
Ukraine,2010,5.86266090621906,329151.167,560606521263.664
Ukraine,2002,6.30550260183762,373106.9335,422527557686.333
Ukraine,2003,6.90667500973429,397941.2316,462737856920.766
Ukraine,2000,6.04713226846156,367477.6849,368667016570.905
Ukraine,2001,6.17628600315644,368496.6167,401109714042.683
Ukraine,2006,6.4971956570033,366287.2847,573578872211.32
Ukraine,2007,6.71137021788412,375470.7131,620703220159.772
Ukraine,2016,4.48076580847504,261515.8028,492283780388.951
Ukraine,2017,3.902160853166,235470.1646,503901541149.965
Ukraine,2013,5.94132317752821,333186.4969,592302519470.774
Ukraine,2014,5.25110191904936,298994.1535,532604970545.165
Ukraine,2008,6.5111779451634,364485.5126,634628644741.913
Ukraine,2012,6.07786549185186,337799.5732,592033504807.097
Ukraine,2015,4.23146670654202,249647.2432,480553554878.688
Ukraine,2019,3.93365253612705,236094.6283,538164207981.356
Ukraine,2018,4.15986834270536,246996.3706,521479452743.261
United Arab Emirates,2018,19.060949529489,234348.9903,653984158638.428
United Arab Emirates,2019,20.1533448325312,248670.7959,661232579860.838
United Arab Emirates,2017,21.1654979061116,251238.4239,645502807643.102
United Arab Emirates,2004,27.5477739305378,146808.3748,392713888875.211
United Arab Emirates,2016,22.2807027101609,260390.6675,640792542144.529
United Arab Emirates,2012,20.2756524576141,226415.7061,519458345815.054
United Arab Emirates,2013,21.1339160750868,238373.2846,545719872386.608
United Arab Emirates,2005,27.2025438957737,156119.516,411780702677.619
United Arab Emirates,2011,19.4317803481083,215072.184,495776937054.479
United Arab Emirates,2001,28.1386591040815,128615.323,321607257202.546
United Arab Emirates,2002,27.2855568291431,130406.6674,329433430905.558
United Arab Emirates,2003,27.2248726413375,138690.3398,358425354450.21
United Arab Emirates,2009,19.6455390731778,199977.5026,456338299936.495
United Arab Emirates,2006,24.8139704924766,163492.149,452288887165.519
United Arab Emirates,2007,22.4485000231583,174308.626,466691530045.03
United Arab Emirates,2008,22.3281490008492,200149.8201,481587559598.512
United Arab Emirates,2014,21.1227744472553,240979.5629,568452880583.418
United Arab Emirates,2010,19.1927959384897,207638.5913,463652718597.496
United Arab Emirates,2000,25.8688505871006,114700.9448,317169782258.252
United Arab Emirates,2015,21.9145018912965,253027.5119,607032486498.912
United Kingdom,2005,8.95540065872195,677964.168,2577838797876.52
United Kingdom,2011,7.04484324001669,551090.6869,2665970676055.82
United Kingdom,2004,9.0530899520495,684154.1462,2510841079841.68
United Kingdom,2009,7.49069428853077,581933.7885,2575229191247.78
United Kingdom,2010,7.68956749367277,594574.7842,2637809137809.11
United Kingdom,2002,8.94023273755295,680705.9907,2379013754097.49
United Kingdom,2003,9.10409319728109,689494.6329,2453311621951.73
United Kingdom,2000,9.01452772078978,690358.4413,2288252584451.44
United Kingdom,2001,9.22302462667546,698896.1741,2337619990488.74
United Kingdom,2006,8.90861346574891,674231.373,2633530564422.11
United Kingdom,2007,8.65103053672192,658848.8085,2701040079156.28
United Kingdom,2016,5.82450269116313,480170.1458,2972935520334.54
United Kingdom,2017,5.55329149720857,463736.3259,3045581294798.01
United Kingdom,2013,7.07610042765381,553319.1051,2753805880474.18
United Kingdom,2014,6.43334699951386,513738.0731,2841919479550.73
United Kingdom,2008,8.33782001535587,638236.3597,2696871177356.16
United Kingdom,2019,5.17584247261224,439332.0716,3147202702424.27
United Kingdom,2015,6.15937636059612,498506.3318,2909929545102.18
United Kingdom,2012,7.34426092596391,570949.2799,2704586108449.72
United Kingdom,2018,5.42512840439105,455529.9423,3097509096126.43
United States,2018,15.2225180998504,6154645.789,20051019065249.1
United States,2019,14.6733807134556,6039739.492,20511077482157.9
United States,2017,14.8232454359428,5947835.047,19477336548999.9
United States,2003,19.5065055322014,6670155.705,14939901364652.8
United States,2004,19.5976167070584,6752991.006,15515468923210.3
United States,2012,15.789760151839,6036576.77,17513423092584.5
United States,2013,16.1111752638496,6177416.993,17835998523381.8
United States,2014,16.0409167568247,6224268.726,18244046204930.4
United States,2011,16.604189616843,6254958.264,17122903162843
United States,2016,15.1498827249693,6003240.816,19050245063231.6
United States,2001,20.1715369311018,6759405.527,14291144275693.8
United States,2002,19.4455302807915,6605762.539,14533513925617.3
United States,2008,18.278491260823,6601049.857,16855070465225.2
United States,2005,19.4692725196123,6772890.756,16055906889526.1
United States,2006,18.9459168417477,6683781.075,16502712372523.3
United States,2007,19.0429117790575,6787855.005,16834500650997.2
United States,2009,16.8086814210194,6184149.347,16416857451632.6
United States,2010,17.4317369879177,6454244.95,16861566593687.8
United States,2015,15.5600154435853,6112057.281,18737797521903.6
United States,2000,20.4697967370289,6810655.857,14156047630699.6
Uruguay,2018,1.91001452564632,36239.20895,80152100396.5497
Uruguay,2012,2.52665795149583,38415.67806,71339432889.9567
Uruguay,2013,2.17604504936147,37423.4523,74647826647.9552
Uruguay,2016,1.91140810471485,37086.2774,78658307185.6021
Uruguay,2017,1.78358950382795,36326.40903,80027257873.3567
Uruguay,2004,1.64762458578533,34999.62879,45643521225.2335
Uruguay,2019,1.98538155745128,36560.93778,80748777996.0159
Uruguay,2006,1.9059489832591,37305.26135,51058882546.8966
Uruguay,2007,1.7588806997189,36267.40471,54398904886.0623
Uruguay,2008,2.323083720459,38840.32107,58302648996.6177
Uruguay,2009,2.29232727181387,38394.97792,60776718522.1013
Uruguay,2010,1.87427799672558,35997.26408,65519374840.644
Uruguay,2011,2.26255839045084,37547.54342,68901572126.828
Uruguay,2001,1.49845241005665,31896.25416,46734571442.6224
Uruguay,2014,1.91658248964667,36920.50083,77065513910.4592
Uruguay,2015,1.95637850746058,36807.52917,77351227565.9694
Uruguay,2000,1.65799775470928,32273.77492,48602931285.3094
Uruguay,2002,1.37023464202144,32208.80289,43121051006.5924
Uruguay,2005,1.63241315804941,35171.5828,49048588217.5334
Uruguay,2003,1.35523451438915,33092.49209,43468297894.7128
Uzbekistan,2006,4.80805262710825,187441.66,101969018354.146
Uzbekistan,2001,5.03497573549588,181020.0123,76198528994.1041
Uzbekistan,2002,5.13963164548698,187309.1577,79226268546.4276
Uzbekistan,2003,4.76796655148205,179661.6516,82579621282.2914
Uzbekistan,2000,5.02241342939668,178537.9121,73152574131.5698
Uzbekistan,2005,4.5549776435969,176522.0375,94897787112.1605
Uzbekistan,2018,3.42032279304893,184839.7261,234588233382.453
Uzbekistan,2007,4.56232693166592,182543.9143,111628548872.173
Uzbekistan,2004,4.82672481620454,183510.4851,88730977771.3369
Uzbekistan,2009,4.19673790127992,178756.0309,131506273681.564
Uzbekistan,2010,4.41981416127496,189868.2555,141497026172.214
Uzbekistan,2011,4.38433301294505,192741.5348,152144875337.848
Uzbekistan,2008,4.72054514555284,191729.5794,121707670291.027
Uzbekistan,2012,3.79990260121916,177314.0946,162950881257.219
Uzbekistan,2013,3.69856695058724,175953.9491,174840674385.925
Uzbekistan,2014,3.40963401034538,168051.3289,186858939872.07
Uzbekistan,2015,3.17449495030177,163078.0148,200347863521.372
Uzbekistan,2016,3.30740488383849,172067.6887,212232800909.881
Uzbekistan,2017,3.38725662733184,177384.47,221561015372.148
Uzbekistan,2019,3.50466269708326,190208.9017,248620273874.57
Vanuatu,2012,0.468301251782848,726.465724,760084547.7733
Vanuatu,2013,0.424613142896173,724.560302,763606706.714604
Vanuatu,2015,0.485823222567086,705.923058,790446617.143266
Vanuatu,2016,0.534217457929934,638.341636,827508733.221128
Vanuatu,2017,0.485806524967354,645.853414,879784986.981541
Vanuatu,2018,0.597044043350443,681.113593,905300777.507457
Vanuatu,2019,0.548284516629216,642.597571,934643274.552308
Vanuatu,2006,0.276328597766942,573.479785,643667925.92387
Vanuatu,2007,0.459830519608487,693.758905,662179122.164259
Vanuatu,2008,0.432139926138695,699.107626,699267720.640175
Vanuatu,2009,0.531939304682318,694.247147,720506603.880221
Vanuatu,2010,0.517818075150844,708.587067,729576825.214032
Vanuatu,2011,0.534035830541119,731.636445,752484099.531538
Vanuatu,2002,0.410142238713667,545.445892,519664097.031705
Vanuatu,2014,0.588677679520759,781.02248,787560035.75528
Vanuatu,2000,0.464924976831846,568.762678,567438343.122781
Vanuatu,2001,0.471492229767451,552.659735,548159157.338799
Vanuatu,2003,0.419766667631648,568.15835,541949034.99492
Vanuatu,2005,0.283046610792531,562.971264,593457299.21174
Vanuatu,2004,0.290459556919716,552.065707,563558671.807735
"Venezuela, RB",2006,5.44357091988619,406140.2103,NA
"Venezuela, RB",2001,5.45817089997216,396080.286,NA
"Venezuela, RB",2002,5.55635365761753,379322.48,NA
"Venezuela, RB",2003,5.26607894204137,362799.3742,NA
"Venezuela, RB",2000,5.38391022759422,389294.8503,NA
"Venezuela, RB",2005,5.5261010203502,407818.5093,NA
"Venezuela, RB",2018,4.36396145291438,310340.0983,NA
"Venezuela, RB",2007,5.17304625665806,401316.6245,NA
"Venezuela, RB",2004,5.32302926682947,387701.9182,NA
"Venezuela, RB",2009,5.38643327219689,406253.4845,NA
"Venezuela, RB",2010,5.71483455593382,409219.1125,NA
"Venezuela, RB",2011,5.5003686225388,406627.4297,NA
"Venezuela, RB",2008,5.40964428333197,417682.8076,NA
"Venezuela, RB",2012,6.1461208602821,441972.7896,NA
"Venezuela, RB",2013,6.04673480188247,444427.2276,NA
"Venezuela, RB",2014,5.93629544714916,439569.7724,NA
"Venezuela, RB",2015,5.34321708069607,415758.6735,NA
"Venezuela, RB",2016,4.89458472114406,387896.943,NA
"Venezuela, RB",2017,4.57368123535075,351794.2988,NA
"Venezuela, RB",2019,3.71059907013341,258588.894,NA
Vietnam,2012,1.74155084774441,263337.4291,620669906937.401
Vietnam,2013,1.82011205575892,276064.746,655138811738.54
Vietnam,2014,1.98057545667748,291458.4244,697213442167.643
Vietnam,2016,2.38415951269911,333617.9621,795831620448.521
Vietnam,2017,2.44464478063074,342192.0449,851063829337.698
Vietnam,2018,3.01471126646524,399800.796,914595669793.043
Vietnam,2019,3.56784836932601,454889.6818,981903335145.615
Vietnam,2005,1.11097272687199,188782.8465,407009377007.513
Vietnam,2006,1.13004962371265,193546.1331,435410307415.028
Vietnam,2007,1.24037972603117,206509.7008,466452904805.811
Vietnam,2008,1.37370198649277,217120.1443,492862401069.106
Vietnam,2009,1.52966615154763,239357.4617,519466608505.649
Vietnam,2010,1.73220165898548,257248.093,552833186228.631
Vietnam,2011,1.76542002111917,261809.3939,588287360787.326
Vietnam,2002,0.824577094197254,152726.3708,329212015340.99
Vietnam,2015,2.18581455940173,313934.3897,745928907792.47
Vietnam,2000,0.648189364148685,135695.62,291582800117.464
Vietnam,2001,0.710648706741106,140236.5357,309640211844.323
Vietnam,2004,1.03329525144851,179675.9799,378447041285.352
Vietnam,2003,0.870242185335343,160509.708,351924561301.793
Virgin Islands (U.S.),2007,NA,NA,NA
Virgin Islands (U.S.),2001,NA,NA,NA
Virgin Islands (U.S.),2002,NA,NA,NA
Virgin Islands (U.S.),2003,NA,NA,NA
Virgin Islands (U.S.),2000,NA,NA,NA
Virgin Islands (U.S.),2005,NA,NA,NA
Virgin Islands (U.S.),2006,NA,NA,NA
Virgin Islands (U.S.),2018,NA,NA,NA
Virgin Islands (U.S.),2004,NA,NA,NA
Virgin Islands (U.S.),2009,NA,NA,NA
Virgin Islands (U.S.),2010,NA,NA,NA
Virgin Islands (U.S.),2011,NA,NA,NA
Virgin Islands (U.S.),2008,NA,NA,NA
Virgin Islands (U.S.),2015,NA,NA,NA
Virgin Islands (U.S.),2012,NA,NA,NA
Virgin Islands (U.S.),2013,NA,NA,NA
Virgin Islands (U.S.),2014,NA,NA,NA
Virgin Islands (U.S.),2016,NA,NA,NA
Virgin Islands (U.S.),2017,NA,NA,NA
Virgin Islands (U.S.),2019,NA,NA,NA
West Bank and Gaza,2019,NA,NA,29261838253.3247
West Bank and Gaza,2013,NA,NA,24942347997.2934
West Bank and Gaza,2014,NA,NA,24902972347.8654
West Bank and Gaza,2016,NA,NA,28119389833.301
West Bank and Gaza,2017,NA,NA,28518507331.4937
West Bank and Gaza,2018,NA,NA,28868451483.4524
West Bank and Gaza,2005,NA,NA,16157141481.9561
West Bank and Gaza,2006,NA,NA,15996126502.3702
West Bank and Gaza,2007,NA,NA,16602104806.7129
West Bank and Gaza,2008,NA,NA,17835505431.0491
West Bank and Gaza,2009,NA,NA,19368197963.4789
West Bank and Gaza,2010,NA,NA,20487168883.6089
West Bank and Gaza,2011,NA,NA,22454102732.97
West Bank and Gaza,2012,NA,NA,23823007352.7557
West Bank and Gaza,2002,NA,NA,10443520864.3834
West Bank and Gaza,2015,NA,NA,25829686575.9526
West Bank and Gaza,2000,NA,NA,13159182133.0313
West Bank and Gaza,2001,NA,NA,11933978298.8154
West Bank and Gaza,2003,NA,NA,11907270701.6332
West Bank and Gaza,2004,NA,NA,14517968320.0872
"Yemen, Rep.",2013,1.03116654082667,48946.15557,NA
"Yemen, Rep.",2014,0.988347189221146,47636.41181,NA
"Yemen, Rep.",2015,0.475239900205302,27895.14175,NA
"Yemen, Rep.",2016,0.34280246342813,22624.69053,NA
"Yemen, Rep.",2017,0.322370466733983,23058.36661,NA
"Yemen, Rep.",2018,0.36861354015115,25020.13788,NA
"Yemen, Rep.",2019,0.354864476911382,25926.56546,NA
"Yemen, Rep.",2006,0.99782403024852,43963.31747,NA
"Yemen, Rep.",2007,1.02776586996873,44928.13034,NA
"Yemen, Rep.",2008,1.03802974186125,44827.13131,NA
"Yemen, Rep.",2009,1.10566601867389,47659.31828,NA
"Yemen, Rep.",2010,1.02780292197534,48104.19315,NA
"Yemen, Rep.",2011,0.900865572993149,44130.11609,NA
"Yemen, Rep.",2012,0.801288437486975,40548.46273,NA
"Yemen, Rep.",2003,0.926241328174103,39649.19609,NA
"Yemen, Rep.",2000,0.806846425139704,34697.45972,NA
"Yemen, Rep.",2001,0.839205792349835,35964.23018,NA
"Yemen, Rep.",2002,0.818574032103613,36037.42863,NA
"Yemen, Rep.",2004,0.946723370004909,40194.76164,NA
"Yemen, Rep.",2005,0.989912559506218,42517.6512,NA
Zambia,2007,0.159779740048297,27461.05758,32754266255.9164
Zambia,2001,0.180071279686624,23411.84704,21839213306.6671
Zambia,2002,0.182993547763319,25691.74375,22823291376.9763
Zambia,2003,0.192305332371653,28044.39397,24408363024.9918
Zambia,2004,0.188254600448336,28115.25888,26124855554.05
Zambia,2005,0.198281519809561,29370.2779,28015145342.9829
Zambia,2006,0.181889304883813,26942.28254,30229376829.1591
Zambia,2019,0.414336363523101,36609.65068,61985566659.9559
Zambia,2008,0.170069694419171,27880.72203,35300548789.7578
Zambia,2009,0.18660337629571,26839.27337,38555382377.3563
Zambia,2010,0.192639460049771,29281.10911,42525901758.0453
Zambia,2011,0.213846892998885,28979.05696,44892299080.9795
Zambia,2012,0.273339673256579,32642.49531,48303033348.0076
Zambia,2000,0.182709043733703,22880.14222,20736671783.489
Zambia,2013,0.278215075625981,33445.97255,50745829681.768
Zambia,2014,0.297754583504815,33504.6955,53129864884.5198
Zambia,2015,0.305054765965277,34395.35995,54681456235.742
Zambia,2016,0.316995214805364,34413.25661,56746599390.2726
Zambia,2017,0.393726369451731,34743.01806,58735190955.7239
Zambia,2018,0.440527424110472,35737.70702,61104858650.0311
Zimbabwe,2000,1.14738248854468,31040.07674,32552474434.4863
Zimbabwe,2001,1.13721979840782,31341.4444,33021104868.1483
Zimbabwe,2002,1.02576263425096,28719.80837,30084199997.8215
Zimbabwe,2003,0.836654844702988,26373.25514,24971367726.9724
Zimbabwe,2004,0.795361783410264,26414.0271,23521146051.4304
Zimbabwe,2005,0.855305624579899,27102.74707,22177833711.7042
Zimbabwe,2006,0.794112804925027,26107.43159,21410149065.0123
Zimbabwe,2007,0.783442169064094,26562.24952,20627966343.7306
Zimbabwe,2008,0.614453130260064,24717.64754,16983222041.4647
Zimbabwe,2009,0.597225037283682,25467.09596,19024530600.3991
Zimbabwe,2010,0.741290479401852,28228.84889,23105684494.2549
Zimbabwe,2011,0.871932094687575,30638.58212,26483783455.0472
Zimbabwe,2012,0.901213848338952,30655.64175,30653622606.2672
Zimbabwe,2013,0.901248223773483,30631.32079,31633536428.0639
Zimbabwe,2014,0.866838489398591,28858.31442,32103149759.0648
Zimbabwe,2015,0.846962441443576,30251.83135,32752805147.8571
Zimbabwe,2016,0.723061926681678,27928.76268,33047893313.2792
Zimbabwe,2017,0.663069149889218,27709.32361,34396334574.9521
Zimbabwe,2018,0.73543480467685,29374.28664,36119545115.4961
Zimbabwe,2019,0.663338328142275,28697.16047,33832294278.593
Taiwan,2000,NA,NA,NA
Taiwan,2001,NA,NA,NA
Taiwan,2002,NA,NA,NA
Taiwan,2003,NA,NA,NA
Taiwan,2004,NA,NA,NA
Taiwan,2005,NA,NA,NA
Taiwan,2006,NA,NA,NA
Taiwan,2007,NA,NA,NA
Taiwan,2008,NA,NA,NA
Taiwan,2009,NA,NA,NA
Taiwan,2010,NA,NA,NA
Taiwan,2011,NA,NA,NA
Taiwan,2012,NA,NA,NA
Taiwan,2013,NA,NA,NA
Taiwan,2014,NA,NA,NA
Taiwan,2015,NA,NA,NA
Taiwan,2016,NA,NA,NA
Taiwan,2017,NA,NA,NA
Taiwan,2018,NA,NA,NA
Taiwan,2019,NA,NA,NA
Turkey,2000,NA,NA,NA
Turkey,2001,NA,NA,NA
Turkey,2002,NA,NA,NA
Turkey,2003,NA,NA,NA
Turkey,2004,NA,NA,NA
Turkey,2005,NA,NA,NA
Turkey,2006,NA,NA,NA
Turkey,2007,NA,NA,NA
Turkey,2008,NA,NA,NA
Turkey,2009,NA,NA,NA
Turkey,2010,NA,NA,NA
Turkey,2011,NA,NA,NA
Turkey,2012,NA,NA,NA
Turkey,2013,NA,NA,NA
Turkey,2014,NA,NA,NA
Turkey,2015,NA,NA,NA
Turkey,2016,NA,NA,NA
Turkey,2017,NA,NA,NA
Turkey,2018,NA,NA,NA
Turkey,2019,NA,NA,NA
Palestine/West Bank,2000,NA,NA,NA
Palestine/West Bank,2001,NA,NA,NA
Palestine/West Bank,2002,NA,NA,NA
Palestine/West Bank,2003,NA,NA,NA
Palestine/West Bank,2004,NA,NA,NA
Palestine/West Bank,2005,NA,NA,NA
Palestine/West Bank,2006,NA,NA,NA
Palestine/West Bank,2007,NA,NA,NA
Palestine/West Bank,2008,NA,NA,NA
Palestine/West Bank,2009,NA,NA,NA
Palestine/West Bank,2010,NA,NA,NA
Palestine/West Bank,2011,NA,NA,NA
Palestine/West Bank,2012,NA,NA,NA
Palestine/West Bank,2013,NA,NA,NA
Palestine/West Bank,2014,NA,NA,NA
Palestine/West Bank,2015,NA,NA,NA
Palestine/West Bank,2016,NA,NA,NA
Palestine/West Bank,2017,NA,NA,NA
Palestine/West Bank,2018,NA,NA,NA
Palestine/West Bank,2019,NA,NA,NA
Palestine/Gaza,2007,NA,NA,NA
Palestine/Gaza,2008,NA,NA,NA
Palestine/Gaza,2009,NA,NA,NA
Palestine/Gaza,2010,NA,NA,NA
Palestine/Gaza,2011,NA,NA,NA
Palestine/Gaza,2012,NA,NA,NA
Palestine/Gaza,2013,NA,NA,NA
Palestine/Gaza,2014,NA,NA,NA
Palestine/Gaza,2015,NA,NA,NA
Palestine/Gaza,2016,NA,NA,NA
Palestine/Gaza,2017,NA,NA,NA
Palestine/Gaza,2018,NA,NA,NA
Palestine/Gaza,2019,NA,NA,NA
Czech Republic,2000,NA,NA,NA
Czech Republic,2001,NA,NA,NA
Czech Republic,2002,NA,NA,NA
Czech Republic,2003,NA,NA,NA
Czech Republic,2004,NA,NA,NA
Czech Republic,2005,NA,NA,NA
Czech Republic,2006,NA,NA,NA
Czech Republic,2007,NA,NA,NA
Czech Republic,2008,NA,NA,NA
Czech Republic,2009,NA,NA,NA
Czech Republic,2010,NA,NA,NA
Czech Republic,2011,NA,NA,NA
Czech Republic,2012,NA,NA,NA
Czech Republic,2013,NA,NA,NA
Czech Republic,2014,NA,NA,NA
Czech Republic,2015,NA,NA,NA
Czech Republic,2016,NA,NA,NA
Czech Republic,2017,NA,NA,NA
Czech Republic,2018,NA,NA,NA
Czech Republic,2019,NA,NA,NA
Zanzibar,2000,NA,NA,NA
Zanzibar,2001,NA,NA,NA
Zanzibar,2002,NA,NA,NA
Zanzibar,2003,NA,NA,NA
Zanzibar,2004,NA,NA,NA
Zanzibar,2005,NA,NA,NA
Zanzibar,2006,NA,NA,NA
Zanzibar,2007,NA,NA,NA
Zanzibar,2008,NA,NA,NA
Zanzibar,2009,NA,NA,NA
Zanzibar,2010,NA,NA,NA
Zanzibar,2011,NA,NA,NA
Zanzibar,2012,NA,NA,NA
Zanzibar,2013,NA,NA,NA
Zanzibar,2014,NA,NA,NA
Zanzibar,2015,NA,NA,NA
Zanzibar,2016,NA,NA,NA
Zanzibar,2017,NA,NA,NA
Zanzibar,2018,NA,NA,NA
Zanzibar,2019,NA,NA,NA
